asa_code,regex,explanation
105052,"105052: HA:cipher in use (?<italic_text>.+) strong encryption is (?<status>\S+), please reboot to use strong cipher and preferably change the key in use$","When the failover key is configured prior to a license update, the weaker cipher is not switched to a stronger cipher automatically. This syslog is generated, every 30 seconds to alert that a weaker cipher is still being used when a stronger cipher is available. Example % ASA -3-105052 HA cipher in use DES strong encryption is AVAILABLE, please reboot to use strong cipher and preferably change the key in use."
105502,"105502: \(Primary\|Secondary\) Restarting Cloud HA on this unit, reason: (?<string>\S+)$",An error occurred and caused this HA unit to restart Cloud HA. Possible values for the reason string are:
105506,"105506: \(Primary\|Secondary\) Unable to create socket for port (?<port>\S+) for (?<ph_1_____ph_2>\S+), error: (?<error_string>.+?)$",An internal error occurred while attempting to create a socket needed for the failover connection or resonding to Azure load balancer probes.
105507,"105507: \(Primary\|Secondary\) Unable to bind socket for port (?<port>\S+) for (?<ph_1_____ph_2>\S+), error: (?<error_string>.+?)$",An internal error occurred while attempting to start a socket needed for the failover connection or resonding to Azure load balancer probes.
105509,"105509: \(Primary\|Secondary\) Error sending (?<message_name>\S+) message to peer unit (?<ip>(?:\[[^\]]+\]|(?:(?:25[0-5]|2[0-4]\d|1\d\d|[1-9]?\d)\.){3}(?:25[0-5]|2[0-4]\d|1\d\d|[1-9]?\d)|[0-9a-fA-F:.]+)), error: (?<error_string>.+?)$",An error occurred while attempting to send a failover control message to the peer unit.
105510,"105510: \(Primary\|Secondary\) Error receiving message from peer unit (?<ip>(?:\[[^\]]+\]|(?:(?:25[0-5]|2[0-4]\d|1\d\d|[1-9]?\d)\.){3}(?:25[0-5]|2[0-4]\d|1\d\d|[1-9]?\d)|[0-9a-fA-F:.]+)), error: (?<error_string>.+?)$",An error occurred while attempting to receive a failover control message to the peer unit.
105512,"105512: \(Primary\|Secondary\) Error receiving message body of message from peer unit (?<ip>(?:\[[^\]]+\]|(?:(?:25[0-5]|2[0-4]\d|1\d\d|[1-9]?\d)\.){3}(?:25[0-5]|2[0-4]\d|1\d\d|[1-9]?\d)|[0-9a-fA-F:.]+)), error: (?<error_string>.+?)$",An error occurred while attempting to receive a failover control message to the peer unit.
105514,"105514: \(Primary\|Secondary\) Error occurred when responding to (?<message_name>\S+) message received from peer unit (?<ip>(?:\[[^\]]+\]|(?:(?:25[0-5]|2[0-4]\d|1\d\d|[1-9]?\d)\.){3}(?:25[0-5]|2[0-4]\d|1\d\d|[1-9]?\d)|[0-9a-fA-F:.]+)), error: (?<error_string>.+?)$",An error occurred while attempting to receive a failover control message to the peer unit.
105515,"105515: \(Primary\|Secondary\) Error receiving (?<message_name>\S+) message from peer unit (?<ip>(?:\[[^\]]+\]|(?:(?:25[0-5]|2[0-4]\d|1\d\d|[1-9]?\d)\.){3}(?:25[0-5]|2[0-4]\d|1\d\d|[1-9]?\d)|[0-9a-fA-F:.]+)), error: (?<error_string>.+?)$",An error occurred while attempting to receive a failover control message to the peer unit.
105517,"105517: \(Primary\|Secondary\) Error receiving message body of (?<message_name>\S+) message from peer unit (?<ip>(?:\[[^\]]+\]|(?:(?:25[0-5]|2[0-4]\d|1\d\d|[1-9]?\d)\.){3}(?:25[0-5]|2[0-4]\d|1\d\d|[1-9]?\d)|[0-9a-fA-F:.]+)), error: (?<error_string>.+?)$",An error occurred while attempting to receive a failover control message to the peer unit.
105519,"105519: \(Primary\|Secondary\) Invalid response to (?<message_name>\S+) message received from peer unit (?<ip>(?:\[[^\]]+\]|(?:(?:25[0-5]|2[0-4]\d|1\d\d|[1-9]?\d)\.){3}(?:25[0-5]|2[0-4]\d|1\d\d|[1-9]?\d)|[0-9a-fA-F:.]+)): type (?<message_type>\S+), version (?<message_version>\S+), length (?<message_length>\S+)$",An unexpected message was received in response to a failover control message.
105541,"105541: \(Primary\|Secondary\) Failed to update route\-table (?<route_table_name>\S+), provisioning state: (?<state_string>.+)$",A response to an Azure route-table state request was received that contained a provisioningState that indicated a failure to update the route-table.
105545,"105545: \(Primary\|Secondary\) Error starting load balancer probe socket for port (?<port>\S+), error code: (?<error_code>\S+)$",An internal error occurred while attempting to start receiving probes from an Azure Load Balancer. The Active unit will continue to attempt to enable the receiving of probes.
106012,"106012:\s*(?<action>\S+)\s+IP\s+from\s+(?:(?<src_ip>(?:[\d+.]+,[0-9A-Za-f]*:[0-9A-Za-f]*:[0-9A-Za-f:]*)),(?<src_host>\S+))\s+to\s+(?:(?<dest_ip>(?:[\d+.]+,[0-9A-Za-f]*:[0-9A-Za-f]*:[0-9A-Za-f:]*)),(?<dest_host>\S+))\s*,\s*IP\s+options\s*\:?\s+(?:hex\.?,['""](?<ip_options>[^""]+)['""])","An IP packet was seen with IP options. Because IP options are considered a security risk, the packet was discarded."
106014,"106014: (?<action>\w+) (?<direction>\S+) (?<transport>\S+) src (?<src_interface>[^:]+):(?<src_ip>[0-9.]+)(?:\((?<src_host>[^)]+)\))? (?<data>.*)?dst (?<dest_interface>[^:]+):(?<dest_ip>[0-9.]+)(?:\((?<dest_host>[^)]+)\))?(?:\s*\(type\s+(?<icmp_type>\d+),\s+code\s+(?<icmp_code>\d+)\))?","The Secure Firewall ASA denied any inbound ICMP packet access. By default, all ICMP packets are denied access unless specifically allowed."
106020,"106020: Deny IP teardrop fragment \(size = (?<size>\d+), offset = (?<offset>\d+)\) from (?<src_ip>[0-9.]+) to (?<dest_ip>[0-9.]+)",The Secure Firewall ASA discarded an IP packet with a teardrop signature containing either a small offset or fragment overlapping. This is a hostile event that circumvents the Secure Firewall ASA or an Intrusion Detection System.
106023,"106023:\s*(?<action>\S+)\s+(?<transport>\S+)(?:\s+(?<protocol_id>\d+))?\s+src\s+(?<src_interface>[^:\s]+):(?<src_ip>\S+)\s+dst\s+(?<dest_interface>[^:\s]+):(?<dest_ip>\S+)(?:\s*\(type\s+(?<icmp_type>\d+),\s+code\s+(?<icmp_code>\d+)\))?\s+by\s+access-group\s+""(?<access_group>[^""]+)""\s+\[(?<hash_codes>[^\]]+)\]","A real IP packet was denied by the ACL. This message appears even if you do not have the log option enabled for an ACL. The IP address is the real IP address instead of the values that display through NAT. Both user identity information and FQDN information is provided for the IP addresses if a matched one is found. The Secure Firewall ASA logs either identity information (domain\user) or FQDN (if the username is not available). If the identity information or FQDN is available, the Secure Firewall ASA logs this information for both the source and destination."
106027,"106027:\s*(?<action>\S+)\s+(?<transport>\S+)\s+src\s+(?<src_interface>[^:\s]+):(?<src_mac>\S+)\s+dst\s+(?<dest_interface>[^:\s]+):(?<dest_mac>\S+)\s+by\s+access-group\s+""(?<access_group>[^""]+)""",An non IP packet was denied by the ACL. This message is displayed even if you do not have the log option enabled for an extended ACL.
106100,"10610[023]:\s*access-list\s+(?<rule_id>\S+)\s*(?<action>\S+)?\s+(?<transport>\S+)\s+(for\s+user\s+['""]?(?<user>[^\s'""]+)['""]?\s+)?(?<src_interface>[^\/\s]+)\s*\/\s*(?:(?<src_ip>(?:[\d+.]+|[0-9A-Za-f]*:[0-9A-Za-f]*:[0-9A-Za-f:]*))|(?<src_host>[^\(\s]+))\s*\(?\s*(?<src_port>\d{1,5})\s*\)?\s*(?:\(\s*(?:(?<src_nt_domain>[\S^\\]+)\\)?(?<src_user>[\w\-_]+)\s*,\s*(?<src_sg_info>[^\)\s]+)\s*\))?\s*(?:\-\>)?\s*(?<dest_interface>[^\/\s]+)\s*\/\s*(?:(?<dest_ip>(?:[\d+.]+|[0-9A-Za-f]*:[0-9A-Za-f]*:[0-9A-Za-f:]*))|(?<dest_host>[^\(\s]+))\s*\(?\s*(?<dest_port>\d{1,5})\s*\)?(?:\s*\(\s*(?:(?<dest_nt_domain>[\S^\\]+)\\)?(?<dest_user>[\w\-_]+)\s*,\s*(?<dest_sg_info>[^\)\s]+)\s*\))?\s+hit-cnt\s+(?<hit_cnt>\d+)\s*\(?\s*(?:first\s+hit|(?<hit_cnt_interval>\d+)\s*-second\s+interval)\s*\)?\s+(?<hash_codes>[^\]]+])","The initial occurrence or the total number of occurrences during an interval are listed. This message provides more information than message 106023, which only logs denied packets, and does not include the hit count or a configurable level. When an access-list line has the log argument, it is expected that this message ID might be triggered because of a nonsynchronized packet reaching the Secure Firewall ASA and being evaluated by the access list. For example, if an ACK packet is received on the Secure Firewall ASA (for which no TCP connection exists in the connection table), the Secure Firewall ASA might generate message 106100, indicating that the packet was permitted; however, the packet is later correctly dropped because of no matching connection. The following list describes the message values:"
106102,"10610[023]:\s*access-list\s+(?<rule_id>\S+)\s*(?<action>\S+)?\s+(?<transport>\S+)\s+(for\s+user\s+['""]?(?<user>[^\s'""]+)['""]?\s+)?(?<src_interface>[^\/\s]+)\s*\/\s*(?:(?<src_ip>(?:[\d+.]+|[0-9A-Za-f]*:[0-9A-Za-f]*:[0-9A-Za-f:]*))|(?<src_host>[^\(\s]+))\s*\(?\s*(?<src_port>\d{1,5})\s*\)?\s*(?:\(\s*(?:(?<src_nt_domain>[\S^\\]+)\\)?(?<src_user>[\w\-_]+)\s*,\s*(?<src_sg_info>[^\)\s]+)\s*\))?\s*(?:\-\>)?\s*(?<dest_interface>[^\/\s]+)\s*\/\s*(?:(?<dest_ip>(?:[\d+.]+|[0-9A-Za-f]*:[0-9A-Za-f]*:[0-9A-Za-f:]*))|(?<dest_host>[^\(\s]+))\s*\(?\s*(?<dest_port>\d{1,5})\s*\)?(?:\s*\(\s*(?:(?<dest_nt_domain>[\S^\\]+)\\)?(?<dest_user>[\w\-_]+)\s*,\s*(?<dest_sg_info>[^\)\s]+)\s*\))?\s+hit-cnt\s+(?<hit_cnt>\d+)\s*\(?\s*(?:first\s+hit|(?<hit_cnt_interval>\d+)\s*-second\s+interval)\s*\)?\s+(?<hash_codes>[^\]]+])",A packet was either permitted or denied by an access-list that was applied through a VPN filter. This message is the VPN/AAA filter equivalent of message 106100.
106103,"10610[023]:\s*access-list\s+(?<rule_id>\S+)\s*(?<action>\S+)?\s+(?<transport>\S+)\s+(for\s+user\s+['""]?(?<user>[^\s'""]+)['""]?\s+)?(?<src_interface>[^\/\s]+)\s*\/\s*(?:(?<src_ip>(?:[\d+.]+|[0-9A-Za-f]*:[0-9A-Za-f]*:[0-9A-Za-f:]*))|(?<src_host>[^\(\s]+))\s*\(?\s*(?<src_port>\d{1,5})\s*\)?\s*(?:\(\s*(?:(?<src_nt_domain>[\S^\\]+)\\)?(?<src_user>[\w\-_]+)\s*,\s*(?<src_sg_info>[^\)\s]+)\s*\))?\s*(?:\-\>)?\s*(?<dest_interface>[^\/\s]+)\s*\/\s*(?:(?<dest_ip>(?:[\d+.]+|[0-9A-Za-f]*:[0-9A-Za-f]*:[0-9A-Za-f:]*))|(?<dest_host>[^\(\s]+))\s*\(?\s*(?<dest_port>\d{1,5})\s*\)?(?:\s*\(\s*(?:(?<dest_nt_domain>[\S^\\]+)\\)?(?<dest_user>[\w\-_]+)\s*,\s*(?<dest_sg_info>[^\)\s]+)\s*\))?\s+hit-cnt\s+(?<hit_cnt>\d+)\s*\(?\s*(?:first\s+hit|(?<hit_cnt_interval>\d+)\s*-second\s+interval)\s*\)?\s+(?<hash_codes>[^\]]+])",A packet was denied by an access-list that was applied through a VPN filter. This message is the VPN/AAA filter equivalent of message106023.
107001,"107001: RIP auth failed from (?<ip>(?:\[[^\]]+\]|(?:(?:25[0-5]|2[0-4]\d|1\d\d|[1-9]?\d)\.){3}(?:25[0-5]|2[0-4]\d|1\d\d|[1-9]?\d)|[0-9a-fA-F:.]+)): version=(?<number>\S+), type=(?<string>\S+), mode=(?<string_2>\S+), sequence=(?<number_2>\S+) on (?<interface>\S+) (?<interface_name>\S+)$",The Secure Firewall ASA received a RIP reply message with bad authentication. This message might be caused by a misconfiguration on the router or the Secure Firewall ASA or by an unsuccessful attempt to attack the routing table of the Secure Firewall ASA.
108006,"108006: Detected ESMTP size violation from (?<src_interface>\S+):(?<src_ip>(?:\[[^\]]+\]|(?:(?:25[0-5]|2[0-4]\d|1\d\d|[1-9]?\d)\.){3}(?:25[0-5]|2[0-4]\d|1\d\d|[1-9]?\d)|[0-9a-fA-F:.]+))/(?<src_port>\d+) to (?<dst_interface>\S+):(?<dst_ip>(?:\[[^\]]+\]|(?:(?:25[0-5]|2[0-4]\d|1\d\d|[1-9]?\d)\.){3}(?:25[0-5]|2[0-4]\d|1\d\d|[1-9]?\d)|[0-9a-fA-F:.]+))/(?<dst_port>\d+); declared size is: (?<decl_size>\S+), actual size is (?<act_size>\S+)$",This event is generated when an ESMTP message size exceeds the size declared in the RCPT command.
109011,"109011: Authen Session Start: (?<user_2>\S+) '(?<user>\S+)', sid (?<number>\S+)$",An authentication session started between the host and the Secure Firewall ASA and has not yet completed.
109012,"109012: Authen Session End: (?<user_2>\S+) '(?<user>\S+)', sid (?<number>\S+), elapsed (?<number_2>\S+) seconds$",The authentication cache has timed out. Users must reauthenticate on their next connection. You can change the duration of this timer with the timeout uauth command.
109027,"109027: \[ (?<aaa_protocol>\S+) \] Unable to decipher response message Server = (?<dst_ip>(?:\[[^\]]+\]|(?:(?:25[0-5]|2[0-4]\d|1\d\d|[1-9]?\d)\.){3}(?:25[0-5]|2[0-4]\d|1\d\d|[1-9]?\d)|[0-9a-fA-F:.]+)), User = (?<user>\S+)$",The response from the AAA server cannot be validated. The configured server key is probably incorrect. This message may be displayed during transactions with RADIUS or TACACS+ servers. The server_IP_address is the IP address of the relevant AAA server. The user is the user name associated with the connection.
109032,"109032: Unable to install ACL '(?<access_list>\S+)', downloaded for (?<user_2>\S+) (?<user>\S+); Error in ACE: '(?<ace>\S+)'$","The Secure Firewall ASA received an access control list from a RADIUS server to apply to a user connection, but an entry in the list contains a syntax error. Th euse of a list containing an error could result in the violation of a security policy, so the Secure Firewall ASA failed to authenticate the user."
109038,"109038: Attribute (?<internal_attribute_name>\S+) value ""(?<string_from_server>.+?)"" from AAA server could not be parsed as a (?<type>\S+)$",The AAA subsystem tried to parse an attribute from the AAA server into an internal representation and failed.
109100,"109100: Received (?<coa>\S+) update from (?<coa_source_ip>\S+) for (?<user_2>\S+) ""(?<user>\S+)"", with session ID (?<audit_session_id>\S+), changing authorization attributes\.$","The Secure Firewall ASA has successfully processed the CoA policy update request from coa-source-ip for user username with session id audit-session-id . This syslog message is generated after a change of authorization policy update has been received by the Secure Firewall ASA, validated and applied. In a non-error case, this is the only syslog message that is generated when a change of authorization is received and processed."
109101,"109101: Received (?<coa>\S+) disconnect request from (?<coa_source_ip>\S+) for (?<user_2>\S+) ""(?<user>\S+)"", with session ID: (?<audit_session_id>\S+)\.$",The Secure Firewall ASA has received a correctly formatted Disconnect-Request for an active VPN session and has successfully terminated the connection.
109102,"109102: Received (?<coa>\S+) (?<action_type>\S+) from (?<coa_source_ip>\S+), but cannot find named session (?<audit_session_id>\S+)\.$","The Secure Firewall ASA has received a valid change of authorization request, but the session ID specified in the request does not match any active sessions on the Secure Firewall ASA. This could be the result of the change of authorization server attempting to issue a change of authorization on a session that has already been closed by the user."
109103,"109103: (?<coa>\S+) (?<action_type>\S+) from (?<coa_source_ip>\S+) failed for (?<user_2>\S+) ""(?<user>\S+)"", with session ID: (?<audit_session_id>\S+)\.$","The Secure Firewall ASA has received a correctly formatted change of authorization request, but was unable to process it successfully."
109104,"109104: (?<coa>\S+) \(Action type: (?<action_type>\S+)\) from (?<coa_source_ip>\S+) failed for (?<user_2>\S+) ""(?<user>\S+)"", with session ID: (?<audit_session_id>\S+)\. Action not supported\.$","The Secure Firewall ASA has received a correctly formatted change of authorization request, but did not process it because the indicated action is not supported by the Secure Firewall ASA."
109201,"109201: UAUTH: Session=(?<session>\S+), User=(?<user>\S+), Assigned IP=(?<ip_address>\S+), Succeeded adding entry\.$","When a VPN user is sucessfully added, this message is generated."
109202,"109202: UAUTH: Session=(?<session>\S+), User=(?<user>\S+), Assigned IP=(?<ip_address>\S+), Succeeded incrementing entry use$",The VPN user account already exists and successfully incremented the reference count.
109203,"109203: UAUTH: Session=(?<session>\S+), User=(?<user>\S+), Assigned IP=(?<ip_address>\S+), Failed adding entry\.$",This message is generated when the device failed to apply ACL rules for newly created user entry.
109204,"109204: UAUTH: Session=(?<session>\S+), User=(?<user>\S+), Assigned IP=(?<ip_address>\S+), Succeeded applying filter\.$",This message is generated when the device failed to apply ACL rules for newly created user entry.
109205,"109205: UAUTH: Session=(?<session>\S+), User=(?<user>\S+), Assigned IP=(?<ip_address>\S+), Failed applying filter\.$",This message is generated when the user entry already exists and failed to apply new rules to session on interface.
109206,"109206: UAUTH: Session=(?<session>\S+), User=(?<user>\S+), Assigned IP=(?<ip_address>\S+), Removing stale entry added (?<hours>\S+) ago\.$",This message is generated when the device failed to add user entry due to collision and has removed stale entry.
109207,"109207: UAUTH: Session=(?<session>\S+), User=(?<user>\S+), Assigned IP=(?<ip_address>\S+), Succeeded updating entry\.$",This message is generated when the device has successfully applied rules for user on interface.
109208,"109208: UAUTH: Session=(?<session>\S+), User=(?<user>\S+), Assigned IP=(?<ip_address>\S+), Failed updating entry \- no entry\.$",This message is generated when the device has failed to update user entry with new rules.
109209,"109209: UAUTH: Session=(?<session>\S+), User=(?<user>\S+), Assigned IP=(?<ip_address>\S+), Failed updating filter for entry\. Entry was allocated to Session=(?<session_2>\S+), User=(?<user_2>\S+) (?<hours>\S+) ago\.$",This message is generated when the device has failed to update the rules in user entry due to collision.
109210,"109210: UAUTH: Session=(?<session>\S+), User=(?<user>\S+), Assigned IP=(?<ip_address>\S+), Succeeded removing entry\.$",This message is generated when the device has successfully removed the rules for user during tunnel torn down.
109211,"109211: UAUTH: Session=(?<session>\S+), User=(?<user>\S+), Assigned IP=(?<ip_address>\S+), Succeeded decrementing entry use\.$",This message is generated when the reference count decremented successfully after tunnel removal.
109212,"109212: UAUTH: Session=(?<session>\S+), User=(?<user>\S+), Assigned IP=(?<ip>(?:\[[^\]]+\]|(?:(?:25[0-5]|2[0-4]\d|1\d\d|[1-9]?\d)\.){3}(?:25[0-5]|2[0-4]\d|1\d\d|[1-9]?\d)|[0-9a-fA-F:.]+)), Failed removing entry \- (?<reason_string>.+)\.$","This message is generated when the device fails to delete due to invalid address, missing entry, or bad entry."
109213,"109213: UAUTH: Session=(?<session>\S+), User=(?<user>\S+), Assigned IP=(?<ip_address>\S+), Failed removing entry\. Address was allocated to Session=(?<session_2>\S+), User=(?<user_2>\S+) (?<hours>\S+) ago\.$",This message is generated when the device fails to delete due to collision in user entry.
111010,"111010: User '?(?<user>\S+)', running '(?<source_app>[^']+)' from IP (?<src_ip>\S+), executed '(?<cmd>[^']+)",A user made a configuration change.
113004,"11300[45]:\s*AAA\s+user\s+(?:authentication|(?<signature>\S+))\s+(?<action>\S+)\s*:(?:\s*reason\s*=\s*(?<reason>.*[^:\s])\s*:)?\s*server\s*=\s*(?:(?<dest_ip>(?:[\d+.]+|[0-9A-Za-f]*:[0-9A-Za-f]*:[0-9A-Za-f:]*))|(?<dest_host>\S+))\s*[:,]\s*[uU]ser\s*=\s*(?<user>[^:\s]+)(?:\s*:\s*user\s+IP\s*=\s*(?<src_ip>\S+))?","The AAA operation on an IPsec or WebVPN connection has been completed successfully. The AAA types are authentication, authorization, or accounting. The server_IP_address is the IP address of the relevant AAA server. The user is the user name associated with the connection."
113018,"113018: User: '(?<user>\S+)', Unsupported downloaded ACL Entry: '(?<acl_entry>\S+)', Action: '(?<action>\S+)'$",An ACL entry in unsupported format was downloaded from the authentication server. The following list describes the message values:
113019,"113019:\s*Group *= *(?<group>[^,]+)\s*,\s*Username\s*=\s*(?<user>[^,\s]+)\s*,\s*IP\s*=\s*(?<src_ip>\S+)\s*,\s*Session\s+disconnected\s*.\s*Session\s+Type\s*:\s*(?<signature>[^,\s]+)\s*,\s*[Dd]uration:?\s*(?:(?<duration_day>\d+)[dD])?\s*(?<duration_hour>\d+)[Hh]?\s*:\s*(?<duration_minute>\d+)[Mm]?\s*:\s*(?<duration_second>\d+)[Ss]?\s*,\s*Bytes\s+xmt\s*:\s*(?<bytes_out>\d+)\s*,\s*Bytes\s+rcv\s*:\s*(?<bytes_in>\d+)\s*,\s*Reason\s*:\s*(?<reason>.+)",An indication of when and why the longest idle user is disconnected.
113024,"113024: Group (?<tg>\S+): Authenticating (?<type>\S+) connection from (?<ip>\S+) with (?<user_2>\S+), (?<user>\S+), from client certificate$",The prefill username feature overrides the username with one derived from the client certificate for use in AAA.
113030,"113030: Group (?<group>\S+) User (?<user>\S+) IP (?<ipaddr>\S+) User ACL (?<acl>\S+) from AAA doesn't exist on the device, terminating connection\.$",The specified ACL was not found on the Secure Firewall ASA.
113034,"113034: Group (?<group>\S+) User (?<user>\S+) IP (?<ipaddr>\S+) User ACL (?<acl>\S+) from AAA ignored, AV\-PAIR ACL used instead\.$",The specified ACL was not used because a Cisco AV-PAIR ACL was used.
113037,"113037: Group <(?<group>\S+)> User <(?<user>\S+)> IP <(?<ip>(?:\[[^\]]+\]|(?:(?:25[0-5]|2[0-4]\d|1\d\d|[1-9]?\d)\.){3}(?:25[0-5]|2[0-4]\d|1\d\d|[1-9]?\d)|[0-9a-fA-F:.]+))> Reboot pending, new sessions disabled\. Denied (?<user_2>\S+) login\.$",A user was unable to log in to WebVPN because the Secure Firewall ASA is in the process of rebooting.
113039,"113039: *Group *<?(?<group>[^>]+)>?\s*User\s*<?(?<user>[^>\s]+)>?\s*IP\s*<?(?<src_ip>[^\>,\s]+)>?\s+(?<signature>\S+)","The AnyConnect session has started for the user in this group at the specified IP address. When the user logs in via the AnyConnect login page, the AnyConnect session starts."
115000,"115000: Critical assertion in process: (?<italic_text>.+) fiber: (?<italic_text_2>.+) , component: (?<italic_text_3>.+) , subcomponent: (?<italic_text_4>.+) , file: (?<filename>\S+) , line: (?<italic_text_5>.+) , cond: (?<condition>\S+)$","The critical assertion has gone off and is used during development in checked builds only, but never in production builds."
115001,"115001: Error in process: (?<italic_text>.+) fiber: (?<italic_text_2>.+) , component: (?<italic_text_3>.+) , subcomponent: (?<italic_text_4>.+) , file: (?<filename>\S+) , line: (?<italic_text_5>.+) , cond: (?<condition>\S+)$","An error assertion has gone off and is used during development in checked builds only, but never in production builds."
115002,"115002: Warning in process: (?<italic_text>.+) fiber: (?<italic_text_2>.+) , component: (?<italic_text_3>.+) , subcomponent: (?<italic_text_4>.+) , file: (?<filename>\S+) , line: (?<italic_text_5>.+) , cond: (?<condition>\S+)$","A warning assertion has gone off and is used during development in checked builds only, but never in production builds."
120012,"120012: User ""(?<user>\S+)"" chose to (?<choice>\S+) call\-home anonymous reporting at the prompt\.$","The administrator was notified that a user has responded to the Smart Call Home prompt to enable, disable, or postpone anonymous reporting."
199010,"199010: Signal (?<number>\S+) caught in process/fiber \((?<rtcli_async_executor_process>\S+)\)/\((?<rtcli_async_executor>\S+)\) at address (?<ip>(?:\[[^\]]+\]|(?:(?:25[0-5]|2[0-4]\d|1\d\d|[1-9]?\d)\.){3}(?:25[0-5]|2[0-4]\d|1\d\d|[1-9]?\d)|[0-9a-fA-F:.]+)), corrective action at (?<ip_2>(?:\[[^\]]+\]|(?:(?:25[0-5]|2[0-4]\d|1\d\d|[1-9]?\d)\.){3}(?:25[0-5]|2[0-4]\d|1\d\d|[1-9]?\d)|[0-9a-fA-F:.]+))$",The system has recovered from a serious error.
199011,"199011: Close on bad channel in process/fiber (?<process_name>\S+)/(?<fiber_name>\S+), channel ID (?<p>\S+), channel state (?<channel_state>\S+)$",An unexpected channel close condition has been detected.
199012,"199012: Stack overflow during (?<new_stack_call>\S+) in process/fiber (?<process_name>\S+)/(?<fiber_name>\S+), call target (?<f>\S+), stack size (?<s>\S+)$",A stack overflow condition has been detected.
302003,(?:302003: Built H245 connection for faddr (?<src_ip>(?:\[[^\]]+\]|(?:(?:25[0-5]|2[0-4]\d|1\d\d|[1-9]?\d)\.){3}(?:25[0-5]|2[0-4]\d|1\d\d|[1-9]?\d)|[0-9a-fA-F:.]+)) laddr (?<dst_ip>(?:\[[^\]]+\]|(?:(?:25[0-5]|2[0-4]\d|1\d\d|[1-9]?\d)\.){3}(?:25[0-5]|2[0-4]\d|1\d\d|[1-9]?\d)|[0-9a-fA-F:.]+))/(?<dst_port>\d+)|%ASA-\d+-302003: Built H245 connection for faddr (?<src_ip>(?:\[[^\]]+\]|(?:(?:25[0-5]|2[0-4]\d|1\d\d|[1-9]?\d)\.){3}(?:25[0-5]|2[0-4]\d|1\d\d|[1-9]?\d)|[0-9a-fA-F:.]+))/(?<src_port>\d+) laddr (?<dst_ip>(?:\[[^\]]+\]|(?:(?:25[0-5]|2[0-4]\d|1\d\d|[1-9]?\d)\.){3}(?:25[0-5]|2[0-4]\d|1\d\d|[1-9]?\d)|[0-9a-fA-F:.]+)))$,An H.245 connection has been started from the foreign_ip_address to the local_ip_address. The Secure Firewall ASA has detected the use of an Intel Internet Phone. The foreign port (foreign_port ) only appears on connections from outside the Secure Firewall ASA. The local port value (local_port ) only appears on connections that were started on an internal interface.
302004,(?:302004: Pre\-allocate H323 \(\?:TCP | UDP\) backconnection for faddr (?<src_ip>(?:\[[^\]]+\]|(?:(?:25[0-5]|2[0-4]\d|1\d\d|[1-9]?\d)\.){3}(?:25[0-5]|2[0-4]\d|1\d\d|[1-9]?\d)|[0-9a-fA-F:.]+)) to laddr (?<dst_ip>(?:\[[^\]]+\]|(?:(?:25[0-5]|2[0-4]\d|1\d\d|[1-9]?\d)\.){3}(?:25[0-5]|2[0-4]\d|1\d\d|[1-9]?\d)|[0-9a-fA-F:.]+))/(?<dst_port>\d+)|%ASA-\d+-302004: Pre\-allocate H323 \(\?:TCP | UDP\) backconnection for faddr (?<src_ip>(?:\[[^\]]+\]|(?:(?:25[0-5]|2[0-4]\d|1\d\d|[1-9]?\d)\.){3}(?:25[0-5]|2[0-4]\d|1\d\d|[1-9]?\d)|[0-9a-fA-F:.]+))/(?<src_port>\d+) to laddr (?<dst_ip>(?:\[[^\]]+\]|(?:(?:25[0-5]|2[0-4]\d|1\d\d|[1-9]?\d)\.){3}(?:25[0-5]|2[0-4]\d|1\d\d|[1-9]?\d)|[0-9a-fA-F:.]+)))$,An H.323 UDP back connection has been preallocated to the foreign address (foreign_ip_address) from the local address (local_ip_address). The Secure Firewall ASA has detected the use of an Intel Internet Phone. The foreign port (foreign_port) only appears on connections from outside the Secure Firewall ASA. The local port value (local_port) only appears on connections that were started on an internal interface.
302010,"302010: (?<connections>\d+) in use, (?<connections_2>\d+) most used$",Provides information on the number of connections that are in use and most used.
302012,(?:302012: Pre\-allocate H225 Call Signalling Connection for faddr (?<src_ip>(?:\[[^\]]+\]|(?:(?:25[0-5]|2[0-4]\d|1\d\d|[1-9]?\d)\.){3}(?:25[0-5]|2[0-4]\d|1\d\d|[1-9]?\d)|[0-9a-fA-F:.]+)) to laddr (?<dst_ip>(?:\[[^\]]+\]|(?:(?:25[0-5]|2[0-4]\d|1\d\d|[1-9]?\d)\.){3}(?:25[0-5]|2[0-4]\d|1\d\d|[1-9]?\d)|[0-9a-fA-F:.]+))/(?<dst_port>\d+)|%ASA-\d+-302012: Pre\-allocate H225 Call Signalling Connection for faddr (?<src_ip>(?:\[[^\]]+\]|(?:(?:25[0-5]|2[0-4]\d|1\d\d|[1-9]?\d)\.){3}(?:25[0-5]|2[0-4]\d|1\d\d|[1-9]?\d)|[0-9a-fA-F:.]+))/(?<src_port>\d+) to laddr (?<dst_ip>(?:\[[^\]]+\]|(?:(?:25[0-5]|2[0-4]\d|1\d\d|[1-9]?\d)\.){3}(?:25[0-5]|2[0-4]\d|1\d\d|[1-9]?\d)|[0-9a-fA-F:.]+)))$,An H.225 secondary channel has been preallocated.
302013,"30201[35]:\s*(?<action>\S+)\s+(?<direction>\w+bound)\s+(?<transport>\S+)(?:\s+connection)?\s+(?<session_id>\d+)\s+for\s+(?<src_interface>[^:]+)\s*:\s*(?:(?<src_ip>(?:[\d+\.]+|[0-9A-Za-f]*:[0-9A-Za-f]*:[0-9A-Za-f:]*))|(?<src_host>\S+))\s*\/\s*(?<src_port>\d+)\s*(?:\(\s*(?:(?<src_translated_ip>(?:[\d+\.]+|[0-9A-Za-f]*:[0-9A-Za-f]*:[0-9A-Za-f:]*))|(?<src_translated_host>\S+))\s*\/\s*(?<src_translated_port>\d+)\s*\)(?:\s*\(\s*(?:(?<src_nt_domain>[\S^\\\[]+)\s*[\\\[]\s*)?(?<src_user>[^\s\|\)]+)(?:[^\]]+\])?\s*\))?\s+to\s+(?<dest_interface>[^:]+)\s*:\s*(?:(?<dest_ip>(?:[\d+\.]+|[0-9A-Za-f]*:[0-9A-Za-f]*:[0-9A-Za-f:]*))|(?<dest_host>\S+))\s*\/\s*(?<dest_port>\d{1,5})\s*\(\s*(?:(?<dest_translated_ip>(?:[\d+\.]+|[0-9A-Za-f]*:[0-9A-Za-f]*:[0-9A-Za-f:]*))|(?<dest_translated_host>\S+))\s*\/\s*(?<dest_translated_port>\d+)\s*\)(?:\s*\(\s*(?:(?<dest_nt_domain>[\S^\\]+)\\)?(?<dest_user>[\w\-_]+)\s*\))?(?:\s*\(\s*(?<user>[^\)\s]+)\s*\))?|\(\s*(?<user_ALT>\S+)\s*\))",A TCP connection slot between two hosts was created.
302014,"30201[46]:\s*(?<action>\S+)\s+(?<transport>\S+)\s+connection\s+(?<session_id>\d+)\s+for\s+(?<src_interface>[^:\s]+)\s*:\s*(?:(?<src_ip>(?:[\d+.]+|[0-9A-Za-f]*:[0-9A-Za-f]*:[0-9A-Za-f:]*))|(?<src_host>\S+))\s*\/\s*(?<src_port>\d{1,5})(?:\s*\(\s*(?:(?<src_nt_domain>[\S^\\]+)\\)?(?<src_user>[\w\-_.]+)\s*\))?\s+to\s+(?<dest_interface>[^:]+)\s*:\s*(?:(?<dest_ip>(?:[\d+.]+|[0-9A-Za-f]*:[0-9A-Za-f]*:[0-9A-Za-f:]*))|(?<dest_host>\S+))\s*\/\s*(?<dest_port>\d{1,5})(?:\s*\(\s*(?:(?<dest_nt_domain>[\S^\\]+)\\)?(?<dest_user>[\w\-_]+)\s*\))?\s+[Dd]uration:?\s*(?:(?<duration_day>\d+)[dD])?\s*(?<duration_hour>\d+)[Hh]?\s*:\s*(?<duration_minute>\d+)[Mm]?\s*:\s*(?<duration_second>\d+)[Ss]?\s+bytes\s+(?<bytes>\d+)\s*(?:(?<reason>.+?(?=\s+from))\s+from\s+(?<teardown_initiator>\S+)|(?<reason_ALT>[^\(]+))?\s*(?:\(\s*(?<user>[^\)\s]+)\s*\))?",A TCP connection between two hosts was deleted. The following list describes the message values:
302015,"30201[35]:\s*(?<action>\S+)\s+(?<direction>\w+bound)\s+(?<transport>\S+)(?:\s+connection)?\s+(?<session_id>\d+)\s+for\s+(?<src_interface>[^:]+)\s*:\s*(?:(?<src_ip>(?:[\d+\.]+|[0-9A-Za-f]*:[0-9A-Za-f]*:[0-9A-Za-f:]*))|(?<src_host>\S+))\s*\/\s*(?<src_port>\d+)\s*(?:\(\s*(?:(?<src_translated_ip>(?:[\d+\.]+|[0-9A-Za-f]*:[0-9A-Za-f]*:[0-9A-Za-f:]*))|(?<src_translated_host>\S+))\s*\/\s*(?<src_translated_port>\d+)\s*\)(?:\s*\(\s*(?:(?<src_nt_domain>[\S^\\\[]+)\s*[\\\[]\s*)?(?<src_user>[^\s\|\)]+)(?:[^\]]+\])?\s*\))?\s+to\s+(?<dest_interface>[^:]+)\s*:\s*(?:(?<dest_ip>(?:[\d+\.]+|[0-9A-Za-f]*:[0-9A-Za-f]*:[0-9A-Za-f:]*))|(?<dest_host>\S+))\s*\/\s*(?<dest_port>\d{1,5})\s*\(\s*(?:(?<dest_translated_ip>(?:[\d+\.]+|[0-9A-Za-f]*:[0-9A-Za-f]*:[0-9A-Za-f:]*))|(?<dest_translated_host>\S+))\s*\/\s*(?<dest_translated_port>\d+)\s*\)(?:\s*\(\s*(?:(?<dest_nt_domain>[\S^\\]+)\\)?(?<dest_user>[\w\-_]+)\s*\))?(?:\s*\(\s*(?<user>[^\)\s]+)\s*\))?|\(\s*(?<user_ALT>\S+)\s*\))",A UDP connection slot between two hosts was created. The following list describes the message values:
302016,"30201[46]:\s*(?<action>\S+)\s+(?<transport>\S+)\s+connection\s+(?<session_id>\d+)\s+for\s+(?<src_interface>[^:\s]+)\s*:\s*(?:(?<src_ip>(?:[\d+.]+|[0-9A-Za-f]*:[0-9A-Za-f]*:[0-9A-Za-f:]*))|(?<src_host>\S+))\s*\/\s*(?<src_port>\d{1,5})(?:\s*\(\s*(?:(?<src_nt_domain>[\S^\\]+)\\)?(?<src_user>[\w\-_.]+)\s*\))?\s+to\s+(?<dest_interface>[^:]+)\s*:\s*(?:(?<dest_ip>(?:[\d+.]+|[0-9A-Za-f]*:[0-9A-Za-f]*:[0-9A-Za-f:]*))|(?<dest_host>\S+))\s*\/\s*(?<dest_port>\d{1,5})(?:\s*\(\s*(?:(?<dest_nt_domain>[\S^\\]+)\\)?(?<dest_user>[\w\-_]+)\s*\))?\s+[Dd]uration:?\s*(?:(?<duration_day>\d+)[dD])?\s*(?<duration_hour>\d+)[Hh]?\s*:\s*(?<duration_minute>\d+)[Mm]?\s*:\s*(?<duration_second>\d+)[Ss]?\s+bytes\s+(?<bytes>\d+)\s*(?:(?<reason>.+?(?=\s+from))\s+from\s+(?<teardown_initiator>\S+)|(?<reason_ALT>[^\(]+))?\s*(?:\(\s*(?<user>[^\)\s]+)\s*\))?",A UDP connection slot between two hosts was deleted. The following list describes the message values:
302019,"302019: H\.323 (?<library_name>\S+) ASN Library failed to initialize, error code (?<number>\S+)$","The specified ASN librar y that the Secure Firewall ASA uses for decoding the H.323 messages failed to initialize; the Secure Firewall ASA cannot decode or inspect the arriving H.323 packet. The Secure Firewall ASA allows the H.323 packet to pass through without any modification. When the next H.323 message arrives, the Secure Firewall ASA tries to initialize the library again."
302020,"30202[01]:\s*(?<action>\S+)(?:\s+(?<direction>([Ii]nbound|[Oo]utbound)))?\s+(?<transport>\w+)\s+connection\s+for\s+faddr\s+(?:(?<src_ip>(?:[\d+.]+|[a-fA-F0-9]*:[a-fA-F0-9]*:[a-fA-F0-9:]*))|(?<src_host>[^\/\s]+))(?:\s*\/\s*(?<src_port>\d+)\s*)?(?:\s*\(\s*(?:(?<src_nt_domain>[\S^\\]+)\\)?(?<src_user>[\w\-_$&+,:;=?@#|'<>.^*()%!\-\s]+)\s*\))?\s+gaddr\s+(?:(?<dest_public_ip>(?:[\d+.]+|[a-fA-F0-9]*:[a-fA-F0-9]*:[a-fA-F0-9:]*))|(?<dest_public_host>[^\/\s]+))(?:\s*\/\s*(?<dest_public_port>\d+)\s*)?\s+laddr\s+(?:(?<dest_ip>(?:\d+\.\d+\.\d+\.\d+|[a-fA-F0-9]*:[a-fA-F0-9]*:[a-fA-F0-9:]*))|(?<dest_host>[^\/\s]+))(?:\s*\/\s*(?<dest_port>\d+)\s*)?(?:\s*\(\s*(?:(?<dest_nt_domain>[\S^\\]+)\\)?(?<dest_user>[\w\-_$&+,:;=?@#|'<>.^*()%!\-\s]+)\s*\))?(?:\s*type\s+(?<icmp_type>\d+)\s+code\s+(?<icmp_code>\d+))?",This message is generated when an ICMP session was established in the fast-path. The following list describes the message values:
302021,"30202[01]:\s*(?<action>\S+)(?:\s+(?<direction>([Ii]nbound|[Oo]utbound)))?\s+(?<transport>\w+)\s+connection\s+for\s+faddr\s+(?:(?<src_ip>(?:[\d+.]+|[a-fA-F0-9]*:[a-fA-F0-9]*:[a-fA-F0-9:]*))|(?<src_host>[^\/\s]+))(?:\s*\/\s*(?<src_port>\d+)\s*)?(?:\s*\(\s*(?:(?<src_nt_domain>[\S^\\]+)\\)?(?<src_user>[\w\-_$&+,:;=?@#|'<>.^*()%!\-\s]+)\s*\))?\s+gaddr\s+(?:(?<dest_public_ip>(?:[\d+.]+|[a-fA-F0-9]*:[a-fA-F0-9]*:[a-fA-F0-9:]*))|(?<dest_public_host>[^\/\s]+))(?:\s*\/\s*(?<dest_public_port>\d+)\s*)?\s+laddr\s+(?:(?<dest_ip>(?:\d+\.\d+\.\d+\.\d+|[a-fA-F0-9]*:[a-fA-F0-9]*:[a-fA-F0-9:]*))|(?<dest_host>[^\/\s]+))(?:\s*\/\s*(?<dest_port>\d+)\s*)?(?:\s*\(\s*(?:(?<dest_nt_domain>[\S^\\]+)\\)?(?<dest_user>[\w\-_$&+,:;=?@#|'<>.^*()%!\-\s]+)\s*\))?(?:\s*type\s+(?<icmp_type>\d+)\s+code\s+(?<icmp_code>\d+))?",This message is generated when an ICMP session is removed in the fast-path. The following list describes the message values:
302033,(?:302033: Pre\-allocated H323 GUP Connection for faddr (?<interface_name>\S+):(?<src_ip>(?:\[[^\]]+\]|(?:(?:25[0-5]|2[0-4]\d|1\d\d|[1-9]?\d)\.){3}(?:25[0-5]|2[0-4]\d|1\d\d|[1-9]?\d)|[0-9a-fA-F:.]+)) to laddr (?<interface_name_2>\S+):(?<local_address>\S+)/(?<dst_port>\d+)|%ASA-\d+-302033: Pre\-allocated H323 GUP Connection for faddr (?<interface_name>\S+):(?<src_ip>(?:\[[^\]]+\]|(?:(?:25[0-5]|2[0-4]\d|1\d\d|[1-9]?\d)\.){3}(?:25[0-5]|2[0-4]\d|1\d\d|[1-9]?\d)|[0-9a-fA-F:.]+))/(?<src_port>\d+) to laddr (?<interface_name_2>\S+):(?<local_address>\S+))$,A GUP connection was started from the foreign address to the local address. The foreign port (outside port) only appears on connections from outside the security device. The local port value (inside port) only appears on connections started on an internal interface.
302034,(?:302034: Unable to Pre\-allocate H323 GUP Connection for faddr (?<interface_name>\S+):(?<src_ip>(?:\[[^\]]+\]|(?:(?:25[0-5]|2[0-4]\d|1\d\d|[1-9]?\d)\.){3}(?:25[0-5]|2[0-4]\d|1\d\d|[1-9]?\d)|[0-9a-fA-F:.]+)) to laddr (?<interface_name_2>\S+):(?<dst_ip>(?:\[[^\]]+\]|(?:(?:25[0-5]|2[0-4]\d|1\d\d|[1-9]?\d)\.){3}(?:25[0-5]|2[0-4]\d|1\d\d|[1-9]?\d)|[0-9a-fA-F:.]+))/(?<dst_port>\d+)|%ASA-\d+-302034: Unable to Pre\-allocate H323 GUP Connection for faddr (?<interface_name>\S+):(?<src_ip>(?:\[[^\]]+\]|(?:(?:25[0-5]|2[0-4]\d|1\d\d|[1-9]?\d)\.){3}(?:25[0-5]|2[0-4]\d|1\d\d|[1-9]?\d)|[0-9a-fA-F:.]+))/(?<src_port>\d+) to laddr (?<interface_name_2>\S+):(?<dst_ip>(?:\[[^\]]+\]|(?:(?:25[0-5]|2[0-4]\d|1\d\d|[1-9]?\d)\.){3}(?:25[0-5]|2[0-4]\d|1\d\d|[1-9]?\d)|[0-9a-fA-F:.]+)))$,The module failed to allocate RAM system memory while starting a connection or has no more address translation slots available.
302038,(?:302038: Teardown IPINIP connection (?<conn_id>\d+) for (?<src_interface>\S+):(?<inside_ip>\S+)/(?<src_port>\d+)(?<outside_idfw_user>\S*) to (?<dst_interface>\S+):(?<outside_ip>\S+)/(?<dst_port>\d+)(?<inside_idfw_user>\S*) duration (?<time_value>\S+) bytes (?<bytes>\S+) \[\((?<user>\S+)\)\]|%ASA-\d+-302038: Teardown IPINIP connection (?<conn_id>\d+) for (?<dst_interface>\S+):(?<outside_ip>\S+)/(?<dst_port>\d+)(?<outside_idfw_user>\S*) to (?<src_interface>\S+):(?<inside_ip>\S+)/(?<src_port>\d+)(?<inside_idfw_user>\S*) duration (?<time_value>\S+) bytes (?<bytes>\S+) \[\((?<user>\S+)\)\])$,An IPINIP flow has been torn down.
303002,"303002:\s*FTP\s+connection\s+from\s+(?<src_interface>[^:\s]+):(?<src_ip>\S+)\/(?<src_port>\d+)\s+to\s+(?<dest_interface>[^:\s]+):(?<dest_ip>\S+)\/(?<dest_port>\d+),\s+user\s+(?<user>.+?)\s+(?<action>Retrieved|Stored|Deleted|Put|Get)\s+file\s+(?<filename>.+)",A client has uploaded or downloaded a file from the FTP server.
303004,"303004: FTP (?<cmd_string>\S+) command unsupported \- failed strict inspection, terminating connection from (?<source_interface>\S+):(?<src_ip>(?:\[[^\]]+\]|(?:(?:25[0-5]|2[0-4]\d|1\d\d|[1-9]?\d)\.){3}(?:25[0-5]|2[0-4]\d|1\d\d|[1-9]?\d)|[0-9a-fA-F:.]+))/(?<src_port>\d+) to (?<dst_interface>\S+):(?<dst_ip>(?:\[[^\]]+\]|(?:(?:25[0-5]|2[0-4]\d|1\d\d|[1-9]?\d)\.){3}(?:25[0-5]|2[0-4]\d|1\d\d|[1-9]?\d)|[0-9a-fA-F:.]+))/(?<dst_interface_2>\S+)$","Strict FTP inspection on FTP traffic has been used, and an FTP request message contains a command that is not recognized by the device."
303005,"303005: Strict FTP inspection matched (?<match_string>\S+) in policy\-map (?<policy_name>\S+), (?<action_string>\S+) from (?<src_interface>\S+):(?<src_ip>(?:\[[^\]]+\]|(?:(?:25[0-5]|2[0-4]\d|1\d\d|[1-9]?\d)\.){3}(?:25[0-5]|2[0-4]\d|1\d\d|[1-9]?\d)|[0-9a-fA-F:.]+))/(?<src_port>\d+) to (?<dst_interface>\S+):(?<dst_ip>(?:\[[^\]]+\]|(?:(?:25[0-5]|2[0-4]\d|1\d\d|[1-9]?\d)\.){3}(?:25[0-5]|2[0-4]\d|1\d\d|[1-9]?\d)|[0-9a-fA-F:.]+))/(?<dst_port>\d+)$","When FTP inspection matches any of the following configured values: filename, file type, request command, server, or username, then the action specified by the action_string in this message occurs."
305013,"(?:305013: Asymmetric NAT rules matched for forward and reverse flows; Connection for icmp src (?<interface_name>\S+):(?<source_ip_address>\S+)(?<source_user>\S+) dst (?<interface_name_2>\S+):(?<destination_ip_address>\S+)(?<destination_user>\S+) \(type (?<type>\S+), code (?<code>\S+)\) denied due to NAT reverse path failure|%ASA-\d+-305013: Asymmetric NAT rules matched for forward and reverse flows; Connection for ""protocol"" src (?<interface_name>\S+):(?<source_ip_address>\S+)/(?<src_port>\d+)(?<source_user>\S+) dst (?<interface_name_2>\S+):(?<destination_ip_address>\S+)/(?<dst_port>\d+)(?<destination_user>\S+) denied due to NAT reverse path failure|%ASA-\d+-305013: Asymmetric NAT rules matched for forward and reverse flows; Connection for protocol (?<protocol_name>\S+) src (?<interface_name>\S+):(?<source_ip_address>\S+)(?<source_user>\S+) dst (?<interface_name_2>\S+):(?<destination_ip_address>\S+)(?<destination_user>\S+) denied due to NAT reverse path failure)$",An attempt to connect to a mapped host using its actual address was rejected.
305016,(?:305016: Unable to create (?<protocol>\S+) connection from (?<source_interface_name>\S+):(?<source_ip_address>\S+)/(?<src_port>\d+) to (?<destination_interface_name>\S+):(?<destination_ip>\S+)/(?<dst_port>\d+) due to reaching per\-host PAT port block limit of (?<threshold_limit>\S+)\.|%ASA-\d+-305016: Unable to create (?<protocol>\S+) connection from (?<source_interface_name>\S+):(?<source_ip_address>\S+)/(?<src_port>\d+) to (?<destination_interface_name>\S+):(?<destination_ip_address>\S+)/(?<dst_port>\d+) due to port block exhaustion in PAT pool '(?<pool_name>\S+)' IP (?<pool_ip_address>\S+)\.|%ASA-\d+-305016: Port blocks exhausted in PAT pool '(?<pool_name>\S+)' IP (?<pool_address>\S+)\. Unable to create connection\.)$,The maximum port blocks per host limit has been reached for a host or the port blocks have been exhausted.
312001,"312001: RIP hdr failed from (?<ip>(?:\[[^\]]+\]|(?:(?:25[0-5]|2[0-4]\d|1\d\d|[1-9]?\d)\.){3}(?:25[0-5]|2[0-4]\d|1\d\d|[1-9]?\d)|[0-9a-fA-F:.]+)): cmd=(?<string>\S+), version=(?<number>\S+), domain=(?<string_2>\S+) on (?<interface>\S+) (?<interface_name>\S+)$","The Secure Firewall ASA received a RIP message with an operation code other than reply, the message has a version number different from what is expected on this interface, and the routing domain entry was nonzero. Another RIP device may not be configured correctly to communicate with the Secure Firewall ASA."
313001,"313001: (?<action>\w+) (?<transport>\w+) type=(?<icmp_type>\d+), code=(?<icmp_code>\S+) from (?<src_ip>[0-9.]+) on interface (?<src_interface>\S+)","When using the icmp command with an access list, if the first matched entry is a permit entry, the ICMP packet continues processing. If the first matched entry is a deny entry, or an entry is not matched, the Secure Firewall ASA discards the ICMP packet and generates this message. The icmp command enables or disables pinging to an interface. With pinging disabled, the Secure Firewall ASA cannot be detected on the network. This feature is also referred to as configurable proxy pinging."
313004,"313004:\s*(?<action>\S+)\s+(?<transport>\S+)\s+type=(?<icmp_type>\d+),\s+from\s+laddr\s+(?<src_ip>\S+)\s+on\s+interface\s+(?<src_interface>.+?)\s+to\s+(?<dest_ip>\S+):\s+(?<reason>.+)","ICMP packets were dropped by the Secure Firewall ASA because of security checks added by the stateful ICMP feature that are usually either ICMP echo replies without a valid echo request already passed across the Secure Firewall ASA or ICMP error messages not related to any TCP, UDP, or ICMP session already established in the Secure Firewall ASA."
313005,"313005:\s*No\s+matching\s+connection\s+for\s+(?<transport>\S+)\s+error\s+message:\s+icmp\s+src\s+(?<src_interface>[^:\s]+):(?<src_ip>\S+)\s+dst\s+(?<dest_interface>[^:\s]+):(?<dest_ip>[^\(\s]+)(?:\((?<dest_host>[^\)]+)\))?\s+\(type\s+(?<icmp_type>\d+),\s*code\s+(?<icmp_code>\d+)\)\s+on\s+(?<interface_name>\S+)\s+interface\.\s+Original\s+IP\s+payload:\s+(?:(?<orig_transport>\S+)\s+src\s+(?<orig_src_ip>\S+)(?:\/(?<src_port>\d+))?\s+dst\s+(?<orig_dest_ip>\S+)(?:\/(?<dest_port>\d+))?(?:\s+\(type\s+(?<orig_icmp_type>\d+),\s*code\s+(?<orig_icmp_code>\d+)\))?|(?<orig_msg>.*))\.",ICMP error packets were dropped by the Secure Firewall ASA because the ICMP error messages are not related to any session already established in the Secure Firewall ASA.
313008,"313008: (?<action>\w+) (?<transport>\S+) type=(?<icmp_type>\d+), code=(?<icmp_code>\S+) from (?<src_ip>\S+) on interface (?<src_interface>\S+)","When using the icmp command with an access list, if the first matched entry is a permit entry, the ICMPv6 packet continues processing. If the first matched entry is a deny entry, or an entry is not matched, the Secure Firewall ASA discards the ICMPv6 packet and generates this message. The icmp command enables or disables pinging to an interface. When pinging is disabled, the Secure Firewall ASA is undetectable on the network. This feature is also referred to as “configurable proxy pinging.”"
313009,"313009: (?<action>\w+) invalid ICMP code (?<icmp_code>\S+) , for (?<src_interface>\S+):(?<src_ip>[0-9.]+)\/(?<src_port>[0-9]+).* to (?<dest_interface>\S+):(?<dest_ip>[0-9.]+)\/(?<dest_port>[0-9]+).* ICMP type (?<icmp_type>\S+)",An ICMP echo request/reply packet was received with a malformed code(non-zero).
314003,"314003: Dropped RTSP traffic from (?<src_intf>\S+):(?<src_ip>(?:\[[^\]]+\]|(?:(?:25[0-5]|2[0-4]\d|1\d\d|[1-9]?\d)\.){3}(?:25[0-5]|2[0-4]\d|1\d\d|[1-9]?\d)|[0-9a-fA-F:.]+)), reason: (?<reason>\S+)$","The RTSP message violated the user-configured RTSP security policy, either because it contains a port from the reserve port range, or it contains a URL with a length greater than the maximum limit allowed."
315013,"315013: SSH session from (?<ssh_client_address>\S+) on (?<interface>\S+) (?<interface_name>\S+) for (?<user_2>\S+) ""(?<user>\S+)"" rekeyed successfully$",This syslog is needed to indicate that an SSH rekey has successfully completed. This is a Common Criteria certification requirement.
316002,"316002: VPN Handle error: protocol=(?<protocol>\S+), src (?<in_if_num>\S+):(?<src_addr>\S+), dst (?<out_if_num>\S+):(?<dst_addr>\S+)\.$","The Secure Firewall ASA cannot create a VPN handle, because the VPN handle already exists."
317002,"317002: Bad path pointer of (?<number>\S+) for (?<ip>(?:\[[^\]]+\]|(?:(?:25[0-5]|2[0-4]\d|1\d\d|[1-9]?\d)\.){3}(?:25[0-5]|2[0-4]\d|1\d\d|[1-9]?\d)|[0-9a-fA-F:.]+)), (?<number_2>\S+) max$",A software error occurred.
317006,"317006: Pdb index error %08x, %04x, (?<pdb>\S+)$",The index into the PDB is out of range.
317012,(?:317012: Interface IP route counter negative \- (?<nameif_string_value>\S+)|%ASA-\d+-317012: Interface IP route counter negative \- (?<nameif_string_value>\S+))$,Indicates that the interface route count is negative.
322001,"322001: (?<action>\w+) MAC address (?<src_mac>\S+), possible spoof attempt on interface (?<src_interface>\S+)","The Secure Firewall ASA received a packet from the offending MAC address on the specified interface, but the source MAC address in the packet is statically bound to another interface in the configuration. Either a MAC-spoofing attack or a misconfiguration may be the cause."
322002,"322002: ARP inspection check failed for arp (?:request|response) received from host (?<mac_address>\S+) on (?<interface_2>\S+) (?<interface>\S+)\. This host is advertising MAC Address (?<mac_address_1>\S+) for IP Address (?<ip>(?:\[[^\]]+\]|(?:(?:25[0-5]|2[0-4]\d|1\d\d|[1-9]?\d)\.){3}(?:25[0-5]|2[0-4]\d|1\d\d|[1-9]?\d)|[0-9a-fA-F:.]+)), which is (?:statically|dynamically) bound to MAC Address (?<mac_address_2>\S+)$","If the ARP inspection module is enabled, it checks whether a new ARP entry advertised in the packet conforms to the statically configured or dynamically learned IP-MAC address binding before forwarding ARP packets across the Secure Firewall ASA. If this check fails, the ARP inspection module drops the ARP packet and generates this message. This situation may be caused by either ARP spoofing attacks in the network or an invalid configuration (IP-MAC binding)."
322003,"322003: ARP inspection check failed for arp (?:request|response) received from host (?<mac_address>\S+) on (?<interface_2>\S+) (?<interface>\S+)\. This host is advertising MAC Address (?<mac_address_1>\S+) for IP Address (?<ip>(?:\[[^\]]+\]|(?:(?:25[0-5]|2[0-4]\d|1\d\d|[1-9]?\d)\.){3}(?:25[0-5]|2[0-4]\d|1\d\d|[1-9]?\d)|[0-9a-fA-F:.]+)), which is not bound to any MAC Address$","If the ARP inspection module is enabled, it checks whether a new ARP entry advertised in the packet conforms to the statically configured IP-MAC address binding before forwarding ARP packets across the Secure Firewall ASA. If this check fails, the ARP inspection module drops the ARP packet and generates this message. This situation may be caused by either ARP spoofing attacks in the network or an invalid configuration (IP-MAC binding)."
323001,(?:323001: Module (?<module_id>\S+) experienced a control channel communication failure\.|%ASA-\d+-323001: Module in\\s\* slot(?<slot_num>\S+) experienced a control channel communications failure\.)$,The Secure Firewall ASA is unable to communicate via control channel with the module installed (in the specified slot).
323002,"323002: Module (?<module_id>\S+) is not able to shut down, shut down request not answered\.$",The module installed did not respond to a shutdown request.
323003,"(?:323003: Module (?<module_id>\S+) is not able to reload, reload request not answered\.|%ASA-\d+-323003: Module in slot(?<slotnum>\S+) is not able to reload, reload request not answered\.)$",The module installed did not respond to a reload request.
323004,"323004: Module in slot (?<string_one>\S+) failed to write software v(?<newver>\S+) \(currently v(?<ver>\S+)\), (?<reason>\S+)\. hw\-module reset is required before further use\.$","The module failed to accept a software version, and will be transitioned to an UNRESPONSIVE state. The module is not usable until the software is updated."
323005,(?:323005: Module (?<syslog_string>\S+) can not be started completely\.|%ASA-\d+-323005: Module (?<syslog_string>\S+) powerfail recovery is in progress\.)$,This message indicates that the module cannot be started completely. The module will remain in the UNRESPONSIVE state until this condition is corrected. A module that is not fully seated in the slot is the most likely cause.
323006,"323006: Module (?<ips>\S+) experienced a data channel communication failure, data channel is DOWN\.$","A data channel communication failure occurred and the Secure Firewall ASA was unable to forward traffic to the services module. This failure triggers a failover when the failure occurs on the active Secure Firewall ASA in an HA configuration. The failure also results in the configured fail open or fail closed policy being enforced on traffic that would normally be sent to the services module. This message is generated whenever a communication problem over the Secure Firewall ASA dataplane occurs between the system module and the services module, which can be caused when the services module stops, resets, is removed or disabled."
324001,"(?:324001: GTP(?<version>\S+) packet parsing error from (?<source_interface>\S+) :(?<src_ip>(?:\[[^\]]+\]|(?:(?:25[0-5]|2[0-4]\d|1\d\d|[1-9]?\d)\.){3}(?:25[0-5]|2[0-4]\d|1\d\d|[1-9]?\d)|[0-9a-fA-F:.]+)) /(?<src_port>\d+) to (?<dst_interface>\S+) :(?<dst_ip>(?:\[[^\]]+\]|(?:(?:25[0-5]|2[0-4]\d|1\d\d|[1-9]?\d)\.){3}(?:25[0-5]|2[0-4]\d|1\d\d|[1-9]?\d)|[0-9a-fA-F:.]+)) /(?<dst_port>\d+) , TID: (?<tid_value>\S+) , Reason: (?<reason>\S+)|%ASA-\d+-324001: GTP(?<version>\S+) packet parse INFO:(?<msgtype>\S+):(?<italic_text>.+) \((?<italic_text_2>.+)\) \- TEID:(?<tid_value>\S+) MCB INFO \- Local\-GSN:(?<ip>(?:\[[^\]]+\]|(?:(?:25[0-5]|2[0-4]\d|1\d\d|[1-9]?\d)\.){3}(?:25[0-5]|2[0-4]\d|1\d\d|[1-9]?\d)|[0-9a-fA-F:.]+)), Remote\-GSN:(?<ip_2>(?:\[[^\]]+\]|(?:(?:25[0-5]|2[0-4]\d|1\d\d|[1-9]?\d)\.){3}(?:25[0-5]|2[0-4]\d|1\d\d|[1-9]?\d)|[0-9a-fA-F:.]+))\. \- Flow:\((?<source_interface>\S+): (?<src_ip>(?:\[[^\]]+\]|(?:(?:25[0-5]|2[0-4]\d|1\d\d|[1-9]?\d)\.){3}(?:25[0-5]|2[0-4]\d|1\d\d|[1-9]?\d)|[0-9a-fA-F:.]+)) /(?<src_port>\d+) to gn:(?<dst_ip>(?:\[[^\]]+\]|(?:(?:25[0-5]|2[0-4]\d|1\d\d|[1-9]?\d)\.){3}(?:25[0-5]|2[0-4]\d|1\d\d|[1-9]?\d)|[0-9a-fA-F:.]+)) /(?<dst_port>\d+)\))$",
324002,"324002: No PDP\[MCB\] exists to process GTPv0 (?<msg_type>\S+) from (?<source_interface>\S+) :(?<src_ip>(?:\[[^\]]+\]|(?:(?:25[0-5]|2[0-4]\d|1\d\d|[1-9]?\d)\.){3}(?:25[0-5]|2[0-4]\d|1\d\d|[1-9]?\d)|[0-9a-fA-F:.]+)) /(?<src_port>\d+) to (?<dst_interface>\S+) :(?<dst_ip>(?:\[[^\]]+\]|(?:(?:25[0-5]|2[0-4]\d|1\d\d|[1-9]?\d)\.){3}(?:25[0-5]|2[0-4]\d|1\d\d|[1-9]?\d)|[0-9a-fA-F:.]+)) /(?<dst_port>\d+) , TID: (?<tid_value>\S+)$","If this message was preceded by message 321100, memory allocation error, the message indicates that there were not enough resources to create the PDP context. If not, it was not preceded by message 321100. For version 0, it indicates that the corresponding PDP context cannot be found. For version 1, if this message was preceded by message 324001, then a packet processing error occurred, and the operation stopped."
324006,"324006: GSN (?<ip>(?:\[[^\]]+\]|(?:(?:25[0-5]|2[0-4]\d|1\d\d|[1-9]?\d)\.){3}(?:25[0-5]|2[0-4]\d|1\d\d|[1-9]?\d)|[0-9a-fA-F:.]+)) tunnel limit (?<tunnel_limit>\S+) exceeded, PDP Context TID (?<tid>\S+) creation failed$","The GPRS support node sending the request has exceeded the maximum allowed tunnels created, so no tunnel will be created."
324008,"324008: No PDP exists to update the data sgsn[ggsn] PDPMCB Info,PDPMCB Info TEID: (?<teid_value>\S+), PDP TID: (?<teid_value_2>\S+), Local GSN: (?<ipaddress>\S+) \((?<vpifnum>\S+)\), Remote GSN: (?<ipaddress_2>\S+) \((?<vpifnum_2>\S+)\)$","When a GTP HA message is received on the standby unit to update the PDP with data sgsn/ggsn PDPMCB information, the PDP is not found because of a previous PDP update message that was not successfully delivered or successfully processed on the standby unit."
324012,"324012: GTP_PARSE: (?<gtp_ie_type>\S+)\[(?<gtp_ie_type_number>\S+)\]: Invalid Length Received Length: (?<length_received>\S+), Minimum Expected Length: (?<expected_length>\S+)$","When GTP IE length received is less than the minimum length, an error message appears with the following data:"
324301,"324301: Radius Accounting Request has a bad header length (?<hdr_len>\S+), packet length (?<pkt_len>\S+)$","The accounting request message has a header length that is not the same as the actual packet length, so packet processing stops."
324302,"324302: Server=(?<ipaddr>\S+):(?<port>\S+), ID=(?<id>\S+): Rejecting the RADIUS response: (?<reason>\S+)\.$",This message is generated when RADIUS response is rejected either because the required message-authenticator payload is missing in the response or if the Message-Authenticator payload failed validation check.
324303,"324303: Server=(?<ipaddr_port>\S+) ID=(?<id>\S+) The RADIUS server supports and included the Message\-Authenticator payload in its response\. To prevent Man\-In\-The\-Middle attacks, consider enabling ‘ message\-authenticator’ on the aaa\-server\-group configuration for this server as a security best practice\.$","This message is generated to convey that the RADIUS server supports and included Message-authenticator payload in the RADIUS response. Also, provides best security practices that is configurable and could disable this syslog."
326005,"326005: Mrib notification failed for \((?<ip>(?:\[[^\]]+\]|(?:(?:25[0-5]|2[0-4]\d|1\d\d|[1-9]?\d)\.){3}(?:25[0-5]|2[0-4]\d|1\d\d|[1-9]?\d)|[0-9a-fA-F:.]+)),(?<ip_2>(?:\[[^\]]+\]|(?:(?:25[0-5]|2[0-4]\d|1\d\d|[1-9]?\d)\.){3}(?:25[0-5]|2[0-4]\d|1\d\d|[1-9]?\d)|[0-9a-fA-F:.]+))\)$","A packet triggering a data-driven event was received, and the attempt to notify the MRIB failed."
326006,"326006: Entry\-creation failed for (?<ip>(?:\[[^\]]+\]|(?:(?:25[0-5]|2[0-4]\d|1\d\d|[1-9]?\d)\.){3}(?:25[0-5]|2[0-4]\d|1\d\d|[1-9]?\d)|[0-9a-fA-F:.]+)),(?<ip_2>(?:\[[^\]]+\]|(?:(?:25[0-5]|2[0-4]\d|1\d\d|[1-9]?\d)\.){3}(?:25[0-5]|2[0-4]\d|1\d\d|[1-9]?\d)|[0-9a-fA-F:.]+))$","The MFIB received an entry update from the MRIB, but failed to create the entry related to the addresses displayed. The probable cause is insufficient memory."
326007,"326007: Entry\-update failed for (?<ip>(?:\[[^\]]+\]|(?:(?:25[0-5]|2[0-4]\d|1\d\d|[1-9]?\d)\.){3}(?:25[0-5]|2[0-4]\d|1\d\d|[1-9]?\d)|[0-9a-fA-F:.]+)),(?<ip_2>(?:\[[^\]]+\]|(?:(?:25[0-5]|2[0-4]\d|1\d\d|[1-9]?\d)\.){3}(?:25[0-5]|2[0-4]\d|1\d\d|[1-9]?\d)|[0-9a-fA-F:.]+))$","The MFIB received an interface update from the MRIB, but failed to create the interface related to the addresses displayed. The probable cause is insufficient memory."
326012,"326012: Initialization of ""(?<string>\S+)"" functionality failed$",The initialization of a specified functionality failed. This component might still operate without the functionality.
332001,"332001: Unable to open cache discovery socket, WCCP V(?<g_2>\S+) closing down$",An internal error that indicates the WCCP process was unable to open the UDP socket used to listen for protocol messages from caches.
332002,"332002: Unable to allocate message buffer, WCCP V(?<g_2>\S+) closing down$",An internal error that indicates the WCCP process was unable to allocate memory to hold incoming protocol messages.
334008,"334008: NAC EAP association initiated \- (?<host_address>\S+), EAP context:0x%08x\.$",EAPoUDP has initiated EAP with the host.
335002,"335002: Host is on the NAC Exception List \- (?<host_address>\S+), OS:(?<oper_sys>\S+)\.$",The client is on the NAC Exception List and is therefore not subject to posture validation.
335003,"335003: NAC Default ACL applied, ACL:(?<acl_name>\S+) \- (?<host_address>\S+)\.$",The NAC default ACL has been applied for the client.
337000,"337000: Session created, (?<neighaddr>\S+): (?<italic_text>.+)$",This syslog message indicates that a BFD active session has been created.
337001,"337001: Session destroyed, (?<neighaddr>\S+): (?<italic_text>.+)$",This syslog message indicates that an active BFD session has been terminated.
338001,"33800[15]: Dynamic filter (?<action>\S+) blacklisted (?<transport>\S+) traffic from (?<src_interface>\S+):(?<src_ip>[0-9.]+)\/(?<src_port>[0-9]+).* to (?<dest_interface>\S+):(?<dest_ip>[0-9.]+)\/(?<dest_port>[0-9]+).*resolved from (?<list_id>\S+) list: (?<src_domain>\S+), threat-level: (?<threat_level>\S+), category: (?<threat_category>.*)","Traffic from a domain, which is on an block list in the dynamic filter database, has appeared. The threat level is a string that shows one of the following values: none, very-low, low, moderate, high, and very-high. The category is a string that shows the reason why a domain name is on a block list (for example, botnet, Trojan, and spyware)."
338002,"33800[26]: Dynamic filter (?<action>\S+) blacklisted (?<transport>\S+) traffic from (?<src_interface>\S+):(?<src_ip>[0-9.]+)\/(?<src_port>[0-9]+).* to (?<dest_interface>\S+):(?<dest_ip>[0-9.]+)\/(?<dest_port>[0-9]+).*resolved from (?<list_id>\S+) list: (?<dest_domain>\S+), threat-level: (?<threat_level>\S+), category: (?<threat_category>.*)","Traffic to a domain, which is on an block list in the dynamic filter database, has appeared. The threat level is a string that shows one of the following values: none, very-low, low, moderate, high, and very-high. The category is a string that shows the reason why a domain name is on a block list (for example, botnet, Trojan, and spyware)."
338003,"33800[347]: Dynamic filter (?<action>\S+) blacklisted (?<transport>\S+) traffic from (?<src_interface>\S+):(?<src_ip>[0-9.]+)\/(?<src_port>[0-9]+).* to (?<dest_interface>\S+):(?<dest_ip>[0-9.]+)\/(?<dest_port>[0-9]+).*resolved from (?<list_id>\S+) list: (?<list_ip>[^,]+), threat-level: (?<threat_level>\S+), category: (?<threat_category>.*)","Traffic from an IP address, which is on an block list in the dynamic filter database, has appeared. The threat level is a string that shows one of the following values: none, very-low, low, moderate, high, and very-high. The category is a string that shows the reason why a domain name is on a block list (for example, botnet, Trojan, and spyware)."
338004,"33800[347]: Dynamic filter (?<action>\S+) blacklisted (?<transport>\S+) traffic from (?<src_interface>\S+):(?<src_ip>[0-9.]+)\/(?<src_port>[0-9]+).* to (?<dest_interface>\S+):(?<dest_ip>[0-9.]+)\/(?<dest_port>[0-9]+).*resolved from (?<list_id>\S+) list: (?<list_ip>[^,]+), threat-level: (?<threat_level>\S+), category: (?<threat_category>.*)","Traffic to an IP address, which is on an block list in the dynamic filter database, has appeared. The threat level is a string that shows one of the following values: none, very-low, low, moderate, high, and very-high. The category is a string that shows the reason why a domain name is on a block list (for example, botnet, Trojan, and spyware)."
338005,"33800[15]: Dynamic filter (?<action>\S+) blacklisted (?<transport>\S+) traffic from (?<src_interface>\S+):(?<src_ip>[0-9.]+)\/(?<src_port>[0-9]+).* to (?<dest_interface>\S+):(?<dest_ip>[0-9.]+)\/(?<dest_port>[0-9]+).*resolved from (?<list_id>\S+) list: (?<src_domain>\S+), threat-level: (?<threat_level>\S+), category: (?<threat_category>.*)","Traffic from a domain name, which is on an block list in the dynamic filter database, was denied. The threat level is a string that shows one of the following values: none, very-low, low, moderate, high, and very-high. The category is a string that shows the reason why a domain name is on a block list (for example, botnet, Trojan, and spyware)."
338006,"33800[26]: Dynamic filter (?<action>\S+) blacklisted (?<transport>\S+) traffic from (?<src_interface>\S+):(?<src_ip>[0-9.]+)\/(?<src_port>[0-9]+).* to (?<dest_interface>\S+):(?<dest_ip>[0-9.]+)\/(?<dest_port>[0-9]+).*resolved from (?<list_id>\S+) list: (?<dest_domain>\S+), threat-level: (?<threat_level>\S+), category: (?<threat_category>.*)","Traffic to a domain, which is on an block list in the dynamic filter database, was denied. The threat level is a string that shows one of the following values: none, very-low, low, moderate, high, and very-high. The category is a string that shows the reason why a domain name is on a block list (for example, botnet, Trojan, and spyware)."
338007,"33800[37]: Dynamic filter (?<action>\S+) blacklisted (?<transport>\S+) traffic from (?<src_interface>\S+):(?<src_ip>[0-9.]+)\/(?<src_port>[0-9]+).* to (?<dest_interface>\S+):(?<dest_ip>[0-9.]+)\/(?<dest_port>[0-9]+).*resolved from (?<list_id>\S+) list: (?<list_ip>[^,]+), threat-level: (?<threat_level>\S+), category: (?<threat_category>.*)","Traffic from an IP address, which is on an block list in the dynamic filter database, was denied. The threat level is a string that shows one of the following values: none, very-low, low, moderate, high, and very-high. The category is a string that shows the reason why a domain name is on a block list (for example, botnet, Trojan, and spyware)."
338008,"33800[48]: Dynamic filter (?<action>\S+) blacklisted (?<transport>\S+) traffic from (?<src_interface>\S+):(?<src_ip>[0-9.]+)\/(?<src_port>[0-9]+).* to (?<dest_interface>\S+):(?<dest_ip>[0-9.]+)\/(?<dest_port>[0-9]+).*resolved from (?<list_id>\S+) list: (?<list_ip>[^,]+), threat-level: (?<threat_level>\S+), category: (?<threat_category>.*)","Traffic to an IP address, which is on an block list in the dynamic filter database, was denied. The threat level is a string that shows one of the following values: none, very-low, low, moderate, high, and very-high. The category is a string that shows the reason why a domain name is on a block list (for example, botnet, Trojan, and spyware)."
338201,"338201: Dynamic filter (?<action>\S+) greylisted (?<transport>\S+) traffic from (?<src_interface>\S+):(?<src_ip>[0-9.]+)\/(?<src_port>[0-9]+).* to (?<dest_interface>\S+):(?<dest_ip>[0-9.]+)\/(?<dest_port>[0-9]+).*resolved from (?<list_id>\S+) list: (?<src_domain>\S+), threat-level: (?<threat_level>\S+), category: (?<threat_category>.*)","Traffic from a domain, which is on a greylist in the dynamic filter database, has appeared. The threat level is a string that shows one of the following values: none, very-low, low, moderate, high, and very-high. The category is a string that shows the reason why a domain name is on a block list (for example, botnet, Trojan, and spyware)."
338202,"338202: Dynamic filter (?<action>\S+) greylisted (?<transport>\S+) traffic from (?<src_interface>\S+):(?<src_ip>[0-9.]+)\/(?<src_port>[0-9]+).* to (?<dest_interface>\S+):(?<dest_ip>[0-9.]+)\/(?<dest_port>[0-9]+).*resolved from (?<list_id>\S+) list: (?<dest_domain>\S+), threat-level: (?<threat_level>\S+), category: (?<threat_category>.*)","Traffic to a domain name, which is on a gerylist in the dynamic filter database, has appeared. The threat level is a string that shows one of the following values: none, very-low, low, moderate, high, and very-high. The category is a string that shows the reason why a domain name is on a block list (for example, botnet, Trojan, and spyware)."
338203,"33820[34]: Dynamic filter (?<action>\S+) greylisted (?<transport>\S+) traffic from (?<src_interface>\S+):(?<src_ip>[0-9.]+)\/(?<src_port>[0-9]+).* to (?<dest_interface>\S+):(?<dest_ip>[0-9.]+)\/(?<dest_port>[0-9]+).*resolved from (?<list_id>\S+) list: (?<list_ip>[^,]+), threat-level: (?<threat_level>\S+), category: (?<threat_category>.*)","Traffic from a greylisted domain name in the dynamic filter database was denied; however, the malicious IP address was also resolved to domain names that are unknown to the dynamic filter database. The threat level is a string that shows one of the following values: none, very-low, low, moderate, high, and very-high. The category is a string that shows the reason why a domain name is on a block list (for example, botnet, Trojan, and spyware)."
338204,"33820[34]: Dynamic filter (?<action>\S+) greylisted (?<transport>\S+) traffic from (?<src_interface>\S+):(?<src_ip>[0-9.]+)\/(?<src_port>[0-9]+).* to (?<dest_interface>\S+):(?<dest_ip>[0-9.]+)\/(?<dest_port>[0-9]+).*resolved from (?<list_id>\S+) list: (?<list_ip>[^,]+), threat-level: (?<threat_level>\S+), category: (?<threat_category>.*)","Traffic to a greylisted domain name in the dynamic filter database was denied; however, the malicious IP address was also resolved to domain names that are unknown to the dynamic filter database. The threat level is a string that shows one of the following values: none, very-low, low, moderate, high, and very-high. The category is a string that shows the reason why a domain name is on a block list (for example, botnet, Trojan, and spyware)."
338301,"338301: Intercepted DNS reply for domain (?<domain>\S+) from (?<src_interface>\S+):(?<src_ip>[0-9.]+)\/(?<src_port>[0-9]+) to (?<dest_interface>\S+):(?<dest_ip>[0-9.]+)\/(?<dest_port>[0-9]+), matched (?<list_id>\S+)","A DNS reply that was present in an administrator's allow list, block list, or IronPort list was intercepted."
338310,"338310: Failed to update from dynamic filter updater server (?<ph_0>\S+), reason: (?<reason_string>.+)$",The ASA failed to receive an update from the dynamic filter updater server.
339007,"339007: Umbrella resolver (?<current_resolver_ipv46>\S+) is unreachable, moving to fail\-open\. Starting probe to resolver$",Umbrella fail-open has been configured and a resolver unreachabilty has been detected.
339008,"339008: Umbrella resolver (?<current_resolver_ipv46>\S+) is unreachable, moving to fail\-close$",Umbrella fail-open has NOT been configured and a resolver unreachabilty has been detected.
342002,"342002: REST API Agent failed, reason: (?<reason>\S+)\.$","The REST API Agent could fail to start or crash for various reasons, and the reason is specified."
342006,"342006: Failed to install REST API image, reason: (?<reason>\S+)\.$","The REST API image installation may fail, for one of the following reasons: version check failed, image verification failed, image file not found, out of space on flash or mount failed."
342008,"342008: Failed to uninstall REST API image, reason: (?<reason>\S+)\.$",The REST API image could not be uninstalled for the following reasons- unmount failed or REST Agent is enabled.
402114,"402114: IPSEC: Received an (?<protocol>\S+) packet \(SPI= (?<spi>\S+), sequence number= (?<seq_num>\S+)\) from (?<remote_ip>\S+) to (?<local_ip>\S+) with an invalid SPI\.$","An IPsec packet was received that specifies an SPI that does not exist in the SA database. This may be a temporary condition caused by slight differences in aging of SAs between the IPsec peers, or it may be because the local SAs have been cleared. It may also indicate incorrect packets sent by the IPsec peer, which may be part of an attack. This message is rate limited to no more than one message every five seconds."
402116,"402116: IPSEC: Received an (?<protocol>\S+) packet \(SPI= (?<spi>\S+), sequence number= (?<seq_num>\S+)\) from (?<remote_ip>\S+) \(user= (?<user>\S+)\) to (?<local_ip>\S+)\. The decapsulated inner packet doesn't match the negotiated policy in the SA\. The packet specifies its destination as (?<pkt_daddr>\S+), its source as (?<pkt_saddr>\S+), and its protocol as (?<pkt_prot>\S+)\. The SA specifies its local proxy as (?<id_daddr>\S+)/(?<id_dmask>\S+)/(?<id_dprot>\S+)/(?<id_dport>\S+) and its (?<remote_proxy>\S+) as (?<id_saddr>\S+)/(?<id_smask>\S+)/(?<id_sprot>\S+)/(?<id_sport>\S+)\.$",": A decapsulated IPsec packet does not match the negotiated identity. The peer is sending other traffic through this security association, which may be caused by a security association selection error by the peer, or it may be part of an attack. This message is rate limited to no more than one message every five seconds."
402118,"402118: IPSEC: Received an (?<protocol>\S+) packet \(SPI= (?<spi>\S+), sequence number= (?<seq_num>\S+)\) from (?<remote_ip>\S+) \(user= (?<user>\S+)\) to (?<local_ip>\S+) containing an illegal IP fragment of length (?<frag_len>\S+) with offset (?<frag_offset>\S+)\.$",A decapsulatd IPsec packet included an IP fragment with an offset less than or equal to 128 bytes. The latest version of the security architecture for IP RFC recommends 128 bytes as the minimum IP fragment offset to prevent reassembly attacks. This may be part of an attack. This message is rate limited to no more than one message every five seconds.
402119,"402119: IPSEC: Received an (?<protocol>\S+) packet \(SPI= (?<spi>\S+), sequence number= (?<seq_num>\S+)\) from (?<remote_ip>\S+) \(user= (?<user>\S+)\) to (?<local_ip>\S+) that failed anti\-replay checking\.$",An IPsec packet was received with an invalid sequence number. The peer is sending packets including sequence numbers that may have been previously used. This message indicates that an IPsec packet has been received with a sequence number outside of the acceptable window. This packet will be dropped by IPsec as part of a possible attack. This message is rate limited to no more than one message every five seconds.
402120,"402120: IPSEC: Received an (?<protocol>\S+) packet \(SPI= (?<spi>\S+), sequence number= (?<seq_num>\S+)\) from (?<remote_ip>\S+) \(user= (?<user>\S+)\) to (?<local_ip>\S+) that failed authentication\.$","An IPsec packet was received and failed authentication. The packet is dropped. The packet may have been corrupted in transit, or the peer may be sending invalid IPsec packets, which may indicate an attack if many of these packets were received from the same peer. This message is rate limited to no more than one message every five seconds."
402121,"402121: IPSEC: Received an (?<protocol>\S+) packet \(SPI= (?<spi>\S+), sequence number= (?<seq_num>\S+)\) from (?<peer_addr>\S+) \(user= (?<user>\S+)\) to (?<lcl_addr>\S+) that was dropped by IPSec \((?<drop_reason>\S+)\)\.$",An IPsec packet to be decapsulated was received and subsequently dropped by the IPsec subsystem. This may indicate a problem with the Secure Firewall ASA configuration or with the Secure Firewall ASA itself.
402123,"402123: CRYPTO: The (?<accel_type>\S+) hardware accelerator encountered an error \((?<eror_type>\S+), code= (?<error_string>.+?)\) while executing the command (?<command_name>\S+) \((?<command>\S+)\)\.$","An error was detected while running a crypto command with a hardware accelerator, which may indicate a problem with the accelerator. This type of error may occur for a variety of reasons, and this message supplements the crypto accelerator counters to help determine the cause."
402124,"^(?:%ASA-\d+-402124: CRYPTO: The (?<platform>\S+) hardware accelerator encountered an error \(HWErrAddr= 0x(?<error_address>\S+), Core= (?<error_core>\S+), (?<hwerrcode>\S+)= (?<error_code>\S+), (?<istatreg>\S+)= 0x(?<istat>\S+), (?<pcierrreg>\S+)= 0x(?<pci>\S+), (?<coreerrstat>\S+)= 0x(?<core_error_stat>\S+), (?<coreerraddr>\S+)= 0x(?<core_err_address>\S+), Doorbell Size\[0\]= (?<size>\S+), (?<doorbell>\S+) Outstanding\[0\]= (?<outstanding>\S+), Doorbell Size\[1\]= (?<size_2>\S+), (?<doorbell_2>\S+) Outstanding\[1\]= (?<outstanding_2>\S+), SWReset= (?<reset_code>\S+)\)|%ASA-\d+-402124: CRYPTO: The (?<platform>\S+) hardware accelerator encountered an error \(HWErrAddr= 0x(?<error_address>\S+), Core= (?<error_core>\S+), (?<hwerrcode>\S+)= (?<error_code>\S+), Queue= (?<queue_string>\S+) \((?<g_0>\S+)\), (?<istatreg>\S+)= 0x(?<istat>\S+), Station= (?<core_station>\S+), (?<corerptr>\S+)= 0x(?<core_pointer>\S+), (?<coreconfig>\S+)= 0x(?<core_config_pointer>\S+), SWReset= (?<reset_code>\S+)\))$","The crypto hardware chip has reported a fatal error, indicating that the chip is inoperable. The information from this message captures the details to allow further analysis of the problem. The crypto chip is reset when this condition is detected to unobtrusively allow the Secure Firewall ASA to continue functioning. Also, the crypto environment at the time this issue is detected is written to a crypto archive directory on flash to provide further debugging information. Various parameters related to the crypto hardware are included in this message, as follows:"
402125,"402125: CRYPTO: The (?<platform>\S+) hardware accelerator (?<ring_string>\S+) ring timed out \(Desc= 0x(?<descriptor_address>\S+), (?<ctrlstat>\S+)= 0x(?<italic_text>.+), (?<resultp>\S+)= 0x(?<success_pointer>\S+), (?<resultval>\S+)= (?<success_value>\S+), Cmd= 0x(?<crypto_command>\S+), (?<cmdsize>\S+)= (?<command_size>\S+), Param= 0x(?<command_parameters>\S+), Dlen= (?<data_length>\S+), (?<datap>\S+)= 0x(?<data_pointer>\S+), (?<ctxtp>\S+)= 0x(?<vpn_context_pointer>\S+), SWReset= (?<reset_number>\S+)\)$","The crypto driver has detected that either the IPSEC descriptor ring or SSL/Admin descriptor ring is no longer progressing, meaning the crypto chip no longer appears to be functioning. The crypto chip is reset when this condition is detected to unobtrusively allow the Secure Firewall ASA to continue functioning. Also, the crypto environment at the time this issue was detected was written to a crypto archive directory on flash to provide further debugging information."
402128,"402128: CRYPTO: An attempt to allocate a large memory block failed, size: (?<size>\S+), limit: (?<limit>\S+)\.$",An SSL connection is attempting to use more memory than allowed. The request has been denied.
402129,"402129: CRYPTO: An attempt to release a DMA memory block failed, location: (?<address>\S+)\.$",An internal software error has occurred.
402130,"402130: CRYPTO: Received an ESP packet \(SPI = xxxxxxxxxx, sequence number=xxxx\) from 172\.16\.0\.1 \(user=(?<user>\S+)\) to 192\.168\.0\.2 with incorrect IPsec padding\.$",The Secure Firewall ASA crypto hardware accelerator detected an IPsec packet with invalid padding. The ATT VPN client sometimes pads IPsec packets incorrectly.
402141,"402141: CRYPTO: Key zeroization error: key set '(?<type>\S+)', reason '(?<reason>\S+)'$",An error occurred during an RSA public key pair generation.
402142,"402142: CRYPTO: Bulk data (?<op>\S+) error: algorithm '(?<alg>\S+)', mode '(?<mode>\S+)'$",An error occurred during a symmetric key operation.
402144,"402144: CRYPTO: Digital signature error: signature algorithm '(?<sig>\S+)', hash algorithm '(?<hash>\S+)'$",An error occurred during digital signature generation.
402146,"402146: CRYPTO: Keyed hash generation error: algorithm '(?<hash>\S+)', key len (?<len>\S+)$",A keyed hash generation error occurred.
403101,"403101: PPTP session state not established, but received an XGRE packet, (?<tunnel_id>\S+)=(?<number>\S+), (?<session_id>\S+)=(?<number_2>\S+)$",The ASA received a PPTP XGRE packet without a corresponding control connection session.
403102,"403102: PPP virtual (?<interface>\S+) (?<interface_name>\S+) rcvd pkt with invalid protocol: (?<protocol>\S+), reason: (?<reason>\S+)$",The module received an XGRE encapsulated PPP packet with an invalid protocol field.
403109,"403109: Rec'd packet not a PPTP packet\. \(ip\) (?<dest_addr>\S+)= (?<ip>\S+), (?<src_addr>\S+)= (?<dst_ip>(?:\[[^\]]+\]|(?:(?:25[0-5]|2[0-4]\d|1\d\d|[1-9]?\d)\.){3}(?:25[0-5]|2[0-4]\d|1\d\d|[1-9]?\d)|[0-9a-fA-F:.]+)), data: (?<src_ip>(?:\[[^\]]+\]|(?:(?:25[0-5]|2[0-4]\d|1\d\d|[1-9]?\d)\.){3}(?:25[0-5]|2[0-4]\d|1\d\d|[1-9]?\d)|[0-9a-fA-F:.]+))$","The module received a spoofed PPTP packet, which may indicate a hostile event."
403110,"403110: PPP virtual (?<interface>\S+) (?<interface_name>\S+), (?<user_2>\S+): (?<user>\S+) missing MPPE key from aaa server$",The AAA server was not returning the MPPE key attributes required to set up the MPPE encryption policy.
405003,"405003: (?<ip_2>(?:\[[^\]]+\]|(?:(?:25[0-5]|2[0-4]\d|1\d\d|[1-9]?\d)\.){3}(?:25[0-5]|2[0-4]\d|1\d\d|[1-9]?\d)|[0-9a-fA-F:.]+)) collision detected between host (?<ip>(?:\[[^\]]+\]|(?:(?:25[0-5]|2[0-4]\d|1\d\d|[1-9]?\d)\.){3}(?:25[0-5]|2[0-4]\d|1\d\d|[1-9]?\d)|[0-9a-fA-F:.]+)) at (?<mac_address>\S+) and (?<interface>\S+) (?<interface_name>\S+), (?<mac_address_2>\S+)$",A client IP address in the network is the same as the Secure Firewall ASA interface IP address.
405101,(?:405101: Unable to Pre\-allocate H225 Call Signalling Connection for faddr (?<src_ip>(?:\[[^\]]+\]|(?:(?:25[0-5]|2[0-4]\d|1\d\d|[1-9]?\d)\.){3}(?:25[0-5]|2[0-4]\d|1\d\d|[1-9]?\d)|[0-9a-fA-F:.]+)) to laddr (?<dst_ip>(?:\[[^\]]+\]|(?:(?:25[0-5]|2[0-4]\d|1\d\d|[1-9]?\d)\.){3}(?:25[0-5]|2[0-4]\d|1\d\d|[1-9]?\d)|[0-9a-fA-F:.]+))/(?<dst_port>\d+)|%ASA-\d+-405101: Unable to Pre\-allocate H225 Call Signalling Connection for faddr (?<src_ip>(?:\[[^\]]+\]|(?:(?:25[0-5]|2[0-4]\d|1\d\d|[1-9]?\d)\.){3}(?:25[0-5]|2[0-4]\d|1\d\d|[1-9]?\d)|[0-9a-fA-F:.]+))/(?<src_port>\d+) to laddr (?<dst_ip>(?:\[[^\]]+\]|(?:(?:25[0-5]|2[0-4]\d|1\d\d|[1-9]?\d)\.){3}(?:25[0-5]|2[0-4]\d|1\d\d|[1-9]?\d)|[0-9a-fA-F:.]+)))$,The module failed to allocate RAM system memory while starting a connection or has no more address translation slots available.
405102,(?:405102: Unable to Pre\-allocate H245 Connection for faddr (?<src_ip>(?:\[[^\]]+\]|(?:(?:25[0-5]|2[0-4]\d|1\d\d|[1-9]?\d)\.){3}(?:25[0-5]|2[0-4]\d|1\d\d|[1-9]?\d)|[0-9a-fA-F:.]+)) to laddr (?<dst_ip>(?:\[[^\]]+\]|(?:(?:25[0-5]|2[0-4]\d|1\d\d|[1-9]?\d)\.){3}(?:25[0-5]|2[0-4]\d|1\d\d|[1-9]?\d)|[0-9a-fA-F:.]+))/(?<dst_port>\d+)|%ASA-\d+-405102: Unable to Pre\-allocate H245 Connection for faddr (?<src_ip>(?:\[[^\]]+\]|(?:(?:25[0-5]|2[0-4]\d|1\d\d|[1-9]?\d)\.){3}(?:25[0-5]|2[0-4]\d|1\d\d|[1-9]?\d)|[0-9a-fA-F:.]+))/(?<src_port>\d+) to laddr (?<dst_ip>(?:\[[^\]]+\]|(?:(?:25[0-5]|2[0-4]\d|1\d\d|[1-9]?\d)\.){3}(?:25[0-5]|2[0-4]\d|1\d\d|[1-9]?\d)|[0-9a-fA-F:.]+)))$,The Secure Firewall ASA failed to allocate RAM system memory while starting a connection or has no more address translation slots available.
407001,"407001: Deny traffic for local\-host (?<interface_name>\S+):(?<src_ip>(?:\[[^\]]+\]|(?:(?:25[0-5]|2[0-4]\d|1\d\d|[1-9]?\d)\.){3}(?:25[0-5]|2[0-4]\d|1\d\d|[1-9]?\d)|[0-9a-fA-F:.]+)), license limit of (?<number>\S+) exceeded$",The host limit was exceeded. An inside host is counted toward the limit when one of the following conditions is true:
411001,"411001: Line protocol on Interface (?<interface_name>\S+), changed state to up$","The status of the line protocol has changed from down to up . If interface_name is a logical interface name such as inside and outside, this message indicates that the logical interface line protocol has changed from down to up . If interface_name is a physical interface name such as Ethernet0 and GigabitEthernet0/1, this message indicates that the physical interface line protocol has changed from down to up ."
411002,"411002: Line protocol on Interface (?<interface_name>\S+), changed state to down$","The status of the line protocol has changed from up to down. If interface_name is a logical interface name such as inside and outside, this message indicates that the logical interface line protocol has changed from up to down. In this case, the physical interface line protocol status is not affected. If interface_name is a physical interface name such as Ethernet0 and GigabitEthernet0/1, this message indicates that the physical interface line protocol has changed from up to down."
411003,"411003: Interface (?<interface_name>\S+), changed state to administratively up$",The configuration status of the interface has changed from down to up.
411004,"411004: Interface (?<interface_name>\S+), changed state to administratively down$",The configuration status of the interface has changed from down to up.
413004,"413004: Module in slot (?<string_one>\S+) failed to write software v(?<newver>\S+) \(currently v(?<ver>\S+)\), (?<reason>\S+)\. Trying again\.$","The module failed to accept a software version, and will be transitioned to an UNRESPONSIVE state. Another attempt will be made to update the module software."
413005,"^(?:%ASA-\d+-413005: Module (?<module_id>\S+), (?<application>\S+) is not supported ""(?<app_name>\S+)"" version ""(?<app_vers>\S+)"" type (?<app_type>\S+)\.|%ASA-\d+-413005: Module (?<prod_id>\S+) in slot(?<slot_num>\S+) , (?<application>\S+) is not supported (?<app_name>\S+) version (?<app_vers>\S+) type (?<app_type>\S+))$",The module installed in slot slot_num was running an unsupported application version or type.
413006,"413006: (?<prod_id>\S+) Module software version mismatch; slot (?<slot>\S+) is ""(?<prod_id_2>\S+)"" version ""(?<running_vers>\S+)""\. Slot (?<slot_2>\S+) ""(?<prod_id_3>\S+)"" requires version ""(?<required_vers>\S+)""$",The version of software running on the module in slot slot was not the version required by another module.
414005,"414005: TCP Syslog Server (?<intf>\S+) : (?<ip_address>\S+) /(?<port>\S+) connected, New (?<connections>\d+) are permitted based on logging permit\-hostdown policy$","The TCP syslog server for remote host logging was successful, is connected to the server, and new connections are permitted based on the logging permit-hostdown policy. If the logging permit-hostdown policy is configured, a new connection is permitted."
415001,"415001: HTTP \- matched (?<matched_string>\S+) in policy\-map (?<map_name>\S+), header field count exceeded (?<connection_action>\S+) (?<int_type>\S+):(?<ip>(?:\[[^\]]+\]|(?:(?:25[0-5]|2[0-4]\d|1\d\d|[1-9]?\d)\.){3}(?:25[0-5]|2[0-4]\d|1\d\d|[1-9]?\d)|[0-9a-fA-F:.]+))/(?<port_num>\S+) to (?<int_type_2>\S+):(?<ip_2>(?:\[[^\]]+\]|(?:(?:25[0-5]|2[0-4]\d|1\d\d|[1-9]?\d)\.){3}(?:25[0-5]|2[0-4]\d|1\d\d|[1-9]?\d)|[0-9a-fA-F:.]+))/(?<port_num_2>\S+)$",This message is generated when one of the following occurs:
415002,"415002: HTTP \- matched (?<matched_string>\S+) in policy\-map (?<map_name>\S+), header field length exceeded (?<connection_action>\S+) (?<int_type>\S+):(?<ip>(?:\[[^\]]+\]|(?:(?:25[0-5]|2[0-4]\d|1\d\d|[1-9]?\d)\.){3}(?:25[0-5]|2[0-4]\d|1\d\d|[1-9]?\d)|[0-9a-fA-F:.]+))/(?<port_num>\S+) to (?<int_type_2>\S+):(?<ip_2>(?:\[[^\]]+\]|(?:(?:25[0-5]|2[0-4]\d|1\d\d|[1-9]?\d)\.){3}(?:25[0-5]|2[0-4]\d|1\d\d|[1-9]?\d)|[0-9a-fA-F:.]+))/(?<port_num_2>\S+)$",The specified HTTP header field length exceeded the user-configured length.
415003,"415003: HTTP \- matched (?<matched_string>\S+) in policy\-map (?<map_name>\S+), body length exceeded (?<connection_action>\S+) (?<int_type>\S+):(?<ip>(?:\[[^\]]+\]|(?:(?:25[0-5]|2[0-4]\d|1\d\d|[1-9]?\d)\.){3}(?:25[0-5]|2[0-4]\d|1\d\d|[1-9]?\d)|[0-9a-fA-F:.]+))/(?<port_num>\S+) to (?<int_type_2>\S+):(?<ip_2>(?:\[[^\]]+\]|(?:(?:25[0-5]|2[0-4]\d|1\d\d|[1-9]?\d)\.){3}(?:25[0-5]|2[0-4]\d|1\d\d|[1-9]?\d)|[0-9a-fA-F:.]+))/(?<port_num_2>\S+)$",The length of the message body exceeded the user-configured length.
415004,"415004: HTTP \- matched (?<matched_string>\S+) in policy\-map (?<map_name>\S+), content\-type verification failed (?<connection_action>\S+) (?<int_type>\S+):(?<ip>(?:\[[^\]]+\]|(?:(?:25[0-5]|2[0-4]\d|1\d\d|[1-9]?\d)\.){3}(?:25[0-5]|2[0-4]\d|1\d\d|[1-9]?\d)|[0-9a-fA-F:.]+))/(?<port_num>\S+) to (?<int_type_2>\S+):(?<ip_2>(?:\[[^\]]+\]|(?:(?:25[0-5]|2[0-4]\d|1\d\d|[1-9]?\d)\.){3}(?:25[0-5]|2[0-4]\d|1\d\d|[1-9]?\d)|[0-9a-fA-F:.]+))/(?<port_num_2>\S+)$",The magic number in the body of the HTTP message is not the correct magic number for the MIME-type specified in the content-type field in the HTTP message header.
415005,"415005: HTTP \- matched (?<matched_string>\S+) in policy\-map (?<map_name>\S+), URI length exceeded (?<connection_action>\S+) (?<int_type>\S+):(?<ip>(?:\[[^\]]+\]|(?:(?:25[0-5]|2[0-4]\d|1\d\d|[1-9]?\d)\.){3}(?:25[0-5]|2[0-4]\d|1\d\d|[1-9]?\d)|[0-9a-fA-F:.]+))/(?<port_num>\S+) to (?<int_type_2>\S+):(?<ip_2>(?:\[[^\]]+\]|(?:(?:25[0-5]|2[0-4]\d|1\d\d|[1-9]?\d)\.){3}(?:25[0-5]|2[0-4]\d|1\d\d|[1-9]?\d)|[0-9a-fA-F:.]+))/(?<port_num_2>\S+)$",The length of the URI exceeded the user-configured length.
415006,"415006: HTTP \- matched (?<matched_string>\S+) in policy\-map (?<map_name>\S+), URI matched (?<connection_action>\S+) (?<int_type>\S+):(?<ip>(?:\[[^\]]+\]|(?:(?:25[0-5]|2[0-4]\d|1\d\d|[1-9]?\d)\.){3}(?:25[0-5]|2[0-4]\d|1\d\d|[1-9]?\d)|[0-9a-fA-F:.]+))/(?<port_num>\S+) to (?<int_type_2>\S+):(?<ip_2>(?:\[[^\]]+\]|(?:(?:25[0-5]|2[0-4]\d|1\d\d|[1-9]?\d)\.){3}(?:25[0-5]|2[0-4]\d|1\d\d|[1-9]?\d)|[0-9a-fA-F:.]+))/(?<port_num_2>\S+)$",The URI matched the regular expression that the user configured. See the match request uri regex {regex-name | class class-name} command for more information.
415007,"415007: HTTP \- matched (?<matched_string>\S+) in policy\-map (?<map_name>\S+), Body matched (?<connection_action>\S+) (?<int_type>\S+):(?<ip>(?:\[[^\]]+\]|(?:(?:25[0-5]|2[0-4]\d|1\d\d|[1-9]?\d)\.){3}(?:25[0-5]|2[0-4]\d|1\d\d|[1-9]?\d)|[0-9a-fA-F:.]+))/(?<port_num>\S+) to (?<int_type_2>\S+):(?<ip_2>(?:\[[^\]]+\]|(?:(?:25[0-5]|2[0-4]\d|1\d\d|[1-9]?\d)\.){3}(?:25[0-5]|2[0-4]\d|1\d\d|[1-9]?\d)|[0-9a-fA-F:.]+))/(?<port_num_2>\S+)$",The message body matched the regular expression that the user configured. See the match {request | response} body regex {regex-name | class class-name} command for more information.
415008,"415008: HTTP \- matched (?<matched_string>\S+) in policy\-map (?<map_name>\S+), header matched (?<connection_action>\S+) (?<int_type>\S+):(?<ip>(?:\[[^\]]+\]|(?:(?:25[0-5]|2[0-4]\d|1\d\d|[1-9]?\d)\.){3}(?:25[0-5]|2[0-4]\d|1\d\d|[1-9]?\d)|[0-9a-fA-F:.]+))/(?<port_num>\S+) to (?<int_type_2>\S+): (?<ip_2>(?:\[[^\]]+\]|(?:(?:25[0-5]|2[0-4]\d|1\d\d|[1-9]?\d)\.){3}(?:25[0-5]|2[0-4]\d|1\d\d|[1-9]?\d)|[0-9a-fA-F:.]+))/(?<port_num_2>\S+)$",A value in a user-specified field in the message header matched the regular expression that the user configured. See the match {request | response } header header-field-name {regex-name | class class-name} command for more information.
415009,"415009: HTTP \- matched (?<matched_string>\S+) in policy\-map (?<map_name>\S+), method matched (?<connection_action>\S+) (?<int_type>\S+):(?<ip>(?:\[[^\]]+\]|(?:(?:25[0-5]|2[0-4]\d|1\d\d|[1-9]?\d)\.){3}(?:25[0-5]|2[0-4]\d|1\d\d|[1-9]?\d)|[0-9a-fA-F:.]+))/(?<port_num>\S+) to (?<int_type_2>\S+):(?<ip_2>(?:\[[^\]]+\]|(?:(?:25[0-5]|2[0-4]\d|1\d\d|[1-9]?\d)\.){3}(?:25[0-5]|2[0-4]\d|1\d\d|[1-9]?\d)|[0-9a-fA-F:.]+))/(?<port_num_2>\S+)$",The HTTP method matched the user-configured regular expression. See the match request method {regex-name | class class-name} command for more information.
415010,"415010: matched (?<matched_string>\S+) in policy\-map (?<map_name>\S+) , transfer encoding matched (?<connection_action>\S+) from (?<int_type>\S+) :(?<ip>(?:\[[^\]]+\]|(?:(?:25[0-5]|2[0-4]\d|1\d\d|[1-9]?\d)\.){3}(?:25[0-5]|2[0-4]\d|1\d\d|[1-9]?\d)|[0-9a-fA-F:.]+)) /(?<port_num>\S+) to (?<int_type_2>\S+) :(?<ip_2>(?:\[[^\]]+\]|(?:(?:25[0-5]|2[0-4]\d|1\d\d|[1-9]?\d)\.){3}(?:25[0-5]|2[0-4]\d|1\d\d|[1-9]?\d)|[0-9a-fA-F:.]+)) /(?<port_num_2>\S+)$",The value in the transfer encoding field matched the user-configured regular expression or keyword. See the match {request | response} header transfer-encoding {{regex-name | class class-name} | keyword} command for more information.
415012,"415012: HTTP \- matched (?<matched_string>\S+) in policy\-map (?<map_name>\S+), content\-type unknown (?<connection_action>\S+) (?<int_type>\S+):(?<ip>(?:\[[^\]]+\]|(?:(?:25[0-5]|2[0-4]\d|1\d\d|[1-9]?\d)\.){3}(?:25[0-5]|2[0-4]\d|1\d\d|[1-9]?\d)|[0-9a-fA-F:.]+))/(?<port_num>\S+) to (?<int_type_2>\S+):(?<ip_2>(?:\[[^\]]+\]|(?:(?:25[0-5]|2[0-4]\d|1\d\d|[1-9]?\d)\.){3}(?:25[0-5]|2[0-4]\d|1\d\d|[1-9]?\d)|[0-9a-fA-F:.]+))/(?<port_num_2>\S+)$",The content-type field did not contain a MIME type that matches a built-in MIME type.
415014,"415014: HTTP \- matched (?<matched_string>\S+) in policy\-map (?<map_name>\S+), Mime\-type in response wasn't found in the accept\-types of the request (?<connection_action>\S+) (?<int_type>\S+):(?<ip>(?:\[[^\]]+\]|(?:(?:25[0-5]|2[0-4]\d|1\d\d|[1-9]?\d)\.){3}(?:25[0-5]|2[0-4]\d|1\d\d|[1-9]?\d)|[0-9a-fA-F:.]+))/(?<port_num>\S+) to (?<int_type_2>\S+):(?<ip_2>(?:\[[^\]]+\]|(?:(?:25[0-5]|2[0-4]\d|1\d\d|[1-9]?\d)\.){3}(?:25[0-5]|2[0-4]\d|1\d\d|[1-9]?\d)|[0-9a-fA-F:.]+))/(?<port_num_2>\S+)$",The MIME type in an HTTP response was not in the accept field of the request.
415015,"415015: HTTP \- matched (?<matched_string>\S+) in policy\-map (?<map_name>\S+), transfer\-encoding unknown (?<connection_action>\S+) (?<int_type>\S+):(?<ip>(?:\[[^\]]+\]|(?:(?:25[0-5]|2[0-4]\d|1\d\d|[1-9]?\d)\.){3}(?:25[0-5]|2[0-4]\d|1\d\d|[1-9]?\d)|[0-9a-fA-F:.]+))/(?<port_num>\S+) to (?<int_type_2>\S+):(?<ip_2>(?:\[[^\]]+\]|(?:(?:25[0-5]|2[0-4]\d|1\d\d|[1-9]?\d)\.){3}(?:25[0-5]|2[0-4]\d|1\d\d|[1-9]?\d)|[0-9a-fA-F:.]+))/(?<port_num_2>\S+)$",An empty transfer encoding occurred.
415017,"415017: HTTP \- matched (?<matched_string>\S+) in policy\-map (?<map_name>\S+), arguments matched (?<connection_action>\S+)(?<int_type>\S+):(?<ip>(?:\[[^\]]+\]|(?:(?:25[0-5]|2[0-4]\d|1\d\d|[1-9]?\d)\.){3}(?:25[0-5]|2[0-4]\d|1\d\d|[1-9]?\d)|[0-9a-fA-F:.]+))/(?<port_num>\S+) to (?<int_type_2>\S+):(?<ip_2>(?:\[[^\]]+\]|(?:(?:25[0-5]|2[0-4]\d|1\d\d|[1-9]?\d)\.){3}(?:25[0-5]|2[0-4]\d|1\d\d|[1-9]?\d)|[0-9a-fA-F:.]+))/(?<port_num_2>\S+)$",A pattern in the arguments matches the user-configured regular expression or keyword. See the match request args regex {regex-name | class class-name} command for more information.
415018,"415018: HTTP \- matched (?<matched_string>\S+) in policy\-map (?<map_name>\S+), Header length exceeded (?<connection_action>\S+) (?<int_type>\S+):(?<ip>(?:\[[^\]]+\]|(?:(?:25[0-5]|2[0-4]\d|1\d\d|[1-9]?\d)\.){3}(?:25[0-5]|2[0-4]\d|1\d\d|[1-9]?\d)|[0-9a-fA-F:.]+))/(?<port_num>\S+) to (?<int_type_2>\S+):(?<ip_2>(?:\[[^\]]+\]|(?:(?:25[0-5]|2[0-4]\d|1\d\d|[1-9]?\d)\.){3}(?:25[0-5]|2[0-4]\d|1\d\d|[1-9]?\d)|[0-9a-fA-F:.]+))/(?<port_num_2>\S+)$",The total header length exceeded the user-configured length for the header.
415019,"415019: HTTP \- matched (?<matched_string>\S+) in policy\-map (?<map_name>\S+), status line matched (?<connection_action>\S+) (?<int_type>\S+):(?<ip>(?:\[[^\]]+\]|(?:(?:25[0-5]|2[0-4]\d|1\d\d|[1-9]?\d)\.){3}(?:25[0-5]|2[0-4]\d|1\d\d|[1-9]?\d)|[0-9a-fA-F:.]+))/(?<port_num>\S+) to (?<int_type_2>\S+):(?<ip_2>(?:\[[^\]]+\]|(?:(?:25[0-5]|2[0-4]\d|1\d\d|[1-9]?\d)\.){3}(?:25[0-5]|2[0-4]\d|1\d\d|[1-9]?\d)|[0-9a-fA-F:.]+))/(?<port_num_2>\S+)$",The status line in a response matched a user-configured regular expression. See the match response status-line regex {regex-name | class class-name } command for more information.
415020,"415020: HTTP \- matched (?<matched_string>\S+) in policy\-map (?<map_name>\S+), a non\-ASCII character was matched (?<connection_action>\S+) (?<int_type>\S+):(?<ip>(?:\[[^\]]+\]|(?:(?:25[0-5]|2[0-4]\d|1\d\d|[1-9]?\d)\.){3}(?:25[0-5]|2[0-4]\d|1\d\d|[1-9]?\d)|[0-9a-fA-F:.]+))/(?<port_num>\S+) to (?<int_type_2>\S+):(?<ip_2>(?:\[[^\]]+\]|(?:(?:25[0-5]|2[0-4]\d|1\d\d|[1-9]?\d)\.){3}(?:25[0-5]|2[0-4]\d|1\d\d|[1-9]?\d)|[0-9a-fA-F:.]+))/(?<port_num_2>\S+)$",A non-ASCII character was found.
419001,"419001: Dropping TCP packet from (?<src_interface>\S+):(?<src_ip>\S+)/(?<src_port>\d+) to (?<dst_interface>\S+):(?<dest_ip>\S+)/(?<dst_port>\d+), reason: (?<reason>\S+), MSS (?<size>\S+), data (?<size_2>\S+)$",The length of the TCP packet exceeded the MSS advertised in the three-way handshake.
419003,^(?:%ASA-\d+-419003: Cleared TCP urgent flag from (?<out_ifc>\S+):(?<src_ip>(?:\[[^\]]+\]|(?:(?:25[0-5]|2[0-4]\d|1\d\d|[1-9]?\d)\.){3}(?:25[0-5]|2[0-4]\d|1\d\d|[1-9]?\d)|[0-9a-fA-F:.]+))/(?<src_port>\d+) to (?<in_ifc>\S+):(?<dest_ip>\S+)/(?<dst_port>\d+)|%ASA-\d+-419003: Cleared TCP urgent flag\.)$,A duplicate TCP SYN was received during the three-way-handshake that has a different initial sequence number from the SYN that opened the embryonic connection. This may indicate that SYNs are being spoofed. This message occurs in Release 7.0.4.1 and later.
419005,"419005: TCP connection (?<id>\S+) from (?<src_interface>\S+):(?<src_ip>(?:\[[^\]]+\]|(?:(?:25[0-5]|2[0-4]\d|1\d\d|[1-9]?\d)\.){3}(?:25[0-5]|2[0-4]\d|1\d\d|[1-9]?\d)|[0-9a-fA-F:.]+))/(?<src_port>\d+) \((?<src_ip_2>(?:\[[^\]]+\]|(?:(?:25[0-5]|2[0-4]\d|1\d\d|[1-9]?\d)\.){3}(?:25[0-5]|2[0-4]\d|1\d\d|[1-9]?\d)|[0-9a-fA-F:.]+))/(?<src_port_2>\d+)\) to (?<dst_interface>\S+):(?<des_ip>\S+)/(?<des_port>\S+) \((?<des_ip_2>\S+)/(?<des_port_2>\S+)\) duration (?<duration>\d+:\d+:\d+) data (?<bytes>\S+), is kept open by DCD as valid connection$",A TCP connection was kept open by Dead Connection Detection (DCD) as a valid connection.
419006,"419006: Teardown TCP connection (?<id>\S+) from (?<src_interface>\S+):(?<src_ip>(?:\[[^\]]+\]|(?:(?:25[0-5]|2[0-4]\d|1\d\d|[1-9]?\d)\.){3}(?:25[0-5]|2[0-4]\d|1\d\d|[1-9]?\d)|[0-9a-fA-F:.]+))/(?<src_port>\d+) \((?<src_ip_2>(?:\[[^\]]+\]|(?:(?:25[0-5]|2[0-4]\d|1\d\d|[1-9]?\d)\.){3}(?:25[0-5]|2[0-4]\d|1\d\d|[1-9]?\d)|[0-9a-fA-F:.]+))/(?<src_port_2>\d+)\) to (?<dst_ifc>\S+):(?<dst_ip>(?:\[[^\]]+\]|(?:(?:25[0-5]|2[0-4]\d|1\d\d|[1-9]?\d)\.){3}(?:25[0-5]|2[0-4]\d|1\d\d|[1-9]?\d)|[0-9a-fA-F:.]+))/(?<dst_port>\d+) \((?<dst_ip_2>(?:\[[^\]]+\]|(?:(?:25[0-5]|2[0-4]\d|1\d\d|[1-9]?\d)\.){3}(?:25[0-5]|2[0-4]\d|1\d\d|[1-9]?\d)|[0-9a-fA-F:.]+))/(?<dst_port_2>\d+)\) duration (?<duration>\d+:\d+:\d+) data (?<bytes>\S+), DCD probe was not responded from (?<client_server>\S+) (?<interface>\S+) (?<ifc_name>\S+)$",A TCP connection was closed by Dead Connection Detection (DCD) as it is no longer required.
420001,"420001: IPS card not up and fail\-close mode used, dropping (?<icmp>\S+) packet from (?<ifc_in>\S+):(?<sip>\S+)/(?<port>\S+) to (?<ifc_out>\S+):(?<dip>\S+)/(?<port_2>\S+)$","Packets are dropped when the IPS fail-close mode is used, and the IPS card is not up. This message is rate limited."
420006,"420006: Virtual sensor not present and fail\-close mode used, dropping (?<protocol>\S+) packet from (?<ifc_in>\S+):(?<sip>\S+)/(?<sport>\S+) to (?<ifc_out>\S+):(?<dip>\S+)/(?<dport>\S+)$","Packets are dropped when the IPS fail-close mode is used, and the virtual sensor used for the packet is not present."
421001,^(?:%ASA-\d+-421001: \(\?:TCP\|UDP\) flow from (?<interface_name>\S+):(?<ip>(?:\[[^\]]+\]|(?:(?:25[0-5]|2[0-4]\d|1\d\d|[1-9]?\d)\.){3}(?:25[0-5]|2[0-4]\d|1\d\d|[1-9]?\d)|[0-9a-fA-F:.]+))/(?<port>\S+) to (?<interface_name_2>\S+):(?<ip_2>(?:\[[^\]]+\]|(?:(?:25[0-5]|2[0-4]\d|1\d\d|[1-9]?\d)\.){3}(?:25[0-5]|2[0-4]\d|1\d\d|[1-9]?\d)|[0-9a-fA-F:.]+))/(?<port_2>\S+) is dropped because (?<application_id>\S+) has failed\.|%ASA-\d+-421001: \(\?:TCP\|UDP\) flow from (?<interface_name>\S+):(?<ip>(?:\[[^\]]+\]|(?:(?:25[0-5]|2[0-4]\d|1\d\d|[1-9]?\d)\.){3}(?:25[0-5]|2[0-4]\d|1\d\d|[1-9]?\d)|[0-9a-fA-F:.]+))/(?<port>\S+) to (?<interface_name_2>\S+):(?<ip_2>(?:\[[^\]]+\]|(?:(?:25[0-5]|2[0-4]\d|1\d\d|[1-9]?\d)\.){3}(?:25[0-5]|2[0-4]\d|1\d\d|[1-9]?\d)|[0-9a-fA-F:.]+))/(?<port_2>\S+) is skipped because (?<application_id>\S+) has failed\.)$,"A packet was dropped (Error Message 1) or skipped (Error Message 2) because the CSC SSM application failed. By default, this message is rate limited to 1 message every 10 seconds."
426004,"^(?:%ASA-\d+-426004: PORT\-CHANNEL:Interface (?<ifc_name1>\S+) is not compatible with (?<ifc_name>\S+) and will be suspended \((?<speed_of>\S+) (?<ifc_name1_2>\S+) is (?<x_mbps>\S+), (?<y>\S+) is (?<g_1000_mbps>\S+)\)|%ASA-\d+-426004: Interface (?<ifc_name1>\S+) is not compatible with (?<ifc_name1_2>\S+) and will be suspended \((?<ifc_name1_3>\S+) is (?<full_duplex>\S+), (?<ifc_name1_4>\S+) is (?<half_duplex>\S+)\))$",The channel-group num mode mode command is executed on a physical interface and there is a speed or duplex mismatch of this physical interface with that of the port channel.
428002,"428002: WAAS confirmed from (?<in_interface>\S+) :(?<ph_1_____ph_2>\S+) to (?<out_interface>\S+) :(?<ph_5_____ph_6>\S+) , inspection services bypassed on this connection\.$","WAAS optimization was detected on a connection. All layer 7 inspection services, including IPS, are bypassed on WAAS-optimized connections."
429001,"429001: CX card not up and fail\-close mode used, dropping (?<protocol>\S+) packet from (?<interface_name>\S+):(?<ip>(?:\[[^\]]+\]|(?:(?:25[0-5]|2[0-4]\d|1\d\d|[1-9]?\d)\.){3}(?:25[0-5]|2[0-4]\d|1\d\d|[1-9]?\d)|[0-9a-fA-F:.]+))/(?<port>\S+) to (?<interface_name_2>\S+):(?<ip_2>(?:\[[^\]]+\]|(?:(?:25[0-5]|2[0-4]\d|1\d\d|[1-9]?\d)\.){3}(?:25[0-5]|2[0-4]\d|1\d\d|[1-9]?\d)|[0-9a-fA-F:.]+))/(?<port_2>\S+)$",Data has been dropped because an SSP is down and a fail-close policy exists.
431001,"431001: RTP conformance: Dropping RTP packet from (?<in_ifc>\S+):(?<src_ip>(?:\[[^\]]+\]|(?:(?:25[0-5]|2[0-4]\d|1\d\d|[1-9]?\d)\.){3}(?:25[0-5]|2[0-4]\d|1\d\d|[1-9]?\d)|[0-9a-fA-F:.]+))/(?<src_port>\d+) to (?<out_ifc>\S+):(?<dest_ip>\S+)/(?<dst_port>\d+), Drop reason: (?<drop_reason>\S+) (?<value>\S+)$",The RTP packet was dropped.
431002,"431002: RTCP conformance: Dropping RTCP packet from (?<in_ifc>\S+):(?<src_ip>(?:\[[^\]]+\]|(?:(?:25[0-5]|2[0-4]\d|1\d\d|[1-9]?\d)\.){3}(?:25[0-5]|2[0-4]\d|1\d\d|[1-9]?\d)|[0-9a-fA-F:.]+))/(?<src_port>\d+) to (?<out_ifc>\S+):(?<dest_ip>\S+)/(?<dst_port>\d+), Drop reason: (?<drop_reason>\S+) (?<value>\S+)$",The RTCP packet was dropped.
434001,"434001: SFR card not up and fail\-close mode used, dropping (?<protocol>\S+) packet from (?<ingress>\S+):(?<source>\S+)/(?<ip>(?:\[[^\]]+\]|(?:(?:25[0-5]|2[0-4]\d|1\d\d|[1-9]?\d)\.){3}(?:25[0-5]|2[0-4]\d|1\d\d|[1-9]?\d)|[0-9a-fA-F:.]+)) to (?<src_port>\d+):(?<egress_interface>\S+)/(?<destination_ip_address>\S+)$","A packet has been dropped because of a fail-close configuration for the module. Your loss of connectivity for all the flows is caused by redirecting them to the module, because the fail-close configuration is designed to drop all the flows if the module is down."
444008,"444008: (?<license_type>\S+) license has expired, and the system is scheduled to reload in (?<number>\S+) days\. Apply a new activation key to enable (?<license_type_2>\S+) license and prevent the automatic reload\.$","The specific license has expired, which will cause the system to reload in x days. Apply a new activation key to enable the specific license and prevent automatic reload."
444100,"444100: Shared license (?<request>\S+) request failed, Reason: (?<reason>\S+)\.$",A shared license client request was unsuccessfully sent or processed by the server.
444303,"^(?:%ASA-\d+-444303: %SMART_LIC\-3\-AGENT_REG_FAILED: Smart Agent for licensing registration with Cisco licensing cloud failed\.|%ASA-\d+-444303: %SMART_LIC\-3\-AGENT_DEREG_FAILED: Smart Agent for licensing deregistration with CSSM failed\.|%ASA-\d+-444303: %SMART_LIC\-3\-OUT_OF_COMPLIANCE: One or more entitlements are out of compliance\.|%ASA-\d+-444303: %SMART_LIC\-3\-EVAL_EXPIRED: Evaluation period expired\.|%ASA-\d+-444303: %SMART_LIC\-3\-BAD_MODE: An unknown mode was specified\.|%ASA-\d+-444303: %SMART_LIC\-3\-BAD_NOTIF: A bad notification type was specified\.|%ASA-\d+-444303: %SMART_LIC\-3\-ID_CERT_EXPIRED: Identity certificate expired\. Agent will transition to the unidentified \(not registered\) state\.|%ASA-\d+-444303: %SMART_LIC\-3\-ID_CERT_RENEW_NOT_STARTED: Identity certificate start date not reached yet\.|%ASA-\d+-444303: %SMART_LIC\-3\-ID_CERT_RENEW_FAILED: Identity certificate renewal failed\.|%ASA-\d+-444303: %SMART_LIC\-3\-ENTITLEMENT_RENEW_FAILED: Entitlement authorization with Cisco licensing cloud failed\.|%ASA-\d+-444303: %SMART_LIC\-3\-COMM_FAILED: Communications failure with Cisco licensing cloud\.|%ASA-\d+-444303: %SMART_LIC\-3\-CERTIFICATE_VALIDATION: Certificate validation failed by smart agent\.|%ASA-\d+-444303: %SMART_LIC\-3\-AUTH_RENEW_FAILED: Authorization renewal with Cisco licensing cloud failed\.|%ASA-\d+-444303: %SMART_LIC\-3\-INVALID_TAG: The entitlement tag is invalid\.|%ASA-\d+-444303: %SMART_LIC\-3\-INVALID_ROLE_STATE: The current (?<role>\S*) is not allowed to move to the new (?<role_2>\S*)\.|%ASA-\d+-444303: %SMART_LIC\-3\-EVAL_WILL_EXPIRE_WARNING: Evaluation period will expire in time\.|%ASA-\d+-444303: %SMART_LIC\-3\-EVAL_EXPIRED_WARNING: Evaluation period expired on time\.|%ASA-\d+-444303: %SMART_LIC\-3\-ID_CERT_EXPIRED_WARNING: This device's registration will expire in time\.|%ASA-\d+-444303: %SMART_LIC\-3\-CONFIG_OUT_OF_SYNC: Trusted Store Enable flag not in sync with System Configuration, TS flag Config flag\.|%ASA-\d+-444303: %SMART_LIC\-3\-REG_EXPIRED_CLOCK_CHANGE: Smart Licensing registration has expired because the system time was changed outside the validity period of the registration period\. The agent will transition to the un\-registered state in 60 minutes\.|%ASA-\d+-444303: %SMART_LIC\-3\-ROOT_CERT_MISMATCH_PROD: Certificate type mismatch\.|%ASA-\d+-444303: %SMART_LIC\-3\-HOT_STANDBY_OUT_OF_SYNC: Smart Licensing agent on hot standby is out of sync with active Smart Licensing agent\.)$",Smart Licensing registration failed. This may have been caused due to an invalid ID token used during the registration or network connection failure to cisco.com.
444306,^(?:%ASA-\d+-444306: %SMART_LIC\-6\-AGENT_READY: Smart Agent for Licensing is initialized\.|%ASA-\d+-444306: %SMART_LIC\-6\-AGENT_ENABLED: Smart Agent for Licensing is enabled\.|%ASA-\d+-444306: %SMART_LIC\-6\-AGENT_REG_SUCCESS: Smart Agent for Licensing Registration with Cisco licensing cloud successful\.|%ASA-\d+-444306: %SMART_LIC\-6\-AGENT_DEREG_SUCCESS: Smart Agent for Licensing De\-registration with Cisco licensing cloud successful\.|%ASA-\d+-444306: %SMART_LIC\-6\-DISABLED: Smart Agent for Licensing disabled\.|%ASA-\d+-444306: %SMART_LIC\-6\-ID_CERT_RENEW_SUCCESS: Identity certificate renewal successful\.|%ASA-\d+-444306: %SMART_LIC\-6\-ENTITLEMENT_RENEW_SUCCESS: Entitlement authorization renewal with Cisco licensing cloud successful\.|%ASA-\d+-444306: %SMART_LIC\-6\-AUTH_RENEW_SUCCESS: Authorization renewal with Cisco licensing cloud successful\.|%ASA-\d+-444306: %SMART_LIC\-6\-HA_ROLE_CHANGED: Smart Agent HA (?<role>\S*) changed to (?<role_2>\S*)\.|%ASA-\d+-444306: %SMART_LIC\-6\-HA_CHASSIS_ROLE_CHANGED: Smart Agent HA chassis (?<role>\S*) changed to (?<role_2>\S*)\.|%ASA-\d+-444306: %SMART_LIC\-6\-AGENT_ALREADY_REGISTER: Smart Agent is already registered with the Cisco licensing cloud\.|%ASA-\d+-444306: %SMART_LIC\-6\-AGENT_ALREADY_DEREGISTER: Smart Agent is already Deregistered with the CSSM\.|%ASA-\d+-444306: %SMART_LIC\-6\-EXPORT_CONTROLLED: Usage of export controlled features is status\.)$,Smart Agent is initialized and ready for use.
446003,"446003: Denied TLS Proxy session from (?<src_int>\S+) :(?<src_ip>(?:\[[^\]]+\]|(?:(?:25[0-5]|2[0-4]\d|1\d\d|[1-9]?\d)\.){3}(?:25[0-5]|2[0-4]\d|1\d\d|[1-9]?\d)|[0-9a-fA-F:.]+)) /(?<src_port>\d+) to (?<dst_int>\S+) :(?<dst_ip>(?:\[[^\]]+\]|(?:(?:25[0-5]|2[0-4]\d|1\d\d|[1-9]?\d)\.){3}(?:25[0-5]|2[0-4]\d|1\d\d|[1-9]?\d)|[0-9a-fA-F:.]+)) /(?<dst_port>\d+) , UC\-IME license is disabled\.$","The UC-IME license is either on or off. Once enabled, UC-IME can use any number of available TLS sessions, according to the Secure Firewall ASA limit and the K8 export limit."
447001,"447001: ASP DP to CP (?<queue_name>\S+) was full\. Queue length (?<length>\S+), limit (?<limit>\S+)$","This message indicates a particular data path (DP) to control point (CP) event queue is full, and one or more multiple enqueue actions have failed. If the event contains a packet block, such as for CP application inspection, the packet will be dropped by the DP, and a counter from the show asp drop command will increment. If the event is for punt to CP, a typical counter is the Punt no memory ASP-drop counter."
448001,"448001: Denied SRTP crypto session setup on flow from (?<src_int>\S+):(?<src_ip>(?:\[[^\]]+\]|(?:(?:25[0-5]|2[0-4]\d|1\d\d|[1-9]?\d)\.){3}(?:25[0-5]|2[0-4]\d|1\d\d|[1-9]?\d)|[0-9a-fA-F:.]+))/(?<src_port>\d+) to (?<dst_int>\S+):(?<dst_ip>(?:\[[^\]]+\]|(?:(?:25[0-5]|2[0-4]\d|1\d\d|[1-9]?\d)\.){3}(?:25[0-5]|2[0-4]\d|1\d\d|[1-9]?\d)|[0-9a-fA-F:.]+))/(?<dst_port>\d+), licensed K8 SRTP crypto session limit of (?<limit>\S+) exceeded$","For a K8 platform, the limit of 250 SRTP crypto sessions is enforced. Each pair of SRTP encrypt or decrypt sessions is counted as one SRTP crypto session. A call is counted toward this limit only when encryption or decryption is required for a medium, which means that if the pass-through is set for the call, even if both legs use SRTP, they are not counted toward this limit."
450001,"^ASA\-4\-450001: Deny traffic for protocol (?<protocol_id>\S+) src (?<interface_name>\S+) :(?<ip>(?:\[[^\]]+\]|(?:(?:25[0-5]|2[0-4]\d|1\d\d|[1-9]?\d)\.){3}(?:25[0-5]|2[0-4]\d|1\d\d|[1-9]?\d)|[0-9a-fA-F:.]+)) /(?<port>\S+) dst (?<interface_name_2>\S+) :(?<ip_2>(?:\[[^\]]+\]|(?:(?:25[0-5]|2[0-4]\d|1\d\d|[1-9]?\d)\.){3}(?:25[0-5]|2[0-4]\d|1\d\d|[1-9]?\d)|[0-9a-fA-F:.]+)) /(?<port_2>\S+) , licensed host limit of (?<num>\S+) exceeded\.$",The licensed host limit was exceeded. This message applies to the ASA 5505 ASA only.
500001,(?<object>(?:ActiveX|Java)\s+content)\s+in\s+(?<object_category>java\s+script)\s+is\s+(?<action>\S+)\s*:\s*src\s+(?:(?<src_ip>(?:[\d+.]+|[0-9A-Za-f]*:[0-9A-Za-f]*:[0-9A-Za-f:]*))|(?<src_host>\S+))\s+dest\s+(?:(?<dest_ip>(?:[\d+.]+|[0-9A-Za-f]*:[0-9A-Za-f]*:[0-9A-Za-f:]*))|(?<dest_host>\S+))\s+on\s+interface\s+(?<dest_interface>\S+),Ensure the blocking of Java/ActiveX content present in Java script when the policy (filter Java (or) filter ActiveX) is enabled on the Secure Firewall ASA.
500002,(?<object>(?:ActiveX|Java)\s+content)\s+in\s+(?<object_category>java\s+script)\s+is\s+(?<action>\S+)\s*:\s*src\s+(?:(?<src_ip>(?:[\d+.]+|[0-9A-Za-f]*:[0-9A-Za-f]*:[0-9A-Za-f:]*))|(?<src_host>\S+))\s+dest\s+(?:(?<dest_ip>(?:[\d+.]+|[0-9A-Za-f]*:[0-9A-Za-f]*:[0-9A-Za-f:]*))|(?<dest_host>\S+))\s+on\s+interface\s+(?<dest_interface>\S+),Ensure the blocking of Java/ActiveX content present in Java script when the policy (filter Java (or) filter ActiveX) is enabled on the Secure Firewall ASA.
500003,"500003: Bad TCP hdr length \(hdrlen=(?<bytes>\S+), pktlen=(?<bytes_2>\S+)\) from (?<src_ip>(?:\[[^\]]+\]|(?:(?:25[0-5]|2[0-4]\d|1\d\d|[1-9]?\d)\.){3}(?:25[0-5]|2[0-4]\d|1\d\d|[1-9]?\d)|[0-9a-fA-F:.]+))/(?<src_port>\d+) to (?<dst_ip>(?:\[[^\]]+\]|(?:(?:25[0-5]|2[0-4]\d|1\d\d|[1-9]?\d)\.){3}(?:25[0-5]|2[0-4]\d|1\d\d|[1-9]?\d)|[0-9a-fA-F:.]+))/(?<dst_port>\d+), flags:(?<tcp_flags>\S+), on interface(?<interface_name>\S+)$","A header length in TCP was incorrect. Some operating systems do not handle TCP resets (RSTs) correctly when responding to a connection request to a disabled socket. If a client tries to connect to an FTP server outside the Secure Firewall ASA and the FTP server is not listening, then it sends an RST. Some operating systems send incorrect TCP header lengths, which causes this problem. UDP uses ICMP port unreachable messages. The TCP header length may indicate that it is larger than the packet length, which results in a negative number of bytes being transferred. A negative number appears by a message as an unsigned number, which makes it appear much larger than it would be normally; for example, it may show 4 GB transferred in one second. This message should occur infrequently."
500004,"500004: Invalid transport field for protocol=(?<protocol>\S+), from (?<src_ip>(?:\[[^\]]+\]|(?:(?:25[0-5]|2[0-4]\d|1\d\d|[1-9]?\d)\.){3}(?:25[0-5]|2[0-4]\d|1\d\d|[1-9]?\d)|[0-9a-fA-F:.]+))/(?<src_port>\d+) to (?<dst_ip>(?:\[[^\]]+\]|(?:(?:25[0-5]|2[0-4]\d|1\d\d|[1-9]?\d)\.){3}(?:25[0-5]|2[0-4]\d|1\d\d|[1-9]?\d)|[0-9a-fA-F:.]+))/(?<dst_port>\d+)$","An invalid transport number was used, in which the source or destination port number for a protocol is zero. The protocol value is 6 for TCP and 17 for UDP."
502101,(?:New)?\s*(?<object_category>[Uu]ser)\s+(?<action>\S+)\s+(?:to|from)\s+(?<object_path>local)\s+dbase\s*:\s*Uname\s*:\s*(?<user>\S+)\s+Priv\s*:\s*(?<privilege_level>\S+)\s+Encpass\s*:\s*(?<encrypted_password>\S+),"A new username record was created, which included the username, privilege level, and encrypted password."
502102,(?:New)?\s*(?<object_category>[Uu]ser)\s+(?<action>\S+)\s+(?:to|from)\s+(?<object_path>local)\s+dbase\s*:\s*Uname\s*:\s*(?<user>\S+)\s+Priv\s*:\s*(?<privilege_level>\S+)\s+Encpass\s*:\s*(?<encrypted_password>\S+),"A username record was deleted, which included the username, privilege level, and encrypted password."
502103,"502103: .*Uname: (?<user>\S+) From: (?<from_priv_level>\S+) To: (?<to_priv_level>\S+)
502111,(?:New\s+)?(?<object_category>[Gg]roup\s+policy)\s+(?<action>\S+)\s*:\s*name\s*:\s*(?<object>\S+)\s+Type\s*:\s*(?<policy_type>\S+)
502112,(?:New\s+)?(?<object_category>[Gg]roup\s+policy)\s+(?<action>\S+)\s*:\s*name\s*:\s*(?<object>\S+)\s+Type\s*:\s*(?<policy_type>\S+)
503101,"503101: Process (?<d>\S+), Nbr (?<i>\S+) on (?<s>\S+) from (?<s_2>\S+) to (?<s_3>\S+), (?<s_4>\S+)$",An OSPFv3 neighbor has changed its state. The message describes the change and the reason for it. This message appears only if the log-adjacency-changes command is configured for the OSPF process.
504001,(?<object>Security\s+context)\s+(?<context_name>\S+)\s+was\s+(?<action>\S+)
504001,(?<object>Security\s+context)\s+(?<context_name>\S+)\s+was\s+(?<action>\S+),
504002,(?<object>Security\s+context)\s+(?<context_name>\S+)\s+was\s+(?<action>\S+)
504002,(?<object>Security\s+context)\s+(?<context_name>\S+)\s+was\s+(?<action>\S+),
505001,(?<object_category>\S+)\s+(?<object>\S+)\s+(?:is\s+)?(?<action>[^\.\s]+)
505001,(?<object_category>\S+)\s+(?<object>\S+)\s+(?:is\s+)?(?<action>[^\.\s]+),
505002,(?<object_category>\S+)\s+(?<object>\S+)\s+(?:is\s+)?(?<action>[^\.\s]+)
505002,(?<object_category>\S+)\s+(?<object>\S+)\s+(?:is\s+)?(?<action>[^\.\s]+),
505003,(?<object_category>\S+)\s+(?<object>\S+)\s+(?:is\s+)?(?<action>[^\.\s]+)
505003,(?<object_category>\S+)\s+(?<object>\S+)\s+(?:is\s+)?(?<action>[^\.\s]+),
505004,(?<object_category>\S+)\s+(?<object>\S+)\s+(?:is\s+)?(?<action>[^\.\s]+)
505004,(?<object_category>\S+)\s+(?<object>\S+)\s+(?:is\s+)?(?<action>[^\.\s]+),
505005,(?<object_category>\S+)\s+(?<object>\S+)\s+(?:is\s+)?(?<action>[^\.\s]+)
505005,(?<object_category>\S+)\s+(?<object>\S+)\s+(?:is\s+)?(?<action>[^\.\s]+),
505006,(?<object_category>\S+)\s+(?<object>\S+)\s+(?:is\s+)?(?<action>[^\.\s]+)
505006,(?<object_category>\S+)\s+(?<object>\S+)\s+(?:is\s+)?(?<action>[^\.\s]+),
505007,^(?:%ASA-\d+-505007: Module (?<module_id>\S+) is recovering\. Please wait\.\.\.|%ASA-\d+-505007: Module (?<prod_id>\S+) in slot(?<slot_num>\S+) is recovering\. Please wait\.\.\.)$,"A software module is being recovered with the sw-module module service-module-name recover boot command, or a hardware module is being recovered with the hw-module module slotnum recover boot command."
505008,^(?:%ASA-\d+-505008: Module (?<module_id>\S+) software is being updated to v(?<newver>\S+) \(currently v(?<ver>\S+)\)|%ASA-\d+-505008: Module (?<module_id>\S+) in slot (?<slot_num>\S+) software is being updated to (?<newver>\S+) \(currently (?<ver>\S+) \))$,The services module software is being upgraded. The update is proceeding normally.
505011,""505011: *Module +(?<object>[^,\s]+)", Nbr (?<ip>(?:\[[^\]]+\]|(?:(?:25[0-5]|2[0-4]\d|1\d\d|[1-9]?\d)\.){3}(?:25[0-5]|2[0-4]\d|1\d\d|[1-9]?\d)|[0-9a-fA-F:.]+)) on (?<interface_name>\S+) from (?<string>\S+) to (?<string_2>\S+) 
505012,"505012: *Module +(?<object_id>[^\s,]+)(?:\s+in\s+slot\s+(?<slot_num>\d+))?\s*,\s*application\s+(?<action>\S+)\s+(?<app_name>[^\s,]+)\s*,\s*version\s+(?<app_version>\S+)",An application was stopped or removed from a services module. This may occur when the services module upgraded an application or when an application on the services module was stopped or uninstalled.
505013,"505013: *Module +(?<object_id>[^\s,]+)(?:\s+in\s+slot\s+(?<slot_num>\d+))?\s+application\s+(?<action>\S+)\s+from\s*:\s*(?<old_app_name>\S+)\s+version\s+(?<old_app_version>\S+)\s+to\s*:\s*(?<new_app_name>\S+)\s+version\s+(?<new_app_version>.+?)[\s\.]*$","An application version changed, such as after an upgrade. A software update for the application on the services module is complete."
505014,"505014: *Module +(?<object_id>[^\s,]+)(?:\s+in\s+slot\s+(?<slot_num>\d+))?\s*,\s*application\s+down\s+(?<app_name>[^\s,]+)\s*,\s*version\s+(?<app_version>\S+)\s+(?<reason>.+)",The application running on the module is disabled.
505015,"505015: *Module +(?<object_id>[^\s,]+)(?:\s+in\s+slot\s+(?<slot_num>\d+))?\s*,\s*(?<object_category>\S+)\s+(?<action>\S+)\s+(?<app_name>[^,\s]+)\s*,\s*version\s+(?<app_version>\S+)",The application running on the SSM in slot slot_num is up and running.
505016,"505016: *Module +(?<object_id>[^\s,]+)(?:\s+in\s+slot\s+(?<slot_num>\d+))?\s+application\s+(?<action>\S+)\s+from\s*:\s*(?<old_app_name>\S+)\s+version\s+(?<old_app_version>\S+)\s+state\s+(?<old_state>\S+)\s+to\s*:\s*(?<new_app_name>\S+)\s+(?<new_app_version>\S+)\s+state\s+(?<new_state>[^\s.]+)",The application version or a name change was detected.
507003,"507003: .*of type (?<transport>\S+) from the originating interface: (?<src_ip>[0-9.]+)\/(?<src_port>\d+) to (?<dest_interface>\S+) terminated by inspection engine, (?<reason>.*)","The TCP proxy or session API terminated a connection for various reasons, which are provided in the message."
508001,"508001: DCERPC (?<message_type>\S+) non\-standard (?<version_type>\S+) version (?<version_number>\S+) from (?<src_if>\S+):(?<src_ip>(?:\[[^\]]+\]|(?:(?:25[0-5]|2[0-4]\d|1\d\d|[1-9]?\d)\.){3}(?:25[0-5]|2[0-4]\d|1\d\d|[1-9]?\d)|[0-9a-fA-F:.]+))/(?<src_port>\d+) to (?<dest_if>\S+):(?<dest_ip>\S+)/(?<dst_port>\d+), terminating connection\.$","During DCERPC inspection, a message header included a nonstandard major or minor version."
508002,"508002: DCERPC response has low endpoint port (?<port_number>\S+) from (?<src_if>\S+):(?<src_ip>(?:\[[^\]]+\]|(?:(?:25[0-5]|2[0-4]\d|1\d\d|[1-9]?\d)\.){3}(?:25[0-5]|2[0-4]\d|1\d\d|[1-9]?\d)|[0-9a-fA-F:.]+))/(?<src_port>\d+) to (?<dest_if>\S+):(?<dest_ip>\S+)/(?<dst_port>\d+), terminating connection\.$","During DCERPC inspection, a response message included an endpoint port number less than 1024 (in the range of well-known server ports)."
520021,"520021: Error deleting trie entry, (?<error_message>.+)$",A software programming error occurred. The error message can be any of the following:
520022,"520022: Error adding mask entry, (?<error_message>.+)$",A software or hardware error occurred. The error message can be any of the following:
520023,"520023: Invalid pointer to head of tree, 0x(?<radix_node_ptr>\S+)$",A software programming error occurred.
520024,"520024: Orphaned mask %\#x, refcount=(?<radix_mask_ptr>\S+) at %\#x, next=%\#x$",A software programming error occurred.
602101,"602101: PMTU\-D packet (?<number>\S+) bytes greater than effective mtu (?<number_2>\S+), (?<dest_addr>\S+)=(?<dst_ip>(?:\[[^\]]+\]|(?:(?:25[0-5]|2[0-4]\d|1\d\d|[1-9]?\d)\.){3}(?:25[0-5]|2[0-4]\d|1\d\d|[1-9]?\d)|[0-9a-fA-F:.]+)), (?<src_addr>\S+)=(?<src_ip>(?:\[[^\]]+\]|(?:(?:25[0-5]|2[0-4]\d|1\d\d|[1-9]?\d)\.){3}(?:25[0-5]|2[0-4]\d|1\d\d|[1-9]?\d)|[0-9a-fA-F:.]+)), prot=(?<protocol>\S+)$",The Secure Firewall ASA sent an ICMP destination unreachable message and fragmentation is needed.
602103,"602103: IPSEC: Received an ICMP Destination Unreachable from (?<src_addr>\S+) with suggested PMTU of (?<rcvd_mtu>\S+); PMTU updated for SA with peer (?<peer_addr>\S+), SPI (?<spi>\S+), tunnel name (?<user>\S+), old PMTU (?<old_mtu>\S+), new PMTU (?<new_mtu>\S+)$","The MTU of an SA was changed. When a packet is received for an IPsec tunnel, the corresponding SA is located and the MTU is updated based on the MTU suggested in the ICMP packet. If the suggested MTU is greater than 0 but less than 256, then the new MTU is set to 256. If the suggested MTU is 0, the old MTU is reduced by 256 or it is set to 256—whichever value is greater. If the suggested MTU is greater than 256, then the new MTU is set to the suggested value."
602104,"602104: IPSEC: Received an ICMP Destination Unreachable from (?<src_addr>\S+), PMTU is unchanged because suggested PMTU of (?<rcvd_mtu>\S+) is equal to or greater than the current PMTU of (?<curr_mtu>\S+), for SA with peer (?<peer_addr>\S+), SPI (?<spi>\S+), tunnel name (?<user>\S+)$","An ICMP message was received indicating that a packet sent over an IPsec tunnel exceeded the path MTU, and the suggested MTU was greater than or equal to the current MTU. Because the MTU value is already correct, no MTU adjustment is made. This may happen when multiple PMTU messages are received from different intermediate stations, and the MTU is adjusted before the current PMTU message is processed."
602305,"602305: IPSEC: SA creation error, source (?<src_ip>(?:\[[^\]]+\]|(?:(?:25[0-5]|2[0-4]\d|1\d\d|[1-9]?\d)\.){3}(?:25[0-5]|2[0-4]\d|1\d\d|[1-9]?\d)|[0-9a-fA-F:.]+)), destination (?<dst_ip>(?:\[[^\]]+\]|(?:(?:25[0-5]|2[0-4]\d|1\d\d|[1-9]?\d)\.){3}(?:25[0-5]|2[0-4]\d|1\d\d|[1-9]?\d)|[0-9a-fA-F:.]+)), reason (?<error_string>.+?)\.$",An error has occurred while creating an IPsec security association.
602306,"602306: IPSEC: SA change peer IP error, SPI: (?<ipsec_spi>\S+), \(src (?<original_src_ip_address>\S+)/(?<original_src_port>\S+), dest (?<original_dest_ip_address>\S+)/(?<original_dest_port>\S+) => src (?<new_src_ip_address>\S+)/(?<new_src_port>\S+), dest: (?<new_dest_ip_address>\S+)/(?<new_dest_port>\S+)\), reason (?<failure_reason>\S+)\.$",An error has occurred while updating an IPsec tunnel’s peer address for Mobile IKE and the peer address could not be changed.
603101,"603101: PPTP received out of seq or duplicate pkt, (?<tnl_id>\S+)=(?<number>\S+), (?<sess_id>\S+)=(?<number_2>\S+), seq=(?<number_3>\S+)$",The ASA received a PPTP packet that was out of sequence or duplicated.
603104,"603104: PPTP Tunnel created, (?<tunnel_id>\S+) is (?<number>\S+), (?<remote_peer_ip>\S+) is (?<remote_address>\S+), (?<ppp_virtual_interface_id>\S+) is (?<number_2>\S+), (?<client_dynamic_ip>\S+) is (?<ip>(?:\[[^\]]+\]|(?:(?:25[0-5]|2[0-4]\d|1\d\d|[1-9]?\d)\.){3}(?:25[0-5]|2[0-4]\d|1\d\d|[1-9]?\d)|[0-9a-fA-F:.]+)), (?<user_2>\S+) is (?<user>\S+), MPPE_key_strength is (?<string>\S+)$",A PPTP tunnel was created.
603105,"603105: PPTP Tunnel deleted, (?<tunnel_id>\S+) = (?<number>\S+), (?<remote_peer_ip>\S+) = (?<remote_address>\S+)$",A PPTP tunnel was deleted.
603106,"603106: L2TP Tunnel created, (?<tunnel_id>\S+) is (?<number>\S+), (?<remote_peer_ip>\S+) is (?<remote_address>\S+), (?<ppp_virtual_interface_id>\S+) is (?<number_2>\S+), (?<client_dynamic_ip>\S+) is (?<ip>(?:\[[^\]]+\]|(?:(?:25[0-5]|2[0-4]\d|1\d\d|[1-9]?\d)\.){3}(?:25[0-5]|2[0-4]\d|1\d\d|[1-9]?\d)|[0-9a-fA-F:.]+)), (?<user_2>\S+) is (?<user>\S+)$","An L2TP tunnel was created. The username is hidden when invalid or unknown, but appears when valid or the no logging hide username command has been configured."
603107,"603107: L2TP Tunnel deleted, (?<tunnel_id>\S+) = (?<number>\S+), (?<remote_peer_ip>\S+) = (?<remote_address>\S+)$",An L2TP tunnel was deleted.
603108,"603108: Built PPPOE Tunnel, (?<tunnel_id>\S+) = (?<interface_name>\S+), (?<remote_peer_ip>\S+) = (?<number>\S+), (?<ppp_virtual_interface_id>\S+) = (?<ip>(?:\[[^\]]+\]|(?:(?:25[0-5]|2[0-4]\d|1\d\d|[1-9]?\d)\.){3}(?:25[0-5]|2[0-4]\d|1\d\d|[1-9]?\d)|[0-9a-fA-F:.]+)), (?<client_dynamic_ip>\S+) = (?<number_2>\S+), (?<user>\S+) = (?<ip_2>(?:\[[^\]]+\]|(?:(?:25[0-5]|2[0-4]\d|1\d\d|[1-9]?\d)\.){3}(?:25[0-5]|2[0-4]\d|1\d\d|[1-9]?\d)|[0-9a-fA-F:.]+))$",A new PPPoE tunnel was created.
603109,"603109: Teardown PPPOE Tunnel, (?<tunnel_id>\S+) = (?<interface_name>\S+), (?<remote_peer_ip>\S+) = (?<number>\S+)$",A new PPPoE tunnel was deleted.
603110,"603110: Failed to establish L2TP session, (?<tunnel_id_2>\S+) = (?<tunnel_id>\S+), (?<remote_peer_ip>\S+) = (?<ip>(?:\[[^\]]+\]|(?:(?:25[0-5]|2[0-4]\d|1\d\d|[1-9]?\d)\.){3}(?:25[0-5]|2[0-4]\d|1\d\d|[1-9]?\d)|[0-9a-fA-F:.]+)), (?<user_2>\S+) = (?<user>\S+)\. Multiple sessions per tunnel are not supported$",An attempt to establish a second session was detected and denied. Cisco does not support multiple L2TP sessions per tunnel.
604101,"604101: DHCP client (?<interface>\S+) (?<interface_name>\S+): Allocated ip = (?<ip>(?:\[[^\]]+\]|(?:(?:25[0-5]|2[0-4]\d|1\d\d|[1-9]?\d)\.){3}(?:25[0-5]|2[0-4]\d|1\d\d|[1-9]?\d)|[0-9a-fA-F:.]+)), mask = (?<netmask>\S+), gw = (?<gateway_address>\S+)$","The Secure Firewall ASA DHCP client successfully obtained an IP address from a DHCP server. The dhcpc command statement allows the Secure Firewall ASA to obtain an IP address and network mask for a network interface from a DHCP server, as well as a default route. The default route statement uses the gateway address as the address of the default router."
604204,"604204: DHCPv6 delegated prefix (?<delegated_prefix>\S+)/(?<prefix>\S+) got expired on (?<interface>\S+) (?<pd_client_iface>\S+), received from DHCPv6 PD server (?<server_address>\S+)$",This syslog is displayed whenever DHCPv6 PD Client received delegated prefix is getting expired.
604208,"604208: DHCPv6 client address (?<ipv6_address>\S+) got expired on (?<interface>\S+) (?<client_iface>\S+), received from DHCPv6 server (?<server_address>\S+)$",This syslog is displayed whenever DHCPv6 client received address is getting expired.
605004,^(?:%ASA-\d+-605004: Login denied from (?<source_ip_address>\S+)/(?<src_port>\d+) to (?<interface>\S+):(?<destination_ip_address>\S+)/(?<service_name>\S+) for (?<user_2>\S+) \\'(?<user>\S+)\\'|%ASA-\d+-605004: Login denied from (?<serial>\S+) to (?<console>\S+) for (?<user_2>\S+) \\'(?<user>\S+)\\')$,The following form of the message appears when the user attempts to log in to the console:
605005,"Login\s+(?<vendor_action>\S+)\s+from\s+(?:(?<src_ip>(?:[\d+.]+|[0-9A-Za-f]*:[0-9A-Za-f]*:[0-9A-Za-f:]*))|(?<src_host>\S+))\s*\/\s*(?<src_port>\d{1,5})\s+to\s+(?<dest_interface>[^:\s]+)\s*:\s*(?:(?<dest_ip>(?:[\d+.]+|[0-9A-Za-f]*:[0-9A-Za-f]*:[0-9A-Za-f:]*))|(?<dest_host>\S+))\s*\/\s*(?<service>\S+)\s+for\s+user\s+\""?\s*(?<user>[^""\s]+)\s*\""?","A user was authenticated successfully, and a management session started."
608002,"608002: Dropping Skinny message for (?<in_ifc>\S+):(?<src_ip>(?:\[[^\]]+\]|(?:(?:25[0-5]|2[0-4]\d|1\d\d|[1-9]?\d)\.){3}(?:25[0-5]|2[0-4]\d|1\d\d|[1-9]?\d)|[0-9a-fA-F:.]+))/(?<src_port>\d+) to (?<out_ifc>\S+):(?<dest_ip>\S+)/(?<dst_port>\d+), SCCPPrefix length (?<value>\S+) too small$",A Skinny (SSCP) message was received with an SCCP prefix length less than the minimum length configured.
608003,"608003: Dropping Skinny message for (?<in_ifc>\S+):(?<src_ip>(?:\[[^\]]+\]|(?:(?:25[0-5]|2[0-4]\d|1\d\d|[1-9]?\d)\.){3}(?:25[0-5]|2[0-4]\d|1\d\d|[1-9]?\d)|[0-9a-fA-F:.]+))/(?<src_port>\d+) to (?<out_ifc>\S+):(?<dest_ip>\S+)/(?<dst_port>\d+), SCCPPrefix length (?<value>\S+) too large$",A Skinny (SSCP) message was received with an SCCP prefix length greater than the maximum length configured.
608004,"608004: Dropping Skinny message for (?<in_ifc>\S+):(?<src_ip>(?:\[[^\]]+\]|(?:(?:25[0-5]|2[0-4]\d|1\d\d|[1-9]?\d)\.){3}(?:25[0-5]|2[0-4]\d|1\d\d|[1-9]?\d)|[0-9a-fA-F:.]+))/(?<src_port>\d+) to (?<out_ifc>\S+):(?<dest_ip>\S+)/(?<dst_port>\d+), message id (?<value>\S+) not allowed$",This SCCP message ID is not allowed.
608005,"608005: Dropping Skinny message for (?<in_ifc>\S+):(?<src_ip>(?:\[[^\]]+\]|(?:(?:25[0-5]|2[0-4]\d|1\d\d|[1-9]?\d)\.){3}(?:25[0-5]|2[0-4]\d|1\d\d|[1-9]?\d)|[0-9a-fA-F:.]+))/(?<src_port>\d+) to (?<out_ifc>\S+):(?<dest_ip>\S+)/(?<dst_port>\d+), message id (?<value>\S+) registration not complete$","This SCCP message ID is not allowed, because the endpoint did not complete registration."
611101,"611101: User authentication succeeded: (?<ip_2>(?:\[[^\]]+\]|(?:(?:25[0-5]|2[0-4]\d|1\d\d|[1-9]?\d)\.){3}(?:25[0-5]|2[0-4]\d|1\d\d|[1-9]?\d)|[0-9a-fA-F:.]+)): (?<ip>(?:\[[^\]]+\]|(?:(?:25[0-5]|2[0-4]\d|1\d\d|[1-9]?\d)\.){3}(?:25[0-5]|2[0-4]\d|1\d\d|[1-9]?\d)|[0-9a-fA-F:.]+)), Uname: (?<user>\S+)$","User authentication succeeded when accessing the Secure Firewall ASA. The username is hidden when invalid or unknown, but appears when valid or the no logging hide username command has been configured."
611102,"611102: User authentication failed: (?<ip_2>(?:\[[^\]]+\]|(?:(?:25[0-5]|2[0-4]\d|1\d\d|[1-9]?\d)\.){3}(?:25[0-5]|2[0-4]\d|1\d\d|[1-9]?\d)|[0-9a-fA-F:.]+)): (?<ph_0>\S+), Uname: (?<user>\S+)$","User authentication failed when attempting to access the Secure Firewall ASA. The username is hidden when invalid or unknown, but appears when valid or the no logging hide username command has been configured."
612001,"612001: Auto Update succeeded: (?<filename>\S+), version: (?<number>\S+)$","An update from an Auto Update server was successful. The filename variable is image, ASDM file, or configuration. The version number variable is the version number of the update."
612002,"612002: Auto Update failed: (?<filename>\S+), version: (?<number>\S+), reason: (?<reason>\S+)$",An update from an Auto Update server failed.
612003,"612003: Auto Update failed to contact: (?<url>\S+), reason: (?<reason>\S+)$","The Auto Update daemon was unable to contact the specified URL url, which can be the URL of the Auto Update server or one of the file server URLs returned by the Auto Update server. The reason field describes why the contact failed. Possible reasons for the failure include no response from the server, authentication failed, or a file was not found."
613017,"613017: Bad LSA mask: Type number, LSID (?<ip>(?:\[[^\]]+\]|(?:(?:25[0-5]|2[0-4]\d|1\d\d|[1-9]?\d)\.){3}(?:25[0-5]|2[0-4]\d|1\d\d|[1-9]?\d)|[0-9a-fA-F:.]+)) Mask (?<mask>\S+) from (?<ip_2>(?:\[[^\]]+\]|(?:(?:25[0-5]|2[0-4]\d|1\d\d|[1-9]?\d)\.){3}(?:25[0-5]|2[0-4]\d|1\d\d|[1-9]?\d)|[0-9a-fA-F:.]+))$","The router received an LSA with an invalid LSA mask because of an incorrect configuration from the LSA originator. As a result, this route is not installed in the routing table."
613025,"613025: Invalid build flag number for LSA (?<ip>(?:\[[^\]]+\]|(?:(?:25[0-5]|2[0-4]\d|1\d\d|[1-9]?\d)\.){3}(?:25[0-5]|2[0-4]\d|1\d\d|[1-9]?\d)|[0-9a-fA-F:.]+)), type number$",An internal error occurred.
613032,"613032: Init failed for (?<interface>\S+) inside, area is being deleted\. Try again\.$",The interface initialization failed. The possible reasons include the following:
613040,"613040: OSPF\-1 Area string: Router (?<ip>(?:\[[^\]]+\]|(?:(?:25[0-5]|2[0-4]\d|1\d\d|[1-9]?\d)\.){3}(?:25[0-5]|2[0-4]\d|1\d\d|[1-9]?\d)|[0-9a-fA-F:.]+)) originating invalid type number LSA, ID (?<ip_2>(?:\[[^\]]+\]|(?:(?:25[0-5]|2[0-4]\d|1\d\d|[1-9]?\d)\.){3}(?:25[0-5]|2[0-4]\d|1\d\d|[1-9]?\d)|[0-9a-fA-F:.]+)), Metric number on Link ID (?<ip_3>(?:\[[^\]]+\]|(?:(?:25[0-5]|2[0-4]\d|1\d\d|[1-9]?\d)\.){3}(?:25[0-5]|2[0-4]\d|1\d\d|[1-9]?\d)|[0-9a-fA-F:.]+)) Link Type number$","The router indicated in this message has originated an LSA with an invalid metric. If this is a router LSA and the link metric is zero, a risk of routing loops and traffic loss in the network exists."
613041,"613041: OSPF\-100 Areav string: LSA ID (?<ip>(?:\[[^\]]+\]|(?:(?:25[0-5]|2[0-4]\d|1\d\d|[1-9]?\d)\.){3}(?:25[0-5]|2[0-4]\d|1\d\d|[1-9]?\d)|[0-9a-fA-F:.]+)), Type number, Adv\-rtr (?<ip_2>(?:\[[^\]]+\]|(?:(?:25[0-5]|2[0-4]\d|1\d\d|[1-9]?\d)\.){3}(?:25[0-5]|2[0-4]\d|1\d\d|[1-9]?\d)|[0-9a-fA-F:.]+)), LSA counter (?<donotage>\S+)$",An internal error has corrected itself. There is no operational effect related to this error message.
617001,"617001: GTPv(version) (?<msg_type>\S+) from (?<dst_interface>\S+):(?<dst_ip>(?:\[[^\]]+\]|(?:(?:25[0-5]|2[0-4]\d|1\d\d|[1-9]?\d)\.){3}(?:25[0-5]|2[0-4]\d|1\d\d|[1-9]?\d)|[0-9a-fA-F:.]+))/(?<dst_port>\d+) not accepted by (?<source_interface>\S+):(?<src_ip>(?:\[[^\]]+\]|(?:(?:25[0-5]|2[0-4]\d|1\d\d|[1-9]?\d)\.){3}(?:25[0-5]|2[0-4]\d|1\d\d|[1-9]?\d)|[0-9a-fA-F:.]+))/(?<src_port>\d+), Cause: value (?<cause_info>\S+) \((?<cause_string>\S+)\)$","A request was not accepted by the peer, which is usually seen with a Create PDP Context request."
617002,"^(?:%ASA-\d+-617002: Removing v0 PDP Context with TID (?<tid>\S+) from GGSN (?<ip>(?:\[[^\]]+\]|(?:(?:25[0-5]|2[0-4]\d|1\d\d|[1-9]?\d)\.){3}(?:25[0-5]|2[0-4]\d|1\d\d|[1-9]?\d)|[0-9a-fA-F:.]+)) and SGSN (?<ip_2>(?:\[[^\]]+\]|(?:(?:25[0-5]|2[0-4]\d|1\d\d|[1-9]?\d)\.){3}(?:25[0-5]|2[0-4]\d|1\d\d|[1-9]?\d)|[0-9a-fA-F:.]+)), Cause: value (?<error_code>\S+) \((?<string>\S+)\), Reason: (?<reason>\S+)|%ASA-\d+-617002: Removing v1 \(\?:primary | secondary\) PDP Context with TID (?<tid>\S+) from GGSN (?<ip>(?:\[[^\]]+\]|(?:(?:25[0-5]|2[0-4]\d|1\d\d|[1-9]?\d)\.){3}(?:25[0-5]|2[0-4]\d|1\d\d|[1-9]?\d)|[0-9a-fA-F:.]+)) and SGSN (?<ip_2>(?:\[[^\]]+\]|(?:(?:25[0-5]|2[0-4]\d|1\d\d|[1-9]?\d)\.){3}(?:25[0-5]|2[0-4]\d|1\d\d|[1-9]?\d)|[0-9a-fA-F:.]+)), Cause: value (?<error_code>\S+) \((?<string>\S+)\), Reason: (?<reason>\S+)|%ASA-\d+-617002: Removing v2 \(\?:primary | secondary\) PDP Context with TID (?<tid>\S+) from PGW (?<ip>(?:\[[^\]]+\]|(?:(?:25[0-5]|2[0-4]\d|1\d\d|[1-9]?\d)\.){3}(?:25[0-5]|2[0-4]\d|1\d\d|[1-9]?\d)|[0-9a-fA-F:.]+)) and SGW (?<ip_2>(?:\[[^\]]+\]|(?:(?:25[0-5]|2[0-4]\d|1\d\d|[1-9]?\d)\.){3}(?:25[0-5]|2[0-4]\d|1\d\d|[1-9]?\d)|[0-9a-fA-F:.]+)), Cause: value (?<error_code>\S+) \((?<string>\S+)\), Reason: (?<reason>\S+))$","A PDP context was removed from the database either because it expired, a Delete PDP Context Request/Response was exchanged, or a user removed it using the CLI."
618001,"^(?:%ASA-\d+-618001: Denied STUN packet (?<msg_type>\S+) from (?<inside_ifc>\S+):(?<source_addr>\S+)/(?<src_port>\d+) to (?<outside_ifc>\S+):(?<destination_addr>\S+)/(?<dst_port>\d+) for connection (?<conn_id>\d+), malformed message header|%ASA-\d+-618001: Denied STUN packet (?<msg_type>\S+) from (?<inside_ifc>\S+):(?<source_addr>\S+)/(?<src_port>\d+) to (?<outside_ifc>\S+):(?<destination_addr>\S+)/(?<dst_port>\d+) for connection (?<conn_id>\d+), translation id doesn't match previous entry)$",This syslog is modeled after 4313009. This message is rate limited to 25 logs per second.
620001,^(?:%ASA-\d+-620001: Pre\-allocate CTIQBE \(\?:RTP | RTCP\) channel for (?<interface_name>\S+):(?<dst_ip>(?:\[[^\]]+\]|(?:(?:25[0-5]|2[0-4]\d|1\d\d|[1-9]?\d)\.){3}(?:25[0-5]|2[0-4]\d|1\d\d|[1-9]?\d)|[0-9a-fA-F:.]+)) to (?<interface_name_2>\S+):(?<src_ip>(?:\[[^\]]+\]|(?:(?:25[0-5]|2[0-4]\d|1\d\d|[1-9]?\d)\.){3}(?:25[0-5]|2[0-4]\d|1\d\d|[1-9]?\d)|[0-9a-fA-F:.]+))/(?<src_port>\d+) from (?<message_name>\S+) message|%ASA-\d+-620001: Pre\-allocate CTIQBE \(\?:RTP | RTCP\) channel for (?<interface_name>\S+):(?<dst_ip>(?:\[[^\]]+\]|(?:(?:25[0-5]|2[0-4]\d|1\d\d|[1-9]?\d)\.){3}(?:25[0-5]|2[0-4]\d|1\d\d|[1-9]?\d)|[0-9a-fA-F:.]+))/(?<dst_port>\d+) to (?<interface_name_2>\S+):(?<src_ip>(?:\[[^\]]+\]|(?:(?:25[0-5]|2[0-4]\d|1\d\d|[1-9]?\d)\.){3}(?:25[0-5]|2[0-4]\d|1\d\d|[1-9]?\d)|[0-9a-fA-F:.]+)) from (?<message_name>\S+) message)$,The ASA preallocated a connection object for the specified CTIQBE media traffic. This message is rate limited to one message every 10 seconds.
621001,"621001: Interface (?<interface_name>\S+) does not support multicast, not enabled (?<interface_name_2>\S+) does not support multicast, not enabled$",An attempt was made to enable PIM on an interface that does not support multicast.
621002,"621002: Interface (?<interface_name>\S+) does not support multicast, not enabled (?<interface_name_2>\S+) does not support multicast, not enabled$",An attempt was made to enable IGMP on an interface that does not support multicast.
621006,"621006: Mrib disconnected, \((?<ip>(?:\[[^\]]+\]|(?:(?:25[0-5]|2[0-4]\d|1\d\d|[1-9]?\d)\.){3}(?:25[0-5]|2[0-4]\d|1\d\d|[1-9]?\d)|[0-9a-fA-F:.]+)),(?<ip_2>(?:\[[^\]]+\]|(?:(?:25[0-5]|2[0-4]\d|1\d\d|[1-9]?\d)\.){3}(?:25[0-5]|2[0-4]\d|1\d\d|[1-9]?\d)|[0-9a-fA-F:.]+))\) event cancelled, \((?<ip_3>(?:\[[^\]]+\]|(?:(?:25[0-5]|2[0-4]\d|1\d\d|[1-9]?\d)\.){3}(?:25[0-5]|2[0-4]\d|1\d\d|[1-9]?\d)|[0-9a-fA-F:.]+)) ,(?<ip_4>(?:\[[^\]]+\]|(?:(?:25[0-5]|2[0-4]\d|1\d\d|[1-9]?\d)\.){3}(?:25[0-5]|2[0-4]\d|1\d\d|[1-9]?\d)|[0-9a-fA-F:.]+)) \) event cancelled$","A packet triggering a data-driven event was received, but the connection to the MRIB was down. The notification was canceled."
621007,"621007: Bad register from (?<interface_name>\S+):(?<ip>(?:\[[^\]]+\]|(?:(?:25[0-5]|2[0-4]\d|1\d\d|[1-9]?\d)\.){3}(?:25[0-5]|2[0-4]\d|1\d\d|[1-9]?\d)|[0-9a-fA-F:.]+)) to (?<ip_2>(?:\[[^\]]+\]|(?:(?:25[0-5]|2[0-4]\d|1\d\d|[1-9]?\d)\.){3}(?:25[0-5]|2[0-4]\d|1\d\d|[1-9]?\d)|[0-9a-fA-F:.]+)) for \((?<ip_3>(?:\[[^\]]+\]|(?:(?:25[0-5]|2[0-4]\d|1\d\d|[1-9]?\d)\.){3}(?:25[0-5]|2[0-4]\d|1\d\d|[1-9]?\d)|[0-9a-fA-F:.]+)), (?<ip_4>(?:\[[^\]]+\]|(?:(?:25[0-5]|2[0-4]\d|1\d\d|[1-9]?\d)\.){3}(?:25[0-5]|2[0-4]\d|1\d\d|[1-9]?\d)|[0-9a-fA-F:.]+))\) (?<interface_name_2>\S+) :(?<ip_5>(?:\[[^\]]+\]|(?:(?:25[0-5]|2[0-4]\d|1\d\d|[1-9]?\d)\.){3}(?:25[0-5]|2[0-4]\d|1\d\d|[1-9]?\d)|[0-9a-fA-F:.]+)) to (?<ip_6>(?:\[[^\]]+\]|(?:(?:25[0-5]|2[0-4]\d|1\d\d|[1-9]?\d)\.){3}(?:25[0-5]|2[0-4]\d|1\d\d|[1-9]?\d)|[0-9a-fA-F:.]+)) for \((?<ip_7>(?:\[[^\]]+\]|(?:(?:25[0-5]|2[0-4]\d|1\d\d|[1-9]?\d)\.){3}(?:25[0-5]|2[0-4]\d|1\d\d|[1-9]?\d)|[0-9a-fA-F:.]+)) , (?<ip_8>(?:\[[^\]]+\]|(?:(?:25[0-5]|2[0-4]\d|1\d\d|[1-9]?\d)\.){3}(?:25[0-5]|2[0-4]\d|1\d\d|[1-9]?\d)|[0-9a-fA-F:.]+)) \)$",A PIM router configured as a rendezvous point or with NAT has received a PIM register packet from another PIM router. The data encapsulated in this packet is invalid.
622001,"622001: (?<action>\S+) tracked route (?<destination_network>\S+) (?<netmask>\S+) (?<nexthop_address>\S+), distance (?<admin_distance>\S+), table (?<routing_table_name>\S+), on (?<interface>\S+) (?<interface_name>\S+)(?<string>\S+) tracked route (?<italic_text>.+) , distance (?<number>\S+) , table (?<string_2>\S+) , on (?<interface_2>\S+) (?<interface_name_2>\S+)$","A tracked route has been added to or removed from a routing table, which means that the state of the tracked object has changed from up or down."
622101,"622101: Starting regex table compilation for (?<match_command>\S+), table entries = (?<regex_num>\S+) entries$",Information on the background activities of regex compilation appear.
622102,"622102: Completed regex table compilation for (?<match_command>\S+), table size = (?<num>\S+) bytes$",Information on the background activities of the regex compilation appear.
711002,"711002: Task ran for (?<elapsed_time>\S+) msec, Process = (?<process_name>\S+), PC = (?<pc>\S+), Traceback = (?<traceback>\S+)$","A process used the CPU for more than 100 milliseconds. This message is used for debugging CPU purposes, and can appear once every five seconds for each offending process."
711004,"711004: Task ran for (?<dur>\S+) msec, Process = (?<process>[^,]*), PC = (?<pc>[^,]+), Call stack = (?<call_stack>.*)","A process used the CPU for more than 100 milliseconds. This message is used for debugging CPU purposes, and can appear once every five seconds for each offending process."
713004,"713004: (?<device>\S+) scheduled for reboot, IKE key acquire message on (?<interface_2>\S+) (?<italic_text>.+), for peer (?<ip>(?:\[[^\]]+\]|(?:(?:25[0-5]|2[0-4]\d|1\d\d|[1-9]?\d)\.){3}(?:25[0-5]|2[0-4]\d|1\d\d|[1-9]?\d)|[0-9a-fA-F:.]+)) ignored$","The Secure Firewall ASA has received an IKE packet from a remote entity trying to initiate a tunnel. Because the Secure Firewall ASA is scheduled for a reboot or shutdown, it does not allow any more tunnels to be established. The IKE packet is ignored and dropped."
713006,"713006: Group = (?<groupname>\S+), Username = (?<user>\S+), IP = (?<peerip>\S+) Failed to obtain state for message Id (?<message_number>\S+), Peer Address: (?<ip>(?:\[[^\]]+\]|(?:(?:25[0-5]|2[0-4]\d|1\d\d|[1-9]?\d)\.){3}(?:25[0-5]|2[0-4]\d|1\d\d|[1-9]?\d)|[0-9a-fA-F:.]+))$","The Secure Firewall ASA does not know about the received message ID. The message ID is used to identify a specific IKE Phase 2 negotiation. An error condition on the Secure Firewall ASA may have occurred, and may indicate that the two IKE peers are out-of-sync."
713010,"713010: Group = (?<groupname>\S+), Username = (?<user>\S+), IP = (?<peerip>\S+) (?<italic_text>.+): failed to find centry for message Id (?<message_number>\S+)(?<message_number_2>\S+)$",
713012,"713012: Group = (?<groupname>\S+), Username = (?<user>\S+), IP = (?<peerip>\S+) Unknown protocol \((?<protocol>\S+) \)\. Not adding SA w/spi= (?<italic_text>.+)$",An illegal or unsupported IPsec protocol has been received from the peer.
713014,"713014: Group = (?<groupname>\S+), Username = (?<user>\S+), IP = (?<peerip>\S+) Unknown Domain of Interpretation \(DOI\): (?<italic_text>.+)$",The ISAKMP DOI received from the peer is unsupported.
713016,"713016: Group = (?<groupname>\S+), Username = (?<user>\S+), IP = (?<peerip>\S+) Unknown identification type, Phase (?<italic_text>.+), Type (?<id_type>\S+)$",The ID received from the peer is unknown. The ID can be an unfamiliar valid ID or an invalid or corrupted ID.
713017,"713017: Group = (?<groupname>\S+), Username = (?<user>\S+), IP = (?<peerip>\S+) Identification type not supported, Phase (?<italic_text>.+), Type (?<id_type>\S+)$","The Phase 1 or Phase 2 ID received from the peer is legal, but not supported."
713018,"713018: IP = (?<peerip>\S+) Unknown ID type during find of group name for certs, Type (?<id_type>\S+)$",Tn internal software error has occurred.
713024,"713024: Group = (?<groupname>\S+), Username = (?<user>\S+), IP = (?<peerip>\S+) Group (?<group>\S+) IP (?<ip>\S+) Received local Proxy Host data in ID Payload: Address (?<ip_2>(?:\[[^\]]+\]|(?:(?:25[0-5]|2[0-4]\d|1\d\d|[1-9]?\d)\.){3}(?:25[0-5]|2[0-4]\d|1\d\d|[1-9]?\d)|[0-9a-fA-F:.]+)), Protocol (?<protocol>\S+), Port (?<port>\S+)$",The Secure Firewall ASA has received the Phase 2 local proxy ID payload from the remote peer.
713025,"713025: Group = (?<groupname>\S+), Username = (?<user>\S+), IP = (?<peerip>\S+) Received remote Proxy Host data in ID Payload: Address (?<ip>(?:\[[^\]]+\]|(?:(?:25[0-5]|2[0-4]\d|1\d\d|[1-9]?\d)\.){3}(?:25[0-5]|2[0-4]\d|1\d\d|[1-9]?\d)|[0-9a-fA-F:.]+)), Protocol (?<protocol>\S+), Port (?<port>\S+)$",The Secure Firewall ASA has received the Phase 2 local proxy ID payload from the remote peer.
713028,"713028: Group = (?<groupname>\S+), Username = (?<user>\S+), IP = (?<peerip>\S+) Received local Proxy Range data in ID Payload: Addresses (?<ip>(?:\[[^\]]+\]|(?:(?:25[0-5]|2[0-4]\d|1\d\d|[1-9]?\d)\.){3}(?:25[0-5]|2[0-4]\d|1\d\d|[1-9]?\d)|[0-9a-fA-F:.]+)) \- (?<ip_2>(?:\[[^\]]+\]|(?:(?:25[0-5]|2[0-4]\d|1\d\d|[1-9]?\d)\.){3}(?:25[0-5]|2[0-4]\d|1\d\d|[1-9]?\d)|[0-9a-fA-F:.]+)), Protocol (?<protocol>\S+), Port (?<port>\S+)$","The Secure Firewall ASA has received the Phase 2 local proxy ID payload of the remote peer, which includes an IP address range."
713029,"713029: Group = (?<groupname>\S+), Username = (?<user>\S+), IP = (?<peerip>\S+) Received remote Proxy Range data in ID Payload: Addresses (?<ip>(?:\[[^\]]+\]|(?:(?:25[0-5]|2[0-4]\d|1\d\d|[1-9]?\d)\.){3}(?:25[0-5]|2[0-4]\d|1\d\d|[1-9]?\d)|[0-9a-fA-F:.]+)) \- (?<ip_2>(?:\[[^\]]+\]|(?:(?:25[0-5]|2[0-4]\d|1\d\d|[1-9]?\d)\.){3}(?:25[0-5]|2[0-4]\d|1\d\d|[1-9]?\d)|[0-9a-fA-F:.]+)), Protocol (?<protocol>\S+), Port (?<port>\S+)$","The Secure Firewall ASA has received the Phase 2 local proxy ID payload of the remote peer, which includes an IP address range."
713032,"713032: Group = (?<groupname>\S+), Username = (?<user>\S+), IP = (?<peerip>\S+) Received invalid local Proxy Range (?<ip>(?:\[[^\]]+\]|(?:(?:25[0-5]|2[0-4]\d|1\d\d|[1-9]?\d)\.){3}(?:25[0-5]|2[0-4]\d|1\d\d|[1-9]?\d)|[0-9a-fA-F:.]+)) \- (?<ip_2>(?:\[[^\]]+\]|(?:(?:25[0-5]|2[0-4]\d|1\d\d|[1-9]?\d)\.){3}(?:25[0-5]|2[0-4]\d|1\d\d|[1-9]?\d)|[0-9a-fA-F:.]+))$","The local ID payload included the range ID type, and the specified low address was not less than the high address. A configuration problem may exist."
713033,"713033: Group = (?<groupname>\S+), Username = (?<user>\S+), IP = (?<peerip>\S+) Received invalid remote Proxy Range (?<ip>(?:\[[^\]]+\]|(?:(?:25[0-5]|2[0-4]\d|1\d\d|[1-9]?\d)\.){3}(?:25[0-5]|2[0-4]\d|1\d\d|[1-9]?\d)|[0-9a-fA-F:.]+)) \- (?<ip_2>(?:\[[^\]]+\]|(?:(?:25[0-5]|2[0-4]\d|1\d\d|[1-9]?\d)\.){3}(?:25[0-5]|2[0-4]\d|1\d\d|[1-9]?\d)|[0-9a-fA-F:.]+)) Received invalid remote Proxy Range (?<ip_3>(?:\[[^\]]+\]|(?:(?:25[0-5]|2[0-4]\d|1\d\d|[1-9]?\d)\.){3}(?:25[0-5]|2[0-4]\d|1\d\d|[1-9]?\d)|[0-9a-fA-F:.]+)) \- (?<ip_4>(?:\[[^\]]+\]|(?:(?:25[0-5]|2[0-4]\d|1\d\d|[1-9]?\d)\.){3}(?:25[0-5]|2[0-4]\d|1\d\d|[1-9]?\d)|[0-9a-fA-F:.]+))$","The remote ID payload included the range ID type, and the specified low address was not less than the high address. A configuration problem may exist."
713034,"713034: Group = (?<groupname>\S+), Username = (?<user>\S+), IP = (?<peerip>\S+) Received local IP Proxy Subnet data in ID Payload: Address (?<ip>(?:\[[^\]]+\]|(?:(?:25[0-5]|2[0-4]\d|1\d\d|[1-9]?\d)\.){3}(?:25[0-5]|2[0-4]\d|1\d\d|[1-9]?\d)|[0-9a-fA-F:.]+)), Mask (?<netmask>\S+), Protocol (?<protocol>\S+), Port (?<port>\S+)$",The local IP proxy subnet data has been received in the Phase 2 ID payload.
713035,"713035: Group = (?<groupname>\S+), Username = (?<user>\S+), IP = (?<peerip>\S+) Group (?<group>\S+) IP (?<ip>\S+) Received remote IP Proxy Subnet data in ID Payload: Address (?<ip_2>(?:\[[^\]]+\]|(?:(?:25[0-5]|2[0-4]\d|1\d\d|[1-9]?\d)\.){3}(?:25[0-5]|2[0-4]\d|1\d\d|[1-9]?\d)|[0-9a-fA-F:.]+)), Mask (?<netmask>\S+), Protocol (?<protocol>\S+), Port (?<port>\S+)$",The remote IP proxy subnet data has been received in the Phase 2 ID payload.
713039,"713039: Group = (?<groupname>\S+), Username = (?<user>\S+), IP = (?<peerip>\S+) Send failure: Bytes \((?<number>\S+) \), Peer: (?<ip>(?:\[[^\]]+\]|(?:(?:25[0-5]|2[0-4]\d|1\d\d|[1-9]?\d)\.){3}(?:25[0-5]|2[0-4]\d|1\d\d|[1-9]?\d)|[0-9a-fA-F:.]+))$","An internal software error has occurred, and the ISAKMP packet cannot be transmitted."
713040,"713040: Group = (?<groupname>\S+), Username = (?<user>\S+), IP = (?<peerip>\S+) Could not find connection entry and can not encrypt: msgid (?<message_number>\S+)$","An internal software error has occurred, and a Phase 2 data structure cannot be found."
713041,"713041: Group = (?<groupname>\S+), Username = (?<user>\S+), IP = (?<peerip>\S+) IKE Initiator: (?<new>\S+) or (?<rekey>\S+) Phase (?<italic_text>.+), Intf (?<interface_number>\S+), IKE Peer (?<ip>(?:\[[^\]]+\]|(?:(?:25[0-5]|2[0-4]\d|1\d\d|[1-9]?\d)\.){3}(?:25[0-5]|2[0-4]\d|1\d\d|[1-9]?\d)|[0-9a-fA-F:.]+)) local Proxy Address (?<ip_2>(?:\[[^\]]+\]|(?:(?:25[0-5]|2[0-4]\d|1\d\d|[1-9]?\d)\.){3}(?:25[0-5]|2[0-4]\d|1\d\d|[1-9]?\d)|[0-9a-fA-F:.]+)), remote Proxy Address (?<ip_3>(?:\[[^\]]+\]|(?:(?:25[0-5]|2[0-4]\d|1\d\d|[1-9]?\d)\.){3}(?:25[0-5]|2[0-4]\d|1\d\d|[1-9]?\d)|[0-9a-fA-F:.]+)), Crypto map \((?<italic_text_2>.+) \)$",Secure Firewall ASA is negotiating a tunnel as the initiator.
713042,"713042: IKE Initiator unable to find policy: Intf (?<interface_number>\S+), Src: (?<src_ip>(?:\[[^\]]+\]|(?:(?:25[0-5]|2[0-4]\d|1\d\d|[1-9]?\d)\.){3}(?:25[0-5]|2[0-4]\d|1\d\d|[1-9]?\d)|[0-9a-fA-F:.]+)), Dst: (?<dst_ip>(?:\[[^\]]+\]|(?:(?:25[0-5]|2[0-4]\d|1\d\d|[1-9]?\d)\.){3}(?:25[0-5]|2[0-4]\d|1\d\d|[1-9]?\d)|[0-9a-fA-F:.]+))$","The IPsec fast path processed a packet that triggered IKE, but the IKE policy lookup failed. This error may be timing related. The ACLs that triggered IKE might have been deleted before IKE processed the initiation request. This problem will most likely correct itself."
713048,"713048: Group = (?<groupname>\S+), Username = (?<user>\S+), IP = (?<peerip>\S+) Error processing payload: Payload ID: id$",A packet has been received with a payload that cannot be processed.
713049,"713049: Security negotiation complete for (?<tun_type>\S+) type .(?<group_name>\S+). (?<initiator>[^\/]+)\/(?<responder>[^,]+), Inbound SPI ?= ?(?<inbound_spi>\S+), ?Outbound SPI ?= ?(?<outbound_spi>\S+)",An IPsec tunnel has been started.
713050,"713050: Group = (?<groupname>\S+), Username = (?<user>\S+), IP = (?<peerip>\S+) Connection terminated for peer (?<ip>(?:\[[^\]]+\]|(?:(?:25[0-5]|2[0-4]\d|1\d\d|[1-9]?\d)\.){3}(?:25[0-5]|2[0-4]\d|1\d\d|[1-9]?\d)|[0-9a-fA-F:.]+)) \. Reason: termination reason Remote Proxy (?<ip_2>(?:\[[^\]]+\]|(?:(?:25[0-5]|2[0-4]\d|1\d\d|[1-9]?\d)\.){3}(?:25[0-5]|2[0-4]\d|1\d\d|[1-9]?\d)|[0-9a-fA-F:.]+)), Local Proxy (?<ip_3>(?:\[[^\]]+\]|(?:(?:25[0-5]|2[0-4]\d|1\d\d|[1-9]?\d)\.){3}(?:25[0-5]|2[0-4]\d|1\d\d|[1-9]?\d)|[0-9a-fA-F:.]+))$",An IPsec tunnel has been terminated. Possible termination reasons include:
713052,"713052: Group = (?<groupname>\S+), Username = (?<user>\S+), IP = (?<peerip>\S+) User \((?<user_2>\S+) \) authenticated\.$",remote access user was authenticated.
713056,"713056: Group = (?<groupname>\S+), Username = (?<user>\S+), IP = (?<peerip>\S+) Tunnel rejected: SA \((?<sa_name>\S+) \) not found for group \((?<group_name>\S+) \)!$",The IPsec SA was not found.
713060,"713060: Group = (?<groupname>\S+), Username = (?<user>\S+), IP = (?<peerip>\S+) Tunnel Rejected: User \((?<user_2>\S+) \) not member of group \((?<group_name>\S+) \), group\-lock check failed\.$",The user is configured for a different group than what was sent in the IPsec negotiation.
713061,"713061: Group = (?<groupname>\S+), Username = (?<user>\S+), IP = (?<peerip>\S+) Tunnel rejected: Crypto Map Policy not found for Src:(?<src_ip>(?:\[[^\]]+\]|(?:(?:25[0-5]|2[0-4]\d|1\d\d|[1-9]?\d)\.){3}(?:25[0-5]|2[0-4]\d|1\d\d|[1-9]?\d)|[0-9a-fA-F:.]+)), Dst: (?<dst_ip>(?:\[[^\]]+\]|(?:(?:25[0-5]|2[0-4]\d|1\d\d|[1-9]?\d)\.){3}(?:25[0-5]|2[0-4]\d|1\d\d|[1-9]?\d)|[0-9a-fA-F:.]+)) !$",The Secure Firewall ASA was not able to find security policy information for the private networks or hosts indicated in the message. These networks or hosts were sent by the initiator and do not match any crypto ACLs at the Secure Firewall ASA. This is most likely a misconfiguration.
713066,"713066: Group = (?<groupname>\S+), Username = (?<user>\S+), IP = (?<peerip>\S+) IKE Remote Peer configured for SA: (?<sa_name>\S+)$",The crypto policy settings of the peer have been configured.
713068,"713068: Group = (?<groupname>\S+), Username = (?<user>\S+), IP = (?<peerip>\S+) Received non\-routine Notify message: (?<notify_type>\S+) \((?<notify_value>\S+)\)$",Notification messages that caused this event are not explicitly handled in the notify processing code.
713072,"713072: Group = (?<groupname>\S+), Username = (?<user>\S+), IP = (?<peerip>\S+) Password for (?<user_3>\S+) \((?<user_2>\S+) \) too long, truncating to (?<number>\S+) characters$",The password of the user is too long.
713073,"713073: Group = (?<groupname>\S+), Username = (?<user>\S+), IP = (?<peerip>\S+) Responder forcing change of (?<italic_text>.+) /(?<italic_text_2>.+) rekeying duration from (?<larger_value>\S+) to (?<smaller_value>\S+) seconds$",Rekeying durations are always set to the lower of the values proposed by IKE peers. The value of the initiator is the lower one.
713074,"713074: Group = (?<groupname>\S+), Username = (?<user>\S+), IP = (?<peerip>\S+) Responder forcing change of IPsec rekeying duration from (?<larger_value>\S+) to (?<smaller_value>\S+) Kbs$",Rekeying durations are always set to the lower of the values proposed by IKE peers. The value of the initiator is the lower one.
713075,"713075: Group = (?<groupname>\S+), Username = (?<user>\S+), IP = (?<peerip>\S+) Overriding Initiator's IPsec rekeying duration from (?<larger_value>\S+) to (?<smaller_value>\S+) seconds$",Rekeying durations are always set to the lower of the values proposed by IKE peers. The value of the responder is the lower one.
713078,"713078: Temp buffer for building mode config attributes exceeded: bufsize (?<available_size>\S+) , used (?<value>\S+)$",An internal software error has occurred while processing modecfg attributes.
713112,"713112: Group = (?<groupname>\S+), Username = (?<user>\S+), IP = (?<peerip>\S+) Failed to process CONNECTED notify \(SPI (?<spi_value>\S+) \)!$","The Secure Firewall ASA was unable to successfully process the notification payload that included the CONNECTED notify type. This may occur if the IKE phase 2 structure cannot be found using the SPI to locate it, or the commit bit had not been set in the received ISAKMP header. The latter case may indicate a nonconforming IKE peer."
713113,"713113: Group = (?<groupname>\S+), Username = (?<user>\S+), IP = (?<peerip>\S+) Deleting IKE SA with associated IPsec connection entries\. IKE peer: (?<ip>(?:\[[^\]]+\]|(?:(?:25[0-5]|2[0-4]\d|1\d\d|[1-9]?\d)\.){3}(?:25[0-5]|2[0-4]\d|1\d\d|[1-9]?\d)|[0-9a-fA-F:.]+)), SA address: (?<internal_sa_address>\S+), tunnel count: (?<count>\S+)$","An IKE SA is being deleted with a nonzero tunnel count, which means that either the IKE SA tunnel count has lost synchronization with the associated connection entries or the associated connection cookie fields for the entries have lost synchronization with the cookie fields of the IKE SA to which the connection entry points. If this occurs, the IKE SA and its associated data structures will not be freed, so that the entries that may point to it will not have a stale pointer."
713114,"713114: Group = (?<groupname>\S+), Username = (?<user>\S+), IP = (?<peerip>\S+) Connection entry \(conn entry internal address\) points to IKE SA \((?<sa_internal_address>\S+) \) for peer (?<ip>(?:\[[^\]]+\]|(?:(?:25[0-5]|2[0-4]\d|1\d\d|[1-9]?\d)\.){3}(?:25[0-5]|2[0-4]\d|1\d\d|[1-9]?\d)|[0-9a-fA-F:.]+)), but cookies don't match$",An internal software error has occurred.
713115,"713115: Group = (?<groupname>\S+), Username = (?<user>\S+), IP = (?<peerip>\S+) Client rejected NAT enabled IPsec request, falling back to standard IPsec$","The client rejected an attempt by the Secure Firewall ASA to use IPsec over UDP. IPsec over UDP is used to allow multiple clients to establish simultaneous tunnels to the Secure Firewall ASA through a NAT device. The client may have rejected the request, either because it does not support this feature or because it is configured not to use it."
713117,"713117: Group = (?<groupname>\S+), Username = (?<user>\S+), IP = (?<peerip>\S+) Received Invalid SPI notify \(SPI (?<spi_value>\S+) \)!$","The IPsec SA identified by the SPI value is no longer active on the remote peer, which might indicate that the remote peer has rebooted or been reset."
713118,"713118: Detected invalid Diffie\-Helmann (?<group_descriptor>\S+) (?<group_number>\S+), in IKE area$","The group_descriptor field included an unsupported value. Currently we support only groups 1, 2, 5, and 7. In the case of a centry, the group_descriptor field may also be set to 0 to indicate that perfect forward secrecy is disabled."
713119,"713119: Group = (?<groupname>\S+), Username = (?<user>\S+), IP = (?<peerip>\S+) Group (?<group>\S+) IP (?<ip>\S+) PHASE 1 COMPLETED$",IKE Phase 1 has completed successfully.
713120,"713120: Group = (?<groupname>\S+), Username = (?<user>\S+), IP = (?<peerip>\S+) PHASE 2 COMPLETED \(msgid=(?<msg_id>\S+) \)$",IKE Phase 2 has completed successfully.
713123,"713123: Group = (?<groupname>\S+), Username = (?<user>\S+), IP = (?<peerip>\S+) IKE lost contact with remote peer, deleting connection \(keepalive type: (?<keepalive_type>\S+) \)$","The remote IKE peer did not respond to keepalives within the expected window of time, so the connection to the IKE peer was terminated. The message includes the keepalive mechanism used."
713124,"713124: Group = (?<groupname>\S+), Username = (?<user>\S+), IP = (?<peerip>\S+) Received DPD sequence number (?<rcv_sequence>\S+) in (?<italic_text>.+)$",The remote IKE peer sent a DPD with a sequence number that did not match the expected sequence number. The packet is discarded. This might indicate a packet loss problem with the network.
713127,"713127: Group = (?<groupname>\S+), Username = (?<user>\S+), IP = (?<peerip>\S+) Xauth required but selected Proposal does not support xauth, Check priorities of ike xauth proposals in ike proposal list$","The peer wanted to perform a XAUTH, but the Secure Firewall ASA did not choose the XAUTH IKE proposal."
713129,"713129: Group = (?<groupname>\S+), Username = (?<user>\S+), IP = (?<peerip>\S+) Received unexpected Transaction Exchange payload type: (?<payload_id>\S+)$","An unexpected payload has been received during XAUTH or Mode Cfg, which may indicate that the two peers are out-of-sync, that the XAUTH or Mode Cfg versions do not match, or that the remote peer is not complying with the appropriate RFCs."
713130,"713130: Group = (?<groupname>\S+), Username = (?<user>\S+), IP = (?<peerip>\S+) Received unsupported transaction mode attribute: (?<attribute>.*) id$",The device received a request for a valid transaction mode attribute (XAUTH or Mode Cfg) that is currently not supported. This is generally a benign condition.
713131,"713131: Group = (?<groupname>\S+), Username = (?<user>\S+), IP = (?<peerip>\S+) Received unknown transaction mode attribute: (?<attribute_id>\S+)$","The Secure Firewall ASA has received a request for a transaction mode attribute (XAUTH or Mode Cfg) that is outside the range of known attributes. The attribute may be valid but only supported in later versions of configuration mode, or the peer may be sending an illegal or proprietary value. This should not cause connectivity problems, but may affect the functionality of the peer."
713132,"713132: Group = (?<groupname>\S+), Username = (?<user>\S+), IP = (?<peerip>\S+) Cannot obtain an (?<ip>(?:\[[^\]]+\]|(?:(?:25[0-5]|2[0-4]\d|1\d\d|[1-9]?\d)\.){3}(?:25[0-5]|2[0-4]\d|1\d\d|[1-9]?\d)|[0-9a-fA-F:.]+)) for remote peer$",A request for an IP address for a remote access client from the internal utility that provides these addresses cannot be satisfied.
713133,"713133: Group = (?<groupname>\S+), Username = (?<user>\S+), IP = (?<peerip>\S+) Mismatch: Overriding phase 2 DH Group\(DH group (?<italic_text>.+) \) with phase 1 group\(DH group (?<italic_text_2>.+)$",The configured Phase 2 PFS Group differed from the DH group that was negotiated for Phase 1.
713134,"713134: Group = (?<groupname>\S+), Username = (?<user>\S+), IP = (?<peerip>\S+) Mismatch: P1 Authentication algorithm in the crypto map entry different from negotiated algorithm for the L2L connection$","The configured LAN-to-LAN proposal is different from the one accepted for the LAN-to-LAN connection. Depending on which side is the initiator, different proposals will be used."
713135,"713135: Group = (?<groupname>\S+), Username = (?<user>\S+), IP = (?<peerip>\S+) message received, redirecting tunnel to (?<ip>(?:\[[^\]]+\]|(?:(?:25[0-5]|2[0-4]\d|1\d\d|[1-9]?\d)\.){3}(?:25[0-5]|2[0-4]\d|1\d\d|[1-9]?\d)|[0-9a-fA-F:.]+)) \.$",The tunnel is being redirected because of load balancing on the remote Secure Firewall ASA. A REDIRECT_CONNECTION notify packet was received.
713136,"713136: Group = (?<groupname>\S+), Username = (?<user>\S+), IP = (?<peerip>\S+) IKE session establishment timed out \[(?<ike_state_name>\S+) \], aborting!$",The Reaper has detected an Secure Firewall ASA stuck in an inactive state. The Reaper will try to remove the inactive Secure Firewall ASA.
713137,"713137: Group = (?<groupname>\S+), Username = (?<user>\S+), IP = (?<peerip>\S+) Reaper overriding refCnt \[(?<ref_count>\S+)\] and tunnelCnt \[(?<tunnel_count>\S+)\] \-\- deleting SA!$",An internal software error has occurred.
713139,"713139: IP = (?<peerip>\S+) (?<group_name>\S+) not found, using BASE GROUP default preshared key$","No tunnel group exists in the group database with the same name as the IP address of the peer. In Main Mode, the Secure Firewall ASA will fall back and use the default preshared key configured in the default group."
713140,"713140: Group = (?<groupname>\S+), Username = (?<user>\S+), IP = (?<peerip>\S+) Split Tunneling Policy requires network list but none configured$",The split tunneling policy is set to either split tunneling or to allow local LAN access. A split tunneling ACL must be defined to represent the information required by the VPN client.
713141,"713141: IP = (?<peerip>\S+) Client\-reported firewall does not match configured firewall: (?<action>\S+) tunnel\. Received \-\- Vendor: vendor(id), Product product(id), Caps: (?<capability_value>\S+) \. Expected \-\- Vendor: vendor(id), Product: product(id), Caps: (?<capability_value_2>\S+)$","The Secure Firewall ASA installed on the client does not match the configured required Secure Firewall ASA. This message lists the actual and expected values, and whether the tunnel is terminated or allowed."
713142,"713142: IP = (?<peerip>\S+) Client did not report firewall in use, but there is a configured firewall: (?<action>\S+) tunnel\. Expected \-\- Vendor: vendor(id), Product product(id), Caps: (?<capability_value>\S+)$","The client did not report an Secure Firewall ASA in use using ModeCfg, but one is required. The event lists the expected values and whether the tunnel is terminated or allowed. Note that the number following the product string is a bitmask of all of the allowed products."
713143,"713143: IP = (?<peerip>\S+) Processing firewall record\. Vendor: vendor(id), Product: product(id), Caps: (?<capability_value>\S+), Version Number: (?<version_number>\S+), Version String: (?<version_text>\S+)$",Debugging information about the Secure Firewall ASA installed on the client appears.
713145,"713145: Group = (?<groupname>\S+), Username = (?<user>\S+), IP = (?<peerip>\S+) Detected Hardware Client in network extension mode, adding static route for address: (?<ip>(?:\[[^\]]+\]|(?:(?:25[0-5]|2[0-4]\d|1\d\d|[1-9]?\d)\.){3}(?:25[0-5]|2[0-4]\d|1\d\d|[1-9]?\d)|[0-9a-fA-F:.]+)), mask: (?<netmask>\S+)$","A tunnel with a hardware client in network extension mode has been negotiated, and a static route is being added for the private network behind the hardware client. This configuration enables the Secure Firewall ASA to make the remote network known to all the routers on the private side of the headend."
713146,"713146: Group = (?<groupname>\S+), Username = (?<user>\S+), IP = (?<peerip>\S+) Could not add route for Hardware Client in network extension mode, address: (?<ip>(?:\[[^\]]+\]|(?:(?:25[0-5]|2[0-4]\d|1\d\d|[1-9]?\d)\.){3}(?:25[0-5]|2[0-4]\d|1\d\d|[1-9]?\d)|[0-9a-fA-F:.]+)), mask: (?<netmask>\S+)$","An internal software error has occurred. A tunnel with a hardware client in network extension mode has been negotiated, and an attempt to add the static route for the private network behind the hardware client failed. The routing table may be full, or a possible addressing error has occurred."
713147,"713147: Group = (?<groupname>\S+), Username = (?<user>\S+), IP = (?<peerip>\S+) Terminating tunnel to Hardware Client in network extension mode, deleting static route for address: (?<ip>(?:\[[^\]]+\]|(?:(?:25[0-5]|2[0-4]\d|1\d\d|[1-9]?\d)\.){3}(?:25[0-5]|2[0-4]\d|1\d\d|[1-9]?\d)|[0-9a-fA-F:.]+)), mask: (?<netmask>\S+)$","A tunnel to a hardware client in network extension mode is being removed, and the static route for the private network is being deleted behind the hardware client."
713148,"713148: Group = (?<groupname>\S+), Username = (?<user>\S+), IP = (?<peerip>\S+) Terminating tunnel to Hardware Client in network extension mode, unable to delete static route for address: (?<ip>(?:\[[^\]]+\]|(?:(?:25[0-5]|2[0-4]\d|1\d\d|[1-9]?\d)\.){3}(?:25[0-5]|2[0-4]\d|1\d\d|[1-9]?\d)|[0-9a-fA-F:.]+)), mask: (?<netmask>\S+)$","While a tunnel to a hardware client in network extension mode was being removed, a route to the private network behind the hardware client cannot be deleted. This might indicate an addressing or software problem."
713149,"713149: Group = (?<groupname>\S+), Username = (?<user>\S+), IP = (?<peerip>\S+) Hardware client security attribute (?<attribute_name>\S+) was enabled but not requested\.$","The headend Secure Firewall ASA has the specified hardware client security attribute enabled, but the attribute was not requested by the VPN 3002 hardware client."
713152,"713152: IP = (?<peerip>\S+) Unable to obtain any rules from filter (?<acl_tag>\S+) to send to client for CPP, terminating connection\.$","The client is required to use CPP to provision its Secure Firewall ASA, but the headend device was unable to obtain any ACLs to send to the client. This is probably due to a misconfiguration."
713154,DNS\s+lookup\s+for\s+(?<peer_description>(?:\S+\s+)*\S+)\s+Server\s*\[\s*(?:(?<dest_ip>(?:[\d+.]+|[0-9A-Za-f]*:[0-9A-Za-f]*:[0-9A-Za-f:]*))|(?<dest_host>\S+))\s*\]\s+(?<answer>[^\!\s]+),This message appears when a DNS lookup for the specified server has not been resolved.
713158,"713158: Group = (?<groupname>\S+), Username = (?<user>\S+), IP = (?<peerip>\S+) Client rejected NAT enabled IPsec Over UDP request, falling back to IPsec Over TCP$",The client is configured to use IPsec over TCP. The client rejected the attempt by the Secure Firewall ASA to use IPsec over UDP.
713160,Remote\s+user\s*\(\s*session\s*Id\s*-\s*(?<session_id>\S+)\s*\)\s+has\s+been\s+(?<action>\S+),Normal authentication of the remote user to the Secure Firewall ASA server has occurred.
713161,"713161: Group = (?<groupname>\S+), Username = (?<user>\S+), IP = (?<peerip>\S+) Remote (?<user_2>\S+) \(session Id \- (?<id>\S+) \) network access has been restricted by the Firewall Server$","The Secure Firewall ASA server has sent the Secure Firewall ASA a message indicating that this user must be restricted. There are several reasons for this, including Secure Firewall ASA software upgrades or changes in permissions. The Secure Firewall ASA server will transition the user back into full access mode as soon as the operation has been completed."
713162,"713162: Group = (?<groupname>\S+), Username = (?<user>\S+), IP = (?<peerip>\S+) Remote (?<user_2>\S+) \(session Id \- (?<id>\S+) \) has been rejected by the Firewall Server$",The Secure Firewall ASA server has rejected this user.
713163,"713163: Group = (?<groupname>\S+), Username = (?<user>\S+), IP = (?<peerip>\S+) Remote (?<user_2>\S+) \(session Id \- (?<id>\S+) \) has been terminated by the Firewall Server$","The Secure Firewall ASA server has terminated this user session, which can occur if the integrity agent stops running on the client machine or if the security policy is modified by the remote user in any way."
713165,"713165: Group = (?<groupname>\S+), Username = (?<user>\S+), IP = (?<peerip>\S+) Client IKE Auth mode differs from the group's configured Auth mode$",The client negotiated with preshared keys while its tunnel group points to a policy that is configured to use digital certificates.
713166,Headend\s*security\s+gateway\s+has\s+(?<vendor_action>\S+).+check\s+configured,The hardware client has failed extended authentication. This is most likely a username and password problem or an authentication server issue.
713167,Remote\s+peer\s+has\s+(?<vendor_action>\S+)\s+,"The remote user has failed to extend authentication. This is most likely a username or password problem, or an authentication server issue."
713169,"713169: Group = (?<groupname>\S+), Username = (?<user>\S+), IP = (?<peerip>\S+) IKE Received delete for rekeyed SA IKE peer: (?<ip>(?:\[[^\]]+\]|(?:(?:25[0-5]|2[0-4]\d|1\d\d|[1-9]?\d)\.){3}(?:25[0-5]|2[0-4]\d|1\d\d|[1-9]?\d)|[0-9a-fA-F:.]+)), SA address: (?<internal_sa_address>\S+), tunnelCnt: (?<tunnel_count>\S+)$",IKE has received a delete message from the remote peer to delete its old IKE SA after a rekey has completed.
713170,"713170: Group (?<group>\S+) IP (?<ip>\S+) IKE Received delete for rekeyed centry IKE peer: (?<ip_2>(?:\[[^\]]+\]|(?:(?:25[0-5]|2[0-4]\d|1\d\d|[1-9]?\d)\.){3}(?:25[0-5]|2[0-4]\d|1\d\d|[1-9]?\d)|[0-9a-fA-F:.]+)) , centry address: (?<internal_address>\S+) , msgid: (?<id>\S+)$",IKE has received a delete message from the remote peer to delete its old centry after Phase 2 rekeying is completed.
713171,"713171: Group = (?<groupname>\S+), Username = (?<user>\S+), IP = (?<peerip>\S+) NAT\-Traversal sending NAT\-Original\-Address payload$",UDP-Encapsulated-Transport was either proposed or selected during Phase 2. Send this payload for NAT-Traversal in this case.
713172,"713172: Group = (?<groupname>\S+), Username = (?<user>\S+), IP = (?<peerip>\S+) Automatic NAT Detection Status: Remote end (?<is>\S+) \|(?<italic_text>.+) behind a NAT device This end (?<is_2>\S+) \|(?<italic_text_2>.+) behind a NAT device$",NAT-Traversal auto-detected NAT.
713174,"713174: Group = (?<groupname>\S+), Username = (?<user>\S+), IP = (?<peerip>\S+) Hardware Client connection rejected! Network Extension Mode is not allowed for this group!$","A hardware client is attempting to tunnel in using network extension mode, but network extension mode is not allowed."
713176,"713176: (?<device_type>\S+) memory resources are critical, IKE key acquire message on (?<interface>\S+) (?<interface_number>\S+) , for Peer (?<ip>(?:\[[^\]]+\]|(?:(?:25[0-5]|2[0-4]\d|1\d\d|[1-9]?\d)\.){3}(?:25[0-5]|2[0-4]\d|1\d\d|[1-9]?\d)|[0-9a-fA-F:.]+)) ignored$","The Secure Firewall ASA is processing data intended to trigger an IPsec tunnel to the indicated peer. Because memory resources are at a critical state, it is not initiating any more tunnels. The data packet has been ignored and dropped."
713177,"713177: Group = (?<groupname>\S+), Username = (?<user>\S+), IP = (?<peerip>\S+) Received remote Proxy Host FQDN in ID Payload: Host Name: (?<host_name>\S+) Address (?<ip>(?:\[[^\]]+\]|(?:(?:25[0-5]|2[0-4]\d|1\d\d|[1-9]?\d)\.){3}(?:25[0-5]|2[0-4]\d|1\d\d|[1-9]?\d)|[0-9a-fA-F:.]+)), Protocol (?<protocol>\S+), Port (?<port>\S+)$",A Phase 2 ID payload containing an FQDN has been received from the peer.
713178,"713178: Group = (?<groupname>\S+), Username = (?<user>\S+), IP = (?<peerip>\S+) IKE Initiator received a packet from its peer without a Responder cookie$",An internal software error has occurred.
713179,"713179: Group = (?<groupname>\S+), Username = (?<user>\S+), IP = (?<peerip>\S+) IKE AM Initiator received a packet from its peer without a (?<payload_type>\S+) payload$",An internal software error has occurred.
713182,"713182: Group = (?<groupname>\S+), Username = (?<user>\S+), IP = (?<peerip>\S+) IKE could not recognize the version of the client! IPsec Fragmentation Policy will be ignored for this connection!$",An internal software error has occurred.
713184,"713184: Group = (?<groupname>\S+), Username = (?<user>\S+), IP = (?<peerip>\S+) Client Type: (?<client_type>\S+) Client Application Version: (?<application_version_string>\S+)$","The client operating system and application version appear. If the information is not available, then N/A will be indicated."
713185,Error\s*:\s*Username\s+too\s+long\s*-\s*connection\s+(?<action>\w+),"The client returned an invalid length username, and the tunnel was torn down."
713187,"713187: Group = (?<groupname>\S+), Username = (?<user>\S+), IP = (?<peerip>\S+) Tunnel Rejected: IKE peer does not match remote peer as defined in L2L policy IKE peer address: (?<ip>(?:\[[^\]]+\]|(?:(?:25[0-5]|2[0-4]\d|1\d\d|[1-9]?\d)\.){3}(?:25[0-5]|2[0-4]\d|1\d\d|[1-9]?\d)|[0-9a-fA-F:.]+)), Remote peer address: (?<ip_2>(?:\[[^\]]+\]|(?:(?:25[0-5]|2[0-4]\d|1\d\d|[1-9]?\d)\.){3}(?:25[0-5]|2[0-4]\d|1\d\d|[1-9]?\d)|[0-9a-fA-F:.]+))$",The IKE peer that is attempting to bring up this tunnel is not the one that is configured in the ISAKMP configuration that is bound to the received remote subnet.
713189,"713189: Group = (?<groupname>\S+), Username = (?<user>\S+), IP = (?<peerip>\S+) Attempted to assign network or broadcast (?<ip>(?:\[[^\]]+\]|(?:(?:25[0-5]|2[0-4]\d|1\d\d|[1-9]?\d)\.){3}(?:25[0-5]|2[0-4]\d|1\d\d|[1-9]?\d)|[0-9a-fA-F:.]+)), removing \( (?<ip_2>(?:\[[^\]]+\]|(?:(?:25[0-5]|2[0-4]\d|1\d\d|[1-9]?\d)\.){3}(?:25[0-5]|2[0-4]\d|1\d\d|[1-9]?\d)|[0-9a-fA-F:.]+)) \) from pool\.$",The IP address from the pool is either the network or broadcast address for this subnet. This address will be marked as unavailable.
713190,"713190: Group = (?<groupname>\S+), Username = (?<user>\S+), IP = (?<peerip>\S+) Got bad refCnt \( (?<ref_count_value>\S+) \) assigning (?<ip>(?:\[[^\]]+\]|(?:(?:25[0-5]|2[0-4]\d|1\d\d|[1-9]?\d)\.){3}(?:25[0-5]|2[0-4]\d|1\d\d|[1-9]?\d)|[0-9a-fA-F:.]+)) \( (?<ip_2>(?:\[[^\]]+\]|(?:(?:25[0-5]|2[0-4]\d|1\d\d|[1-9]?\d)\.){3}(?:25[0-5]|2[0-4]\d|1\d\d|[1-9]?\d)|[0-9a-fA-F:.]+)) \)$",The reference counter for this SA is invalid.
713193,"713193: Received packet with missing payload, Expected payload: (?<payload_id>\S+)$",The Secure Firewall ASA received an encrypted or unencrypted packet of the specified exchange type that had one or more missing payloads. This usually indicates a problem on the peer.
713194,"713194: Group = (?<groupname>\S+), Username = (?<user>\S+), IP = (?<peerip>\S+) Sending (?<ike>\S+) \|(?<ipsec>\S+) Delete With Reason message: (?<termination_reason>\S+)$",A delete message with a termination reason code was received.
713195,"713195: Group = (?<groupname>\S+), Username = (?<user>\S+), IP = (?<peerip>\S+) Tunnel rejected: Originate\-Only: Cannot accept incoming tunnel yet!$","The originate-only peer can accept incoming connections only after it brings up the first P2 tunnel. At that point, data from either direction can initiate additional Phase 2 tunnels."
713196,"713196: Group = (?<groupname>\S+), Username = (?<user>\S+), IP = (?<peerip>\S+) Remote L2L Peer (?<ip>(?:\[[^\]]+\]|(?:(?:25[0-5]|2[0-4]\d|1\d\d|[1-9]?\d)\.){3}(?:25[0-5]|2[0-4]\d|1\d\d|[1-9]?\d)|[0-9a-fA-F:.]+)) initiated a tunnel with same outer and inner addresses\. Peer could be Originate Only \- Possible misconfiguration!$","The remote L2L peer has initiated a public-public tunnel. The remote L2L peer expects a response from the peer at the other end, but does not receive one, because of a possible misconfiguration."
713197,"713197: Group = (?<groupname>\S+), Username = (?<user>\S+), IP = (?<peerip>\S+) The configured Confidence Interval of (?<number>\S+) seconds is invalid for this (?<tunnel_type>\S+) connection\. Enforcing the second default\.$",The configured confidence interval in the group is outside of the valid range.
713198,User\s+Authorization\s+(?<vendor_action>[^:\s]+)\s*:\s*(?<user>\S+),A reason string that states that a username cannot be found in the certificate appears.
713201,"713201: Group = (?<groupname>\S+), Username = (?<user>\S+), IP = (?<peerip>\S+) Duplicate Phase (?<phase>\S+) packet detected\.(?<action>\S+)$","The Secure Firewall ASA has received a duplicate of a previous Phase 1 or Phase 2 packet, and will transmit the last message. A network performance or connectivity issue may have occurred, in which the peer is not receiving sent packets in a timely manner."
713204,"713204: Group = (?<groupname>\S+), Username = (?<user>\S+), IP = (?<peerip>\S+) Adding static route for client address: (?<ip>(?:\[[^\]]+\]|(?:(?:25[0-5]|2[0-4]\d|1\d\d|[1-9]?\d)\.){3}(?:25[0-5]|2[0-4]\d|1\d\d|[1-9]?\d)|[0-9a-fA-F:.]+))$",This message indicates that a route to the peer-assigned address or to the networks protected by a hardware client was added to the routing table.
713205,"713205: Group = (?<groupname>\S+), Username = (?<user>\S+), IP = (?<peerip>\S+) Could not add static route for client address: (?<ip>(?:\[[^\]]+\]|(?:(?:25[0-5]|2[0-4]\d|1\d\d|[1-9]?\d)\.){3}(?:25[0-5]|2[0-4]\d|1\d\d|[1-9]?\d)|[0-9a-fA-F:.]+))$",An attempt to add a route to the client-assigned address or to the networks protected by a hardware client failed. This might indicate duplicate routes in the routing table or a corrupted network address. The duplicate routes might be caused by routes that were not cleaned up correctly or by having multiple clients sharing networks or addresses.
713206,"713206: Group = (?<groupname>\S+), Username = (?<user>\S+), IP = (?<peerip>\S+) Tunnel Rejected: Conflicting protocols specified by tunnel\-group and group\-policy$",A tunnel was dropped because the allowed tunnel specified in the group policy was different from the allowed tunnel in the tunnel group configuration.
713207,"713207: Group = (?<groupname>\S+), Username = (?<user>\S+), IP = (?<peerip>\S+) Terminating connection: IKE Initiator and tunnel group specifies L2TP Over IPSec$",This syslog is displayed for ikev1 while terminating the connection if GW is an initiator and tunnel group type is L2TP over IPSEC.
713211,"713211: Group = (?<groupname>\S+), Username = (?<user>\S+), IP = (?<peerip>\S+) Adding static route for L2L peer coming in on a dynamic map\. address: (?<ip>(?:\[[^\]]+\]|(?:(?:25[0-5]|2[0-4]\d|1\d\d|[1-9]?\d)\.){3}(?:25[0-5]|2[0-4]\d|1\d\d|[1-9]?\d)|[0-9a-fA-F:.]+)), mask: (?<netmask>\S+)$","The ASA is adding a route for the private address or networks of the peer. In this case, the peer is either a client or a L2L peer with an unknown address. Both of these cases use dynamic crypto maps to allow the tunnel."
713212,"713212: Group = (?<groupname>\S+), Username = (?<user>\S+), IP = (?<peerip>\S+) Could not add route for L2L peer coming in on a dynamic map\. address: (?<ip>(?:\[[^\]]+\]|(?:(?:25[0-5]|2[0-4]\d|1\d\d|[1-9]?\d)\.){3}(?:25[0-5]|2[0-4]\d|1\d\d|[1-9]?\d)|[0-9a-fA-F:.]+)) , mask: (?<netmask>\S+)$","The Secure Firewall ASA failed while attempting to add a route for the private address or networks of the peer. In this case, the peer is either a client or a L2L peer with an unknown address. Both of these cases use dynamic crypto maps to allow the tunnel. This might indicate duplicate routes, a full routing table, or a failure of the Secure Firewall ASA to remove previously used routes. Check the routing table to make sure there is room for additional routes and that obsolete routes are not present. If the table is full or includes obsolete routes, remove the routes and try again. If the problem persists, contact the Cisco TAC."
713213,"713213: Group = (?<groupname>\S+), Username = (?<user>\S+), IP = (?<peerip>\S+) Deleting static route for L2L peer that came in on a dynamic map\. address: (?<ip>(?:\[[^\]]+\]|(?:(?:25[0-5]|2[0-4]\d|1\d\d|[1-9]?\d)\.){3}(?:25[0-5]|2[0-4]\d|1\d\d|[1-9]?\d)|[0-9a-fA-F:.]+)), mask: (?<netmask>\S+)$","The Secure Firewall ASA is deleting a route for the private address or networks of the peer. In this case, the peer is either a client or a L2L peer with an unknown address. Both of these cases use dynamic crypto maps to allow the tunnel."
713214,"713214: Group = (?<groupname>\S+), Username = (?<user>\S+), IP = (?<peerip>\S+) Could not delete route for L2L peer that came in on a dynamic map\. address: (?<ip>(?:\[[^\]]+\]|(?:(?:25[0-5]|2[0-4]\d|1\d\d|[1-9]?\d)\.){3}(?:25[0-5]|2[0-4]\d|1\d\d|[1-9]?\d)|[0-9a-fA-F:.]+)), mask: (?<netmask>\S+)$","The Secure Firewall ASA experienced a failure while deleting a route for the private address or networks of the peer. In this case, the peer is either a client or a L2L peer with an unknown address. Both of these cases use dynamic crypto maps to allow the tunnel. The route may have already been deleted,or an internal software error has occurred."
713215,"713215: Group = (?<groupname>\S+), Username = (?<user>\S+), IP = (?<peerip>\S+) No match against Client Type and Version rules\. Client: (?<italic_text>.+) /(?<is>\S+) not allowed by default$",The client type and the version of a client did not match any of the rules configured on the Secure Firewall ASA. The default action appears.
713216,"713216: Group = (?<groupname>\S+), Username = (?<user>\S+), IP = (?<peerip>\S+) Rule: (?<action>\S+) \[Client type\]: (?<version>\S+) Client: (?<type>\S+) version allowed/not allowed$",The client type and the version of a client have matched one of the rules. The results of the match and the rule are displayed.
713217,"713217: Group = (?<groupname>\S+), Username = (?<user>\S+), IP = (?<peerip>\S+) Skipping unrecognized rule: action: (?<action>\S+) client type: (?<client_type>\S+) client version: (?<client_version>\S+)$",A malformed client type and version rule exist. The required format is action client type | client version action. Either permit or deny client type and client version are displayed under Session Management. Only one wildcard per parameter (*) is supported.
713218,"713218: Group = (?<groupname>\S+), Username = (?<user>\S+), IP = (?<peerip>\S+) Tunnel Rejected: Client Type or Version not allowed\.$",
713219,"713219: Group = (?<groupname>\S+), Username = (?<user>\S+), IP = (?<peerip>\S+) Queuing KEY\-ACQUIRE messages to be processed when P1 SA is complete\.$",Phase 2 messages are being enqueued after Phase 1 completes.
713220,"713220: Group = (?<groupname>\S+), Username = (?<user>\S+), IP = (?<peerip>\S+) De\-queuing KEY\-ACQUIRE messages that were left pending\.$",Queued Phase 2 messages are being processed.
713221,"713221: Group = (?<groupname>\S+), Username = (?<user>\S+), IP = (?<peerip>\S+) Static Crypto Map check, checking map = (?<crypto_map_tag>\S+), seq = (?<ph_4>\S+)$",The Secure Firewall ASA is iterating through the crypto maps looking for configuration information.
713222,"713222: Group = (?<groupname>\S+), Username = (?<user>\S+), IP = (?<peerip>\S+) Group (?<group>\S+) Username (?<user_2>\S+) IP (?<ip>\S+) Static Crypto Map check, map = (?<crypto_map_tag>\S+), seq = (?<seq_number>\S+), ACL does not match proxy IDs src:(?<src_ip>(?:\[[^\]]+\]|(?:(?:25[0-5]|2[0-4]\d|1\d\d|[1-9]?\d)\.){3}(?:25[0-5]|2[0-4]\d|1\d\d|[1-9]?\d)|[0-9a-fA-F:.]+)) dst:(?<dst_ip>(?:\[[^\]]+\]|(?:(?:25[0-5]|2[0-4]\d|1\d\d|[1-9]?\d)\.){3}(?:25[0-5]|2[0-4]\d|1\d\d|[1-9]?\d)|[0-9a-fA-F:.]+))$","While iterating through the configured crypto maps, the Secure Firewall ASA cannot match any of the associated ACLs. This generally means that an ACL was misconfigured."
713223,"713223: Group = (?<groupname>\S+), Username = (?<user>\S+), IP = (?<peerip>\S+) Static Crypto Map check, map = (?<crypto_map_tag>\S+), seq = (?<seq_number>\S+), no ACL configured$",The crypto map associated with this peer is not linked to an ACL.
713224,"713224: Group = (?<groupname>\S+), Username = (?<user>\S+), IP = (?<peerip>\S+) Static Crypto Map Check by\-passed: Crypto map entry incomplete!$",The crypto map associated with this VPN tunnel is missing critical information.
713225,"713225: Group = (?<groupname>\S+), Username = (?<user>\S+), IP = (?<peerip>\S+) \[IKEv1\], Static Crypto Map check, map (?<map_name>\S+), seq = (?<sequence_number>\S+) is a successful match$",The Secure Firewall ASA found a valid matching crypto map for this VPN tunnel.
713226,"713226: Connection failed with peer (?<ip>(?:\[[^\]]+\]|(?:(?:25[0-5]|2[0-4]\d|1\d\d|[1-9]?\d)\.){3}(?:25[0-5]|2[0-4]\d|1\d\d|[1-9]?\d)|[0-9a-fA-F:.]+)), no trust\-point defined in tunnel\-group (?<tunnel_group>\S+)$","When the device is configured to use digital certificates, a trustpoint must be specified in the configuration. When the trustpoint is missing from the configuration, this message is generated to flag an error."
713227,"713227: IP = (?<ip>(?:\[[^\]]+\]|(?:(?:25[0-5]|2[0-4]\d|1\d\d|[1-9]?\d)\.){3}(?:25[0-5]|2[0-4]\d|1\d\d|[1-9]?\d)|[0-9a-fA-F:.]+)) Rejecting new IPsec SA negotiation for peer (?<peer_address>\S+) \. A negotiation was already in progress for local Proxy (?<local_address>\S+) /(?<local_netmask>\S+), remote Proxy (?<remote_address>\S+) /(?<remote_netmask>\S+)$","When establishing a Phase SA, the Secure Firewall ASA will reject a new Phase 2 matching this proxy."
713229,"713229: Group = (?<groupname>\S+), Username = (?<user>\S+), IP = (?<peerip>\S+) Auto Update \- Notification to client (?<client_ip>\S+) of update string: (?<message_string>\S+) \.$",A VPN remote access client is notified that updated software is available for download. The remote client user is responsible for choosing to update the client access software.
713230,"713230: Internal Error, (?<ike_lock>\S+) trying to lock bit that is already locked for type (?<type>\S+)$","An internal error occurred, which is reporting that the IKE subsystem is attempting to lock memory that has already been locked. This indicates errors on semaphores that are used to protect memory violations for IKE SAs. This message does not indicate that anything is seriously wrong. However, an unexpected event has occurred, and steps are automatically being taken for recovery."
713231,"713231: Internal Error, (?<ike_lock>\S+) trying to unlock bit that is not locked for type (?<type>\S+)$","An internal error has occurred, which is reporting that the IKE subsystem is attempting to unlock memory that is not currently locked. This indicates errors on semaphores that are used to protect memory violations for IKE SAs. This message does not indicate that anything is seriously wrong. However, an unexpected event has occurred, and steps are automatically being taken for recovery."
713232,"713232: SA lock refCnt = (?<value>\S+) , bitmask = (?<hexvalue>\S+) , (?<p1_decrypt_cb>\S+) = (?<value_2>\S+) , (?<qm_decrypt_cb>\S+) = (?<value_3>\S+) , (?<qm_hash_cb>\S+) = (?<value_4>\S+) , (?<qm_spi_ok_cb>\S+) = (?<value_5>\S+) , (?<qm_dh_cb>\S+) = (?<value_6>\S+) , (?<qm_secret_key_cb>\S+) = (?<value_7>\S+) , (?<qm_encrypt_cb>\S+) = (?<value_8>\S+)$","All the IKE SA are locked, and a possible error has been detected. This message reports errors on semaphores that are used to protect memory violations for IKE SAs."
713235,"713235: Group = (?<groupname>\S+), Username = (?<user>\S+), IP = (?<peerip>\S+) Attempt to send an IKE packet from standby unit\. Dropping the packet!$","Normally, IKE packets should never be sent from the standby unit to the remote peer. If such an attempt is made, an internal logic error may have occurred. The packet never leaves the standby unit because of protective code. This message facilitates debugging."
713236,"713236: Group = (?<groupname>\S+), Username = (?<user>\S+), IP = (?<peerip>\S+) IKE_DECODE tx/rx Message \(msgid=msgid\) with payloads:payload1 \((?<payload1_len>\S+)\) \+ payload2 \((?<payload2_len>\S+)\)\.\.\.total length: tlen$","IKE sent or received various messages. The following example shows the output when IKE receives a message with an 8-byte hash payload, an 11-byte notify payload, and two 13-byte vendor-specific payloads:"
713237,"713237: Group = (?<groupname>\S+), Username = (?<user>\S+), IP = (?<peerip>\S+) ACL update \((?<access_list>\S+) \) received during re\-key re\-authentication will not be applied to the tunnel\.$",The Phase 1 rekey of a remote access IPsec tunnel appears under the following conditions:
713238,"713238: Group = (?<groupname>\S+), Username = (?<user>\S+), IP = (?<peerip>\S+) Invalid source proxy address: 0\.0\.0\.0! Check private address on remote client$",The private side address of a network extension mode client came across as 0.0.0.0. This usually indicates that no IP address was set on the private interface of the hardware client.
713239,"713239: Group = (?<groupname>\S+), Username = (?<user>\S+), IP = (?<peerip>\S+) (?<ip_address>\S+) : Tunnel Rejected: The maximum tunnel count allowed has been reached$",An attempt to create a tunnel has occurred after the maximum number of tunnels allowed has been reached.
713242,"713242: Group = (?<groupname>\S+), Username = (?<user>\S+), IP = (?<peerip>\S+) Remote (?<user_2>\S+) is authenticated using Hybrid Authentication\. Not starting IKE rekey\.$","The Secure Firewall ASA has detected a request to start an IKE rekey for a tunnel configured to use Hybrid Xauth, but the rekey was not started. The Secure Firewall ASA will wait for the client to detect and initiate an IKE rekey."
713244,"713244: Group = (?<groupname>\S+), Username = (?<user>\S+), IP = (?<peerip>\S+) (?<meta_data>\S+) Received Legacy Authentication Method\(LAM\) type (?<type>\S+) is different from the last type received (?<type_2>\S+) \.$","The LAM attribute type received differs from the last type received. The type must be consistent throughout the user authentication process. The user authentication process cannot proceed, and the VPN connection will not be established."
713245,"713245: Group = (?<groupname>\S+), Username = (?<user>\S+), IP = (?<peerip>\S+) (?<meta_data>\S+) Unknown Legacy Authentication Method\(LAM\) type (?<type>\S+) received\.$","An unsupported LAM type was received during the CRACK challenge or response user authentication process. The user authentication process cannot proceed, and the VPN connection will not be established."
713246,"713246: Group = (?<groupname>\S+), Username = (?<user>\S+), IP = (?<peerip>\S+) (?<meta_data>\S+) Unknown Legacy Authentication Method\(LAM\) attribute type (?<type>\S+) received\.$","The Secure Firewall ASA received an unknown LAM attribute type, which should not cause connectivity problems, but might affect the functionality of the peer."
713247,"713247: Group = (?<groupname>\S+), Username = (?<user>\S+), IP = (?<peerip>\S+) (?<meta_data>\S+) Unexpected error: in Next Card Code mode while not doing SDI\.$",An unexpected error occurred during state processing.
713248,"713248: Group = (?<groupname>\S+), Username = (?<user>\S+), IP = (?<peerip>\S+) (?<meta_data>\S+) Rekey initiation is being disabled during CRACK authentication\.$","When an IKE SA is negotiated using the CRACK authentication method, the Phase 1 SA rekey timer at the headend expired before a successful rekey. Because the remote client is always the initiator of the exchange when using the CRACK authentication method, the headend will not initiate the rekey. Unless the remote peer initiates a successful rekey before the IKE SA expires, the connection will come down upon IKE SA expiration."
713249,"713249: Group = (?<groupname>\S+), Username = (?<user>\S+), IP = (?<peerip>\S+) (?<meta_data>\S+) Received unsupported authentication results: (?<result>\S+)$","While negotiating an IKE SA using the CRACK authentication method, the IKE subsystem received a result that is not supported during CRACK authentication from the authentication subsystem. The user authentication fails, and the VPN connection is torn down."
713250,"713250: Group = (?<groupname>\S+), Username = (?<user>\S+), IP = (?<peerip>\S+) (?<meta_data>\S+) Received unknown Internal Address attribute: (?<attribute>\S+)$","The Secure Firewall ASA received a request for an internal address attribute that is not recognizable. The attribute might be valid, but not currently supported, or the peer might be sending an illegal value. This should not cause connectivity problems, but might affect the functionality of the peer."
713251,"713251: Group = (?<groupname>\S+), Username = (?<user>\S+), IP = (?<peerip>\S+) (?<meta_data>\S+) Received authentication failure message$",The Secure Firewall ASA received a notification message that indicated an authentication failure while an IKE SA is negotiated using the CRACK authentication method. The connection is torn down.
713252,"713252: Group = (?<group>\S+), Username = (?<user>\S+), IP = (?<ip>\S+) Group = (?<group_2>\S+), Username = (?<user_2>\S+), IP = (?<ip_2>\S+), Integrity Firewall Server is not available\. VPN Tunnel creation rejected for client\.$","When the group policy is configured to require the client to authenticate with a Zonelab Integrity Server, the server might need to be connected to the concentrator depending on the failure policy configured. If the fail policy is to reject the client connection, this message is generated when a Zonelab Integrity Server is not connected to the Secure Firewall ASA at the time the client is connecting."
713253,"713253: Group = (?<group>\S+), Username = (?<user>\S+), IP = (?<ip>\S+) Group = (?<group_2>\S+), Username = (?<user_2>\S+), IP = (?<ip_2>\S+), Integrity Firewall Server is not available\. Entering ALLOW mode\. VPN Tunnel created for client\.$","When the group policy is configured to require a client to authenticate with a Zonelab Integrity Server, the server might need to be connected to the concentrator, depending on the failure policy configured. If the failure policy is to accept the client connection, and provide unrestricted network access, this message is generated when a Zonelab Integrity Server is not connected to the Secure Firewall ASA at the time the client is connecting."
713254,"713254: Group = (?<groupname>\S+), Username = (?<user>\S+), IP = (?<peerip>\S+) Group = (?<groupname_2>\S+), Username = (?<user_2>\S+), IP = (?<peerip_2>\S+), Invalid IPsec/UDP port = (?<portnum>\S+), valid range is (?<minport>\S+) \- (?<maxport>\S+), except port 4500, which is reserved for IPsec/NAT\-T$","You cannot use UDP port 4500 for IPsec/UDP connections, because it is reserved for IPsec or NAT-T connections. The CLI does not allow this configuration for local groups. This message should only occur for externally defined groups."
713255,"713255: IP = (?<peer_ip>\S+) IP = (?<peer_ip_2>\S+), Received ISAKMP Aggressive Mode message 1 with unknown tunnel group name (?<group_name>\S+)$",An unknown tunnel group was specified in ISAKMP Aggressive Mode message 1.
713256,"713256: IP = (?<peer_ip>\S+) , Sending spoofed ISAKMP Aggressive Mode message 2 due to receipt of unknown tunnel group\. Aborting connection\.$","When the peer specifies an invalid tunnel group, the Secure Firewall ASA will still send message 2 to prevent the peer from gleaning tunnel group information."
713258,"713258: IP = (?<var1>\S+) IP = (?<var1_2>\S+), Attempting to establish a phase2 tunnel on (?<var2>\S+) (?<interface>\S+) but phase1 tunnel is on (?<var3>\S+) (?<interface_2>\S+)\. Tearing down old phase1 tunnel due to a potential routing change\.$","The Secure Firewall ASA tries to establish a Phase 2 tunnel on an interface, and a Phase 1 tunnel already exists on a different interface. The existing Phase 1 tunnel is torn down to allow the establishment of a new tunnel on the new interface."
713259,"713259: Group = (?<groupname>\S+), Username = (?<user>\S+), IP = (?<peerip>\S+) Group = (?<groupname_2>\S+), Username = (?<user_2>\S+), IP = (?<peerip_2>\S+), Session is being torn down\. Reason: (?<reason>\S+)$","The termination reason for the ISAKMP session appears, which occurs when the session is torn down through session management."
713262,"713262: IP = (?<ip>(?:\[[^\]]+\]|(?:(?:25[0-5]|2[0-4]\d|1\d\d|[1-9]?\d)\.){3}(?:25[0-5]|2[0-4]\d|1\d\d|[1-9]?\d)|[0-9a-fA-F:.]+)) Rejecting new IPSec SA negotiation for peer (?<peer_address>\S+) \. A negotiation was already in progress for local Proxy (?<local_address>\S+) /(?<local_prefix_len>\S+), remote Proxy (?<remote_address>\S+) /(?<remote_prefix_len>\S+)$","When establishing a Phase SA, the Secure Firewall ASA will reject a new Phase 2 SA matching this proxy."
713263,"713263: Group = (?<groupname>\S+), Username = (?<user>\S+), IP = (?<peerip>\S+) Received local IP Proxy Subnet data in ID Payload: Address (?<ip>(?:\[[^\]]+\]|(?:(?:25[0-5]|2[0-4]\d|1\d\d|[1-9]?\d)\.){3}(?:25[0-5]|2[0-4]\d|1\d\d|[1-9]?\d)|[0-9a-fA-F:.]+)), Mask /(?<prefix_len>\S+), Protocol (?<protocol>\S+), Port (?<port>\S+)$","The Secure Firewall ASA is adding a route for the private address or networks of the peer. In this case, the peer is either a client or a L2L peer with an unknown address. Both of these cases use dynamic crypto maps to allow the tunnel."
713264,"713264: Group = (?<groupname>\S+), Username = (?<user>\S+), IP = (?<peerip>\S+) Received local IP Proxy Subnet data in ID Payload: Address (?<ip>(?:\[[^\]]+\]|(?:(?:25[0-5]|2[0-4]\d|1\d\d|[1-9]?\d)\.){3}(?:25[0-5]|2[0-4]\d|1\d\d|[1-9]?\d)|[0-9a-fA-F:.]+)), Mask/(?<prefix_len>\S+), Protocol (?<protocol>\S+), Port (?<port>\S+) \(\?:“Received\\\ remote\\\ IP\\\ Proxy\\\ Subnet\\\ data\\\ in\\\ ID\\\ Payload:\\\ Address\\\ (?<ip_2>(?:\[[^\]]+\]|(?:(?:25[0-5]|2[0-4]\d|1\d\d|[1-9]?\d)\.){3}(?:25[0-5]|2[0-4]\d|1\d\d|[1-9]?\d)|[0-9a-fA-F:.]+)),\\\ Mask/(?<mask>\S+),\\\ Protocol\\\ (?<protocol_name>\S+),\\\ Port\\\ (?<port_number>\S+)\\\ ”\)$","The Secure Firewall ASA is adding a route for the private address or networks of the peer. In this case, the peer is either a client or a L2L peer with an unknown address. Both of these cases use dynamic crypto maps to allow the tunnel."
713265,"713265: Group = (?<groupname>\S+), Username = (?<user>\S+), IP = (?<peerip>\S+) Adding static route for L2L peer coming in on a dynamic map\. address: (?<ip>(?:\[[^\]]+\]|(?:(?:25[0-5]|2[0-4]\d|1\d\d|[1-9]?\d)\.){3}(?:25[0-5]|2[0-4]\d|1\d\d|[1-9]?\d)|[0-9a-fA-F:.]+)), mask: /(?<prefix_len>\S+)$","The Secure Firewall ASA is adding a route for the private address or networks of the peer. In this case, the peer is either a client or a L2L peer with an unknown address. Both of these cases use dynamic crypto maps to allow the tunnel."
713266,"713266: Group = (?<groupname>\S+), Username = (?<user>\S+), IP = (?<peerip>\S+) Could not add route for L2L peer coming in on a dynamic map\. address: (?<ip>(?:\[[^\]]+\]|(?:(?:25[0-5]|2[0-4]\d|1\d\d|[1-9]?\d)\.){3}(?:25[0-5]|2[0-4]\d|1\d\d|[1-9]?\d)|[0-9a-fA-F:.]+)), mask: /(?<prefix_len>\S+)$","The Secure Firewall ASA failed while attempting to add a route for the private address or networks of the peer. In this case, the peer is either a client or a L2L peer with an unknown address. Both of these cases use dynamic crypto maps to allow the tunnel. This might indicate duplicate routes, a full IPv6 routing table, or a failure of the Secure Firewall ASA to remove previously used routes."
713267,"713267: Group = (?<groupname>\S+), Username = (?<user>\S+), IP = (?<peerip>\S+) Deleting static route for L2L peer that came in on a dynamic map\. address: (?<ip>(?:\[[^\]]+\]|(?:(?:25[0-5]|2[0-4]\d|1\d\d|[1-9]?\d)\.){3}(?:25[0-5]|2[0-4]\d|1\d\d|[1-9]?\d)|[0-9a-fA-F:.]+)), mask: /(?<prefix_len>\S+)$","The Secure Firewall ASA failed while attempting to add a route for the private address or networks of the peer. In this case, the peer is either a client or a L2L peer with an unknown address. Both of these cases use dynamic crypto maps to allow the tunnel."
713268,"713268: Group = (?<groupname>\S+), Username = (?<user>\S+), IP = (?<peerip>\S+) Could not delete route for L2L peer that came in on a dynamic map\. address: (?<ip>(?:\[[^\]]+\]|(?:(?:25[0-5]|2[0-4]\d|1\d\d|[1-9]?\d)\.){3}(?:25[0-5]|2[0-4]\d|1\d\d|[1-9]?\d)|[0-9a-fA-F:.]+)), mask: /(?<prefix_len>\S+)$","The Secure Firewall ASA experienced a failure while deleting a route for the private address or networks of the peer. In this case, the peer is either a client or a L2L peer with an unknown address. Both of these cases use dynamic crypto maps to allow the tunnel. The route may have already been deleted, or an internal software error has occurred."
713269,"713269: Group = (?<groupname>\S+), Username = (?<user>\S+), IP = (?<peerip>\S+) Detected Hardware Client in network extension mode, adding static route for address: (?<ip>(?:\[[^\]]+\]|(?:(?:25[0-5]|2[0-4]\d|1\d\d|[1-9]?\d)\.){3}(?:25[0-5]|2[0-4]\d|1\d\d|[1-9]?\d)|[0-9a-fA-F:.]+)), mask: /(?<prefix_len>\S+)$","A tunnel with a hardware client in network extension mode has been negotiated, and a static route is being added for the private network behind the hardware client. This configuration enables the Secure Firewall ASA to make the remote network known to all the routers on the private side of the headend."
713270,"713270: Group = (?<groupname>\S+), Username = (?<user>\S+), IP = (?<peerip>\S+) Could not add route for Hardware Client in network extension mode, address: (?<ip>(?:\[[^\]]+\]|(?:(?:25[0-5]|2[0-4]\d|1\d\d|[1-9]?\d)\.){3}(?:25[0-5]|2[0-4]\d|1\d\d|[1-9]?\d)|[0-9a-fA-F:.]+)), mask: /(?<prefix_len>\S+)$","An internal software error has occurred. A tunnel with a hardware client in network extension mode has been negotiated, and an attempt to add the static route for the private network behind the hardware client failed. The IPv6 routing table may be full, or a possible addressing error has occurred."
713271,"713271: Group = (?<groupname>\S+), Username = (?<user>\S+), IP = (?<peerip>\S+) Terminating tunnel to Hardware Client in network extension mode, deleting static route for address: (?<ip>(?:\[[^\]]+\]|(?:(?:25[0-5]|2[0-4]\d|1\d\d|[1-9]?\d)\.){3}(?:25[0-5]|2[0-4]\d|1\d\d|[1-9]?\d)|[0-9a-fA-F:.]+)), mask:/(?<prefix_len>\S+)$","A tunnel to a hardware client in network extension mode is being removed, and the static route for the private network is being deleted behind the hardware client."
713272,"713272: Group = (?<groupname>\S+), Username = (?<user>\S+), IP = (?<peerip>\S+) Terminating tunnel to Hardware Client in network extension mode, unable to delete static route for address: (?<ip>(?:\[[^\]]+\]|(?:(?:25[0-5]|2[0-4]\d|1\d\d|[1-9]?\d)\.){3}(?:25[0-5]|2[0-4]\d|1\d\d|[1-9]?\d)|[0-9a-fA-F:.]+)), mask: /(?<prefix_len>\S+)$","While a tunnel to a hardware client in network extension mode was being removed, a route to the private network behind the hardware client cannot be deleted. This might indicate an addressing or software problem."
713273,"713273: Group = (?<groupname>\S+), Username = (?<user>\S+), IP = (?<peerip>\S+) Deleting static route for client address: (?<italic_text>.+) address of client whose route is being removed$",A route to the peer-assigned address or the networks protected by a hardware client were removed from the routing table.
713274,"713274: Group = (?<groupname>\S+), Username = (?<user>\S+), IP = (?<peerip>\S+) Could not delete static route for client address: (?<italic_text>.+) address of client whose route is being removed$","While a tunnel to an IPsec client was being removed, its entry in the routing table could not be removed. This condition may indicate a networking or software problem."
714002,"714002: Group = (?<groupname>\S+), Username = (?<user>\S+), IP = (?<ip>(?:\[[^\]]+\]|(?:(?:25[0-5]|2[0-4]\d|1\d\d|[1-9]?\d)\.){3}(?:25[0-5]|2[0-4]\d|1\d\d|[1-9]?\d)|[0-9a-fA-F:.]+)) IKE Initiator starting QM: msg id = (?<message_number>\S+)$",The Secure Firewall ASA has sent the first packet of the Quick mode exchange as the Phase 2 initiator.
714004,"714004: Group = (?<groupname>\S+), Username = (?<user>\S+), IP = (?<ip>(?:\[[^\]]+\]|(?:(?:25[0-5]|2[0-4]\d|1\d\d|[1-9]?\d)\.){3}(?:25[0-5]|2[0-4]\d|1\d\d|[1-9]?\d)|[0-9a-fA-F:.]+)) IKE Initiator sending 1st QM pkt: msg id = (?<message_number>\S+)$",The protocol of the first Quick Mode packet was decoded.
714005,"714005: Group = (?<groupname>\S+), Username = (?<user>\S+), IP = (?<ip>(?:\[[^\]]+\]|(?:(?:25[0-5]|2[0-4]\d|1\d\d|[1-9]?\d)\.){3}(?:25[0-5]|2[0-4]\d|1\d\d|[1-9]?\d)|[0-9a-fA-F:.]+)) IKE Responder sending 2nd QM pkt: msg id = (?<message_number>\S+)$",The protocol of the second Quick Mode packet was decoded.
714006,"714006: Group = (?<groupname>\S+), Username = (?<user>\S+), IP = (?<ip>(?:\[[^\]]+\]|(?:(?:25[0-5]|2[0-4]\d|1\d\d|[1-9]?\d)\.){3}(?:25[0-5]|2[0-4]\d|1\d\d|[1-9]?\d)|[0-9a-fA-F:.]+)) IKE Initiator sending 3rd QM pkt: msg id = (?<message_number>\S+)$",The protocol of the third Quick Mode packet was decoded.
714011,"714011: Group = (?<groupname>\S+), Username = (?<user>\S+), IP = (?<ip>(?:\[[^\]]+\]|(?:(?:25[0-5]|2[0-4]\d|1\d\d|[1-9]?\d)\.){3}(?:25[0-5]|2[0-4]\d|1\d\d|[1-9]?\d)|[0-9a-fA-F:.]+)) (?<italic_text>.+)$",The Secure Firewall ASA received the displayed ID information during the negotiation.
715006,"715006: Group = (?<groupname>\S+), Username = (?<user>\S+), IP = (?<ip>(?:\[[^\]]+\]|(?:(?:25[0-5]|2[0-4]\d|1\d\d|[1-9]?\d)\.){3}(?:25[0-5]|2[0-4]\d|1\d\d|[1-9]?\d)|[0-9a-fA-F:.]+)) IKE got SPI from key engine: SPI = (?<spi_value>\S+)$",The IKE subsystem received an SPI value from IPsec.
715007,"715007: Group = (?<groupname>\S+), Username = (?<user>\S+), IP = (?<ip>(?:\[[^\]]+\]|(?:(?:25[0-5]|2[0-4]\d|1\d\d|[1-9]?\d)\.){3}(?:25[0-5]|2[0-4]\d|1\d\d|[1-9]?\d)|[0-9a-fA-F:.]+)) IKE got a KEY_ADD msg for SA: SPI = (?<spi_value>\S+)$",IKE has completed tunnel negotiation and has successfully loaded the appropriate encryption and hashing keys for IPsec use.
715008,"715008: Could not delete SA SA_address, refCnt = (?<number>\S+), caller = (?<calling_subroutine_address>\S+)$",The calling subroutine cannot delete the IPsec SA. This might indicate a reference count problem.
715009,"715009: Group = (?<groupname>\S+), Username = (?<user>\S+), IP = (?<ip>(?:\[[^\]]+\]|(?:(?:25[0-5]|2[0-4]\d|1\d\d|[1-9]?\d)\.){3}(?:25[0-5]|2[0-4]\d|1\d\d|[1-9]?\d)|[0-9a-fA-F:.]+)) IKE Deleting SA: Remote Proxy (?<ip_2>(?:\[[^\]]+\]|(?:(?:25[0-5]|2[0-4]\d|1\d\d|[1-9]?\d)\.){3}(?:25[0-5]|2[0-4]\d|1\d\d|[1-9]?\d)|[0-9a-fA-F:.]+)), Local Proxy (?<ip_3>(?:\[[^\]]+\]|(?:(?:25[0-5]|2[0-4]\d|1\d\d|[1-9]?\d)\.){3}(?:25[0-5]|2[0-4]\d|1\d\d|[1-9]?\d)|[0-9a-fA-F:.]+))$",SA is being deleted with the listed proxy addresses.
715013,"715013: Group = (?<groupname>\S+), Username = (?<user>\S+), IP = (?<ip>(?:\[[^\]]+\]|(?:(?:25[0-5]|2[0-4]\d|1\d\d|[1-9]?\d)\.){3}(?:25[0-5]|2[0-4]\d|1\d\d|[1-9]?\d)|[0-9a-fA-F:.]+)) Tunnel negotiation in progress for destination (?<ip_2>(?:\[[^\]]+\]|(?:(?:25[0-5]|2[0-4]\d|1\d\d|[1-9]?\d)\.){3}(?:25[0-5]|2[0-4]\d|1\d\d|[1-9]?\d)|[0-9a-fA-F:.]+)), discarding data$",IKE is in the process of establishing a tunnel for this data. All packets to be protected by this tunnel will be dropped until the tunnel is fully established.
715018,"715018: Group = (?<groupname>\S+), Username = (?<user>\S+), IP = (?<ip>(?:\[[^\]]+\]|(?:(?:25[0-5]|2[0-4]\d|1\d\d|[1-9]?\d)\.){3}(?:25[0-5]|2[0-4]\d|1\d\d|[1-9]?\d)|[0-9a-fA-F:.]+)) IP Range type id was loaded: Direction %s, From: %a, Through: %a$",This syslog message is generated while updating IPSEC SA details.
715019,"715019: Group = (?<group>\S+), Username = (?<user>\S+), IP = (?<ip>\S+) Group (?<group_2>\S+) Username (?<user_2>\S+) IP (?<ip_2>\S+) IKEGetUserAttributes: Attribute name = (?<name>\S+)$",The modecfg attribute name and value pair being processed by the Secure Firewall ASA appear.
715020,"715020: Group = (?<group>\S+), Username = (?<user>\S+), IP = (?<ip>\S+) (?<construct_cfg_set>\S+): Attribute name = (?<name>\S+)$",The modecfg attribute name and value pair being transmitted by the Secure Firewall ASA appear.
715021,"715021: Group = (?<group>\S+), Username = (?<user>\S+), IP = (?<ip>\S+) Delay Quick Mode processing, Cert/Trans Exch/RM DSID in progress$",Quick mode processing is being delayed until all Phase 1 processing has been completed (for transaction mode).
715022,"715022: Group = (?<group>\S+), Username = (?<user>\S+), IP = (?<ip>\S+) Resume Quick Mode processing, Cert/Trans Exch/RM DSID completed$","Phase 1 processing has completed, and quick mode is being resumed."
715027,"715027: Group = (?<group>\S+), Username = (?<user>\S+), IP = (?<ip>\S+) IPsec SA Proposal (?<italic_text>.+), Transform \# (?<chosen_transform>\S+) acceptable Matches global IPsec SA entry (?<italic_text_2>.+)$",The indicated IPsec SA proposal and transform were selected from the payloads that the responder received. This data can be useful when attempting to debug IKE negotiation issues.
715028,"715028: Group = (?<group>\S+), Username = (?<user>\S+), IP = (?<ip>\S+) IKE SA Proposal \# 1, Transform \# (?<chosen_transform>\S+) acceptable Matches global IKE entry (?<italic_text>.+)$",The indicated IKE SA transform was selected from the payloads that the responder received. This data can be useful when attempting to debug IKE negotiation issues.
715033,"715033: Group = (?<group>\S+), Username = (?<user>\S+), IP = (?<ip>\S+) Processing CONNECTED notify \((?<msgid>\S+) (?<message_number>\S+) \)$","The Secure Firewall ASA is processing a message containing a notify payload with the notify type CONNECTED (16384). The CONNECTED notify type is used to complete the commit bit processing and should be included in the fourth overall quick mode packet, which is sent from the responder to the initiator."
715036,"715036: Group = (?<group>\S+), Username = (?<user>\S+), IP = (?<ip>\S+) Sending keep\-alive of type (?<notify_type>\S+) \(seq number (?<number>\S+) \)$",Processing for sending a keepalive notify message is being performed.
715037,"715037: Group = (?<group>\S+), Username = (?<user>\S+), IP = (?<ip>\S+) Unknown IOS Vendor ID version: (?<major_minor_variance>\S+)$",The capabilities of this version of the Cisco IOS are not known.
715038,"715038: Group = (?<group>\S+), Username = (?<user>\S+), IP = (?<ip>\S+) (?<italic_text>.+) Vendor ID payload \(version: (?<major_minor_variance>\S+), capabilities: (?<value>\S+) \)$",Processing for the Cisco IOS vendor ID payload has been performed. The action being performed might be Altiga spoofing the Cisco IOS.
715039,"715039: Group = (?<group>\S+), Username = (?<user>\S+), IP = (?<ip>\S+) Unexpected cleanup of tunnel table entry during SA delete\.$",An entry in the IKE tunnel table was never removed when the SA was freed. This indicates a defect in the state machine.
715041,"715041: Group = (?<group>\S+), Username = (?<user>\S+), IP = (?<ip>\S+) Received keep\-alive of type (?<keepalive_type>\S+), not the negotiated type$",A keepalive of the type indicated in the message was received unexpectedly.
715042,"715042: Group = (?<group>\S+), Username = (?<user>\S+), IP = (?<ip>\S+) IKE received response of type (?<failure_type>\S+) to a request from the (?<ip_2>(?:\[[^\]]+\]|(?:(?:25[0-5]|2[0-4]\d|1\d\d|[1-9]?\d)\.){3}(?:25[0-5]|2[0-4]\d|1\d\d|[1-9]?\d)|[0-9a-fA-F:.]+)) utility$",A request for an IP address for a remote access client from the internal utility that provides these addresses cannot be satisfied. Variable text in the message string indicates more specifically what went wrong.
715046,"715046: Group = (?<groupname>\S+), Username = (?<user>\S+), IP = (?<ip>(?:\[[^\]]+\]|(?:(?:25[0-5]|2[0-4]\d|1\d\d|[1-9]?\d)\.){3}(?:25[0-5]|2[0-4]\d|1\d\d|[1-9]?\d)|[0-9a-fA-F:.]+)) Group = (?<groupname_2>\S+), Username = (?<user_2>\S+), IP = (?<ip_2>(?:\[[^\]]+\]|(?:(?:25[0-5]|2[0-4]\d|1\d\d|[1-9]?\d)\.){3}(?:25[0-5]|2[0-4]\d|1\d\d|[1-9]?\d)|[0-9a-fA-F:.]+)), constructing (?<payload_description>\S+) payload$",An IP address from a remote client for a specific group and user shows details about the IKE payload being constructed.
715047,"715047: Group = (?<groupname>\S+), Username = (?<user>\S+), IP = (?<ip>(?:\[[^\]]+\]|(?:(?:25[0-5]|2[0-4]\d|1\d\d|[1-9]?\d)\.){3}(?:25[0-5]|2[0-4]\d|1\d\d|[1-9]?\d)|[0-9a-fA-F:.]+)) processing (?<payload_description>\S+) payload$",Details of the IKE payload received and being processed appear.
715048,"715048: Group = (?<groupname>\S+), Username = (?<user>\S+), IP = (?<ip>(?:\[[^\]]+\]|(?:(?:25[0-5]|2[0-4]\d|1\d\d|[1-9]?\d)\.){3}(?:25[0-5]|2[0-4]\d|1\d\d|[1-9]?\d)|[0-9a-fA-F:.]+)) Send (?<vid_type>\S+) VID$",The type of vendor ID payload being sent appears.
715049,"715049: Group = (?<groupname>\S+), Username = (?<user>\S+), IP = (?<ip>(?:\[[^\]]+\]|(?:(?:25[0-5]|2[0-4]\d|1\d\d|[1-9]?\d)\.){3}(?:25[0-5]|2[0-4]\d|1\d\d|[1-9]?\d)|[0-9a-fA-F:.]+)) Received (?<vid_type>\S+) VID$",The type of vendor ID payload received appears.
715050,"715050: Group = (?<groupname>\S+), Username = (?<user>\S+), IP = (?<ip>(?:\[[^\]]+\]|(?:(?:25[0-5]|2[0-4]\d|1\d\d|[1-9]?\d)\.){3}(?:25[0-5]|2[0-4]\d|1\d\d|[1-9]?\d)|[0-9a-fA-F:.]+)) Claims to be IOS but failed authentication$","The vendor ID received looks like a Cisco IOS VID, but does not match hmac_sha."
715052,"715052: Group = (?<groupname>\S+), Username = (?<user>\S+), IP = (?<ip>(?:\[[^\]]+\]|(?:(?:25[0-5]|2[0-4]\d|1\d\d|[1-9]?\d)\.){3}(?:25[0-5]|2[0-4]\d|1\d\d|[1-9]?\d)|[0-9a-fA-F:.]+)) Old P1 SA is being deleted but new SA is DEAD, cannot transition centries$","The old P1 SA is being deleted, but has no new SA to transition to because it was marked for deletion as well. This generally indicates that the two IKE peers are out-of-sync with each other and may be using different rekey times. The problem should correct itself, but there may be some small amount of data loss until a fresh P1 SA is reestablished."
715053,"715053: Group = (?<groupname>\S+), Username = (?<user>\S+), IP = (?<ip>(?:\[[^\]]+\]|(?:(?:25[0-5]|2[0-4]\d|1\d\d|[1-9]?\d)\.){3}(?:25[0-5]|2[0-4]\d|1\d\d|[1-9]?\d)|[0-9a-fA-F:.]+)) MODE_CFG: Received request for (?<attribute_info>\S+) !$",The Secure Firewall ASA received a mode configuration message requesting the specified attribute.
715055,"715055: Group = (?<groupname>\S+), Username = (?<user>\S+), IP = (?<ip>(?:\[[^\]]+\]|(?:(?:25[0-5]|2[0-4]\d|1\d\d|[1-9]?\d)\.){3}(?:25[0-5]|2[0-4]\d|1\d\d|[1-9]?\d)|[0-9a-fA-F:.]+)) Send (?<attribute_name>\S+)$",The Secure Firewall ASA sent a mode configuration message to the remote peer.
715056,"715056: Group = (?<groupname>\S+), Username = (?<user>\S+), IP = (?<ip>(?:\[[^\]]+\]|(?:(?:25[0-5]|2[0-4]\d|1\d\d|[1-9]?\d)\.){3}(?:25[0-5]|2[0-4]\d|1\d\d|[1-9]?\d)|[0-9a-fA-F:.]+)) Client is configured for (?<tcp_transparency>\S+)$","Because the remote end (client) is configured for IPsec over TCP, the headend Secure Firewall ASA must not negotiate IPsec over UDP or IPsec over NAT-T with the client."
715057,"715057: Group = (?<groupname>\S+), Username = (?<user>\S+), IP = (?<ip>(?:\[[^\]]+\]|(?:(?:25[0-5]|2[0-4]\d|1\d\d|[1-9]?\d)\.){3}(?:25[0-5]|2[0-4]\d|1\d\d|[1-9]?\d)|[0-9a-fA-F:.]+)) Auto\-detected a NAT device with NAT\-Traversal\. Ignoring IPsec\-over\-UDP configuration\.$",IPsec-over-UDP mode configuration information will not be exchanged because NAT-Traversal was detected.
715058,"715058: Group = (?<groupname>\S+), Username = (?<user>\S+), IP = (?<ip>(?:\[[^\]]+\]|(?:(?:25[0-5]|2[0-4]\d|1\d\d|[1-9]?\d)\.){3}(?:25[0-5]|2[0-4]\d|1\d\d|[1-9]?\d)|[0-9a-fA-F:.]+)) NAT\-Discovery payloads missing\. Aborting NAT\-Traversal\.$",The remote end did not provide NAT-Discovery payloads required for NAT-Traversal after exchanging NAT-Traversal VIDs. At least two NAT-Discovery payloads must be received.
715059,"715059: Group = (?<groupname>\S+), Username = (?<user>\S+), IP = (?<ip>(?:\[[^\]]+\]|(?:(?:25[0-5]|2[0-4]\d|1\d\d|[1-9]?\d)\.){3}(?:25[0-5]|2[0-4]\d|1\d\d|[1-9]?\d)|[0-9a-fA-F:.]+)) Proposing/Selecting only UDP\-Encapsulated\-Tunnel and UDP\-Encapsulated\-Transport modes defined by NAT\-Traversal$",You need to use these modes instead of the usual transport and tunnel modes defined in the SA to successfully negotiate NAT-Traversal.
715060,"715060: Group = (?<groupname>\S+), Username = (?<user>\S+), IP = (?<ip>(?:\[[^\]]+\]|(?:(?:25[0-5]|2[0-4]\d|1\d\d|[1-9]?\d)\.){3}(?:25[0-5]|2[0-4]\d|1\d\d|[1-9]?\d)|[0-9a-fA-F:.]+)) Dropped received IKE fragment\. Reason: (?<reason>\S+)$",The reason for dropping the fragment appears.
715061,"715061: Group = (?<groupname>\S+), Username = (?<user>\S+), IP = (?<ip>(?:\[[^\]]+\]|(?:(?:25[0-5]|2[0-4]\d|1\d\d|[1-9]?\d)\.){3}(?:25[0-5]|2[0-4]\d|1\d\d|[1-9]?\d)|[0-9a-fA-F:.]+)) Rcv'd fragment from a new fragmentation set\. Deleting any old fragments\.$","A resend of the same packet occurred, but fragmented to a different MTU, or another packet altogether."
715062,"715062: Group = (?<groupname>\S+), Username = (?<user>\S+), IP = (?<ip>(?:\[[^\]]+\]|(?:(?:25[0-5]|2[0-4]\d|1\d\d|[1-9]?\d)\.){3}(?:25[0-5]|2[0-4]\d|1\d\d|[1-9]?\d)|[0-9a-fA-F:.]+)) Error assembling fragments! Fragment numbers are non\-continuous\.$",There is a gap in fragment numbers.
715063,"715063: Group = (?<groupname>\S+), Username = (?<user>\S+), IP = (?<ip>(?:\[[^\]]+\]|(?:(?:25[0-5]|2[0-4]\d|1\d\d|[1-9]?\d)\.){3}(?:25[0-5]|2[0-4]\d|1\d\d|[1-9]?\d)|[0-9a-fA-F:.]+)) Successfully assembled an encrypted pkt from rcv'd fragments!$",Assembly for a fragmented packet that was received was successful.
715065,"715065: Group = (?<groupname>\S+), Username = (?<user>\S+), IP = (?<ip>(?:\[[^\]]+\]|(?:(?:25[0-5]|2[0-4]\d|1\d\d|[1-9]?\d)\.){3}(?:25[0-5]|2[0-4]\d|1\d\d|[1-9]?\d)|[0-9a-fA-F:.]+)) IKE (?<italic_text>.+) FSM error history \(struct (?<data_structure_address>\S+) \) (?<state>\S+), (?<event>\S+) : (?<state_2>\S+) /(?<event_2>\S+) pairs$","A Phase 1 error occurred and the state, event history pairs will be displayed in reverse chronological order."
715066,"715066: Group = (?<groupname>\S+), Username = (?<user>\S+), IP = (?<ip>(?:\[[^\]]+\]|(?:(?:25[0-5]|2[0-4]\d|1\d\d|[1-9]?\d)\.){3}(?:25[0-5]|2[0-4]\d|1\d\d|[1-9]?\d)|[0-9a-fA-F:.]+)) Can't load an IPsec SA! The corresponding IKE SA contains an invalid logical ID\.$",The logical ID in the IKE SA is NULL. The Phase II negotiation will be torn down.
715067,"715067: QM (?<isrekeyed>\S+): existing sa from different peer, rejecting new sa$","The LAN-TO-LAN SA that is being established already exists, that is, an SA with the same remote network, but is sourced from a different peer. This new SA will be deleted, because this is not a legal configuration."
715068,"715068: Group = (?<groupname>\S+), Username = (?<user>\S+), IP = (?<ip>(?:\[[^\]]+\]|(?:(?:25[0-5]|2[0-4]\d|1\d\d|[1-9]?\d)\.){3}(?:25[0-5]|2[0-4]\d|1\d\d|[1-9]?\d)|[0-9a-fA-F:.]+)) QM (?<isrekeyed>\S+): duplicate sa found by (?<address>\S+), deleting old sa$","The remote access SA that is being established already exists, that is, an SA with the same remote network, but is sourced from a different peer. The old SA will be deleted, because the peer may have changed its IP address."
715069,"715069: Group = (?<groupname>\S+), Username = (?<user>\S+), IP = (?<ip>(?:\[[^\]]+\]|(?:(?:25[0-5]|2[0-4]\d|1\d\d|[1-9]?\d)\.){3}(?:25[0-5]|2[0-4]\d|1\d\d|[1-9]?\d)|[0-9a-fA-F:.]+)) Invalid ESP SPI size of (?<spi_size>\S+)$",The Secure Firewall ASA received an IPsec SA proposal with an invalid ESP SPI size. This proposal will be skipped.
715070,"715070: Group = (?<groupname>\S+), Username = (?<user>\S+), IP = (?<ip>(?:\[[^\]]+\]|(?:(?:25[0-5]|2[0-4]\d|1\d\d|[1-9]?\d)\.){3}(?:25[0-5]|2[0-4]\d|1\d\d|[1-9]?\d)|[0-9a-fA-F:.]+)) Invalid IPComp SPI size of (?<spi_size>\S+)$",The Secure Firewall ASA received an IPsec SA proposal with an invalid IPComp SPI size. This proposal will be skipped.
715071,"715071: Group = (?<groupname>\S+), Username = (?<user>\S+), IP = (?<ip>(?:\[[^\]]+\]|(?:(?:25[0-5]|2[0-4]\d|1\d\d|[1-9]?\d)\.){3}(?:25[0-5]|2[0-4]\d|1\d\d|[1-9]?\d)|[0-9a-fA-F:.]+)) AH proposal not supported$",The IPsec AH proposal is not supported. This proposal will be skipped.
715072,"715072: Group = (?<groupname>\S+), Username = (?<user>\S+), IP = (?<ip>(?:\[[^\]]+\]|(?:(?:25[0-5]|2[0-4]\d|1\d\d|[1-9]?\d)\.){3}(?:25[0-5]|2[0-4]\d|1\d\d|[1-9]?\d)|[0-9a-fA-F:.]+)) Received proposal with unknown protocol ID (?<protocol_id>\S+)$",The Secure Firewall ASA received an IPsec SA proposal with an unknown protocol ID. This proposal will be skipped.
715074,"715074: Group = (?<groupname>\S+), Username = (?<user>\S+), IP = (?<ip>(?:\[[^\]]+\]|(?:(?:25[0-5]|2[0-4]\d|1\d\d|[1-9]?\d)\.){3}(?:25[0-5]|2[0-4]\d|1\d\d|[1-9]?\d)|[0-9a-fA-F:.]+)) Could not retrieve authentication attributes for peer (?<ip_2>(?:\[[^\]]+\]|(?:(?:25[0-5]|2[0-4]\d|1\d\d|[1-9]?\d)\.){3}(?:25[0-5]|2[0-4]\d|1\d\d|[1-9]?\d)|[0-9a-fA-F:.]+))$",The Secure Firewall ASA cannot get authorization information for the remote user.
715075,"715075: Group = (?<group_name>\S+), Username = (?<user>\S+), IP = (?<ip>(?:\[[^\]]+\]|(?:(?:25[0-5]|2[0-4]\d|1\d\d|[1-9]?\d)\.){3}(?:25[0-5]|2[0-4]\d|1\d\d|[1-9]?\d)|[0-9a-fA-F:.]+)) Group = (?<group_name_2>\S+), IP = (?<ip_2>(?:\[[^\]]+\]|(?:(?:25[0-5]|2[0-4]\d|1\d\d|[1-9]?\d)\.){3}(?:25[0-5]|2[0-4]\d|1\d\d|[1-9]?\d)|[0-9a-fA-F:.]+)) Received keep\-alive of type (?<message_type>\S+) \(seq number (?<number>\S+) \)$","This message is paired with DPD R-U-THERE message 715036, which logs the DPD sending messages."
715076,"715076: Group = (?<group_name>\S+), Username = (?<user>\S+), IP = (?<ip>(?:\[[^\]]+\]|(?:(?:25[0-5]|2[0-4]\d|1\d\d|[1-9]?\d)\.){3}(?:25[0-5]|2[0-4]\d|1\d\d|[1-9]?\d)|[0-9a-fA-F:.]+)) Computing hash for ISAKMP$","IKE computed various hash values. This object will be prepended as follows: Group = >groupname , Username = >username , IP = >ip_address ..."
715077,"715077: Pitcher: (?<italic_text>.+), spi (?<spi>\S+)$",Various messages have been sent to IKE. msg_string can be one of the following:
715078,"715078: Group = (?<group_name>\S+), Username = (?<user>\S+), IP = (?<ip>(?:\[[^\]]+\]|(?:(?:25[0-5]|2[0-4]\d|1\d\d|[1-9]?\d)\.){3}(?:25[0-5]|2[0-4]\d|1\d\d|[1-9]?\d)|[0-9a-fA-F:.]+)) Received %s LAM attribute$",This syslog is generated during parsing of challenge/response payload.
715079,"715079: Group = (?<group_name>\S+), Username = (?<user>\S+), IP = (?<ip>(?:\[[^\]]+\]|(?:(?:25[0-5]|2[0-4]\d|1\d\d|[1-9]?\d)\.){3}(?:25[0-5]|2[0-4]\d|1\d\d|[1-9]?\d)|[0-9a-fA-F:.]+)) INTERNAL_ADDRESS: Received request for %s$",This syslog is generated during processing of internal address payload.
715080,"715080: Group = (?<group_name>\S+), Username = (?<user>\S+), IP = (?<ip>(?:\[[^\]]+\]|(?:(?:25[0-5]|2[0-4]\d|1\d\d|[1-9]?\d)\.){3}(?:25[0-5]|2[0-4]\d|1\d\d|[1-9]?\d)|[0-9a-fA-F:.]+)) VPN: Starting P2 rekey timer: 28800 seconds\.$",
716021,"716021: File access DENIED, (?<filename>\S+)\.$",The specified WebVPN user was denied access to the specified file.
716038,"716038: Group (?<group>.*?) User (?<user>.*?) IP (?<vpn_client_ip>.*?) Authentication: successful, Session Type: WebVPN","Before a WebVPN session can start, the user must be authenticated successfully by a local or remote server (for example, RADIUS or TACACS+)."
716039,"716039: Authentication: rejected, group = (?<group>.*?) user = (?<user>.*?) , Session Type: (?<session_type>.*)","Before a WebVPN session starts, the user must be authenticated successfully by a local or remote server (for example, RADIUS or TACACS+). In this case, the user credentials (username and password) either did not match, or the user does not have permission to start a WebVPN session. The username is hidden when invalid or unknown, but appears when valid or the no logging hide username command has been configured."
716040,"716040: Reboot pending, new sessions disabled\. Denied (?<user>\S+) login\.$",A user was unable to log in to WebVPN because the Secure Firewall ASA is in the process of rebooting.
716046,"716046: Group (?<group_name>\S+) User (?<user>\S+) IP (?<ip>(?:\[[^\]]+\]|(?:(?:25[0-5]|2[0-4]\d|1\d\d|[1-9]?\d)\.){3}(?:25[0-5]|2[0-4]\d|1\d\d|[1-9]?\d)|[0-9a-fA-F:.]+)) User ACL (?<access_list_name>\S+) from AAA doesn't exist on the device, terminating connection\.$",The specified ACL was not found on the Secure Firewall ASA.
716047,"716047: Group (?<group_name>\S+) User (?<user>\S+) IP (?<ip>(?:\[[^\]]+\]|(?:(?:25[0-5]|2[0-4]\d|1\d\d|[1-9]?\d)\.){3}(?:25[0-5]|2[0-4]\d|1\d\d|[1-9]?\d)|[0-9a-fA-F:.]+)) User ACL (?<access_list_name>\S+) from AAA ignored, AV\-PAIR ACL used instead\.$",The specified ACL was not used because a Cisco AV-PAIR ACL was used.
716057,"716057: Group (?<group>\S+) User (?<user>\S+) IP (?<ip>\S+) Session terminated, no (?<type>\S+) license available$",A user has attempted to connect to the Secure Firewall ASA using a client that is not licensed. This message may also occur if a temporary license has expired.
716061,"716061: Group (?<dfltgrppolicy>\S+) User (?<user>\S+) IP (?<ip_addr>\S+) IPv6 User Filter (?<tempipv6>\S+) configured for (?<anyconnect>\S+)\. This setting has been deprecated, terminating connection$","The IPv6 VPN filter has been deprecated and if it is configured instead of a unified filter for IPv6 traffic access control, the connection will be terminated."
716158,"716158: Failed to create SAML logout request, initiated by (?<user>\S+)\. reason: (?<reason>\S+)\.$","The device was unable to inform the SAML IDP of a user logout because it encountered an error while creating the SAML Logout request. The reasons could be profile is empty, could not create logout object, and so on."
717014,"717014: Unable to cache a CRL received from (?<cdp>\S+) due to size limitations\(CRL size = (?<size>\S+), available cache space = (?<space>\S+)\)$","When the device is configured to authenticate IPsec tunnels using digital certificates, CRLs may be cached in memory to avoid requiring a CRL download during each connection. This message is generated if a received CRL is too large to fit in the cache. Large CRLs are still supported even though they are not cached. This means that the CRL will be downloaded with each IPsec connection, which may affect performance during IPsec connection bursts."
717015,"717015: CRL received from (?<issuer>\S+) is too large to process \(CRL size = (?<crl_size>\S+) , maximum CRL size = (?<max_crl_size>\S+) \)$",An IPsec connection caused a CRL that is larger than the maximum permitted CRL size to be downloaded. This error condition causes the connection to fail. This message is rate limited to one message every 10 seconds.
717018,"717018: CRL received from (?<issuer>\S+) has too many entries to process \(number of entries = (?<number_of_entries>\S+) , maximum number allowed = (?<max_allowed>\S+) \)$",An IPsec connection caused a CRL that includes more revocation entries than can be supported to be downloaded. This is an error condition that will cause the connection to fail. This message is rate limited to one message every 10 seconds.
717021,"717021: Certificate data could not be verified\. Reason: (?<reason_string>.+), key length in certificate: (?<serial_number>\S+) bits\.$","An attempt to verify the certificate that is identified by the serial number and subject name was unsuccessful for the specified reason. When verifying certificate data using the signature, several errors can occur that should be logged, including invalid key types and unsupported key size."
717038,"717038: Tunnel group match found\. Tunnel Group: (?<tunnel_group_name>\S+), Peer certificate: (?<certificate_identifier>\S+)\.$","The peer certificate identified by the certificate identifier was processed by the configured certificate maps, and a match was found to the tunnel group."
717050,"717050: SCEP Proxy: Processed request type (?<type>\S+) from IP (?<client_ip_address>\S+), User (?<user>\S+), (?<tunnelgroup>\S+) (?<tunnel_group_name>\S+), (?<grouppolicy>\S+) (?<group___ph_4>\S+) to CA (?<ca_ip_address>\S+)$",The SCEP proxy received a message and relayed it to the CA. The response from the CA is relayed back to the client.
717051,"717051: SCEP Proxy: Denied processing the request type (?<type>\S+) from IP (?<client_ip_address>\S+), User (?<user>\S+), (?<tunnelgroup>\S+) (?<tunnel_group_name>\S+), (?<grouppolicy>\S+) (?<group_policy_name>\S+) to CA (?<ca_ip_address>\S+)\. Reason: (?<msg>\S+)$","The SCEP proxy denied processing of the request, which may be caused by a misconfiguration, an error condition in the proxy, or an invalid request."
717068,"717068: ACME Certificate enrollment succeeded for trustpoint (?<tpname>\S+) with CA (?<ca>\S+)\. Received a new certificate with Subject Name (?<subject>\S+), Issuer Name (?<issuer>\S+), Serial Number (?<serial>\S+) ​\.$",The ACME certificate enrollment is sucessful for the trustpoint.
718002,"718002: Create peer (?<ip>(?:\[[^\]]+\]|(?:(?:25[0-5]|2[0-4]\d|1\d\d|[1-9]?\d)\.){3}(?:25[0-5]|2[0-4]\d|1\d\d|[1-9]?\d)|[0-9a-fA-F:.]+)) failure, already at maximum of \[(?<number_of_peers>\S+)\]$",The maximum number of load-balancing peers has been exceeded. The new peer is ignored.
718003,"718003: Got unknown peer message \[(?<message_number>\S+)\] from \[(?<ip>(?:\[[^\]]+\]|(?:(?:25[0-5]|2[0-4]\d|1\d\d|[1-9]?\d)\.){3}(?:25[0-5]|2[0-4]\d|1\d\d|[1-9]?\d)|[0-9a-fA-F:.]+))\], local version \[(?<version_number>\S+)\], remote version \[(?<version_number_2>\S+)\]$","An unrecognized load-balancing message was received from one of the load-balancing peers. This may indicate a version mismatch between peers, but is most likely caused by an internal software error."
718005,"718005: Fail to send to (?<ip>(?:\[[^\]]+\]|(?:(?:25[0-5]|2[0-4]\d|1\d\d|[1-9]?\d)\.){3}(?:25[0-5]|2[0-4]\d|1\d\d|[1-9]?\d)|[0-9a-fA-F:.]+)), port (?<port>\S+)$",An internal software error occurred during packet transmission on the load-balancing socket. This mght indicate a network problem.
718036,"718036: Process timeout for req\-type\[(?<type_value>\S+)\], exid\[(?<exchange_id>\S+)\], peer\[(?<ip>(?:\[[^\]]+\]|(?:(?:25[0-5]|2[0-4]\d|1\d\d|[1-9]?\d)\.){3}(?:25[0-5]|2[0-4]\d|1\d\d|[1-9]?\d)|[0-9a-fA-F:.]+))\]$",The Secure Firewall ASA processed a peer timeout.
718053,"718053: Detected duplicate control node, mastership stolen\[(?<mac_address>\S+)\]$",The Secure Firewall ASA detected a duplicate director and a stolen director.
718056,"718056: Deleted Master peer, IP (?<ip>(?:\[[^\]]+\]|(?:(?:25[0-5]|2[0-4]\d|1\d\d|[1-9]?\d)\.){3}(?:25[0-5]|2[0-4]\d|1\d\d|[1-9]?\d)|[0-9a-fA-F:.]+))$",The Secure Firewall ASA deleted the load balancing director from its internal tables.
718057,"718057: Queue send failure from ISR, msg type (?<failure_code>\S+)$",An internal software error has occurred while attempting to enqueue a message on the VPN load balancing queue from an Interrupt Service Routing.
718058,"718058: State machine return code: (?<action_routine>\S+), (?<return_code>\S+)$",The return codes of action routines belonging to the load balancing finite state machine are being traced.
718059,"718059: State machine function trace: state=(?<state_name>\S+), event=(?<event_name>\S+), func=(?<action_routine>\S+)\.$",The events and states of the load balancing finite state machine are being traced.
718065,"718065: Cannot continue to run \(public=(?<up>\S+), private=(?<down>\S+), enable=(?<up_2>\S+), control node=(?<down_2>\S+), session=(?<lb_state>\S+)\)\.$",The load balancing process can not run because all prerequisite conditions have not been met. The prerequisite conditions are two active interfaces and load balancing enabled.
718066,"718066: Cannot add secondary address to (?<interface>\S+) (?<interface_name>\S+), ip (?<ip>(?:\[[^\]]+\]|(?:(?:25[0-5]|2[0-4]\d|1\d\d|[1-9]?\d)\.){3}(?:25[0-5]|2[0-4]\d|1\d\d|[1-9]?\d)|[0-9a-fA-F:.]+))\.$",Load balancing requires a secondary address to be added to the outside interface. A failure occurred in adding that secondary address.
718067,"718067: Cannot delete secondary address to (?<interface>\S+) (?<interface_name>\S+), ip (?<ip>(?:\[[^\]]+\]|(?:(?:25[0-5]|2[0-4]\d|1\d\d|[1-9]?\d)\.){3}(?:25[0-5]|2[0-4]\d|1\d\d|[1-9]?\d)|[0-9a-fA-F:.]+))\.$","The deletion of the secondary address failed, which might indicate an addressing problem or an internal software error."
718084,"718084: Public/cluster IP not on the same subnet: public (?<ip>(?:\[[^\]]+\]|(?:(?:25[0-5]|2[0-4]\d|1\d\d|[1-9]?\d)\.){3}(?:25[0-5]|2[0-4]\d|1\d\d|[1-9]?\d)|[0-9a-fA-F:.]+)), mask (?<netmask>\S+), cluster (?<ip_2>(?:\[[^\]]+\]|(?:(?:25[0-5]|2[0-4]\d|1\d\d|[1-9]?\d)\.){3}(?:25[0-5]|2[0-4]\d|1\d\d|[1-9]?\d)|[0-9a-fA-F:.]+))$",The cluster IP address is not on the same network as the outside interface of the Secure Firewall ASA.
718086,"718086: Fail to install LB NP rules: type (?<rule_type>\S+), dst (?<interface_name>\S+), port (?<port>\S+)\.$",The Secure Firewall ASA experienced a failure when attempting to create a SoftNP ACL rule to be used in securing the communication between load balancing peers. This may indicate an internal software problem.
718087,"718087: Fail to delete LB NP rules: type (?<rule_type>\S+), rule (?<rule_id>\S+)\.$",The Secure Firewall ASA experienced a failure when attempting to delete the SoftNP ACL rule used in securing the communication between load balancing peers.
719015,"719015: Parsed emailproxy session pointer from (?<src_ip>(?:\[[^\]]+\]|(?:(?:25[0-5]|2[0-4]\d|1\d\d|[1-9]?\d)\.){3}(?:25[0-5]|2[0-4]\d|1\d\d|[1-9]?\d)|[0-9a-fA-F:.]+)) (?<user>\S+): mailuser = (?<mail_user>\S+) , vpnuser = (?<vpn_user>\S+) , mailserver = (?<server>\S+)$","The username string is received from the client in the format vpnuser (name delimiter) mailuser (server delimiter) mailserver (for example: xxx:yyy@cisco.com). The name delimiter is optional. When the delimiter is not there, the VPN username and mail username are the same. The server delimiter is optional. When it is not present, the default configured mail server will be used."
719016,"719016: Parsed emailproxy session (?<pointer>\S+) from (?<src_ip>(?:\[[^\]]+\]|(?:(?:25[0-5]|2[0-4]\d|1\d\d|[1-9]?\d)\.){3}(?:25[0-5]|2[0-4]\d|1\d\d|[1-9]?\d)|[0-9a-fA-F:.]+)) password: mailpass = \*\*\*\*\*\*, vpnpass= \*\*\*\*\*\*$","The password string is received from the client in the format, vpnpass (name delimiter) mailpass (for example: xxx:yyy). The name delimiter is optional. When it is not present, the VPN password and mail password are the same."
720014,"720014: \(VPN\-(?<unit>\S+) \) Phase 2 connection entry \((?<msg_id>\S+)=(?<message_number>\S+) , my cookie=(?<mine>\S+) , his cookie=(?<his>\S+) \) contains no SA list\.$",No security association is linked to the Phase 2 connection entry.
720015,"720015: \(VPN\-(?<unit>\S+) \) Cannot found Phase 1 SA for Phase 2 connection entry \((?<msg_id>\S+)=(?<message_number>\S+) ,my cookie=(?<mine>\S+) , his cookie=(?<his>\S+) \)\.$",The corresponding Phase 1 security association for the given Phase 2 connection entry cannot be found.
720032,"720032: \(VPN\-unit\) HA status callback: id=(?<id>\S+) , seq=(?<sequence>\S+) , grp=(?<group>\S+) , event=(?<event>\S+) , op=(?<operand>\S+) , my=(?<my_state>\S+) , peer=(?<peer_state>\S+) \.$",The VPN failover subsystem indicated that a status update was notified by the underlying failover subsystem.
720037,"720037: \(VPN\-(?<unit>\S+) \) HA progression callback: id=(?<id>\S+) ,seq=(?<sequence_number>\S+) ,grp=(?<group>\S+) ,event=(?<event>\S+) ,op=(?<operand>\S+) , my=(?<my_state>\S+) ,peer=(?<peer_state>\S+) \.$",The status of the current failover progression is reported.
720048,"720048: \(VPN\-(?<unit>\S+) \) FSM action trace begin: state=(?<state>\S+) , last event=(?<event>\S+) , func=(?<function>\S+) \.$",A VPN failover subsystem finite state machine function has started.
720049,"720049: \(VPN\-(?<unit>\S+) \) FSM action trace end: state=(?<state>\S+) , last event=(?<event>\S+) , return=(?<return>\S+) , func=(?<function>\S+) \.$",A VPN failover subsystem finite state machine function has finished.
720053,"720053: \(VPN\-(?<unit>\S+) \) Failed to add cTCP IKE rule during bulk sync, peer=(?<ip>(?:\[[^\]]+\]|(?:(?:25[0-5]|2[0-4]\d|1\d\d|[1-9]?\d)\.){3}(?:25[0-5]|2[0-4]\d|1\d\d|[1-9]?\d)|[0-9a-fA-F:.]+)) , port=(?<port>\S+)$","An error occurred when the VPN failover subsystem tried to load a cTCP IKE rule on the standby unit during bulk synchronization. The standby unit may be under heavy load, and the new IKE rule request may time out before completion."
720054,"720054: \(VPN\-(?<unit>\S+) \) Failed to add new cTCP record, peer=(?<ip>(?:\[[^\]]+\]|(?:(?:25[0-5]|2[0-4]\d|1\d\d|[1-9]?\d)\.){3}(?:25[0-5]|2[0-4]\d|1\d\d|[1-9]?\d)|[0-9a-fA-F:.]+)) , port=(?<port>\S+) \.$","A cTCP record is replicated to the standby unit and cannot be updated. The corresponding IPsec over cTCP tunnel may not be functioning after failover. The cTCP database may be full, or a record with the same peer IP address and port number exists already."
720064,"720064: \(VPN\-(?<unit>\S+) \) Failed to update cTCP database record for peer=(?<ip>(?:\[[^\]]+\]|(?:(?:25[0-5]|2[0-4]\d|1\d\d|[1-9]?\d)\.){3}(?:25[0-5]|2[0-4]\d|1\d\d|[1-9]?\d)|[0-9a-fA-F:.]+)) , port=(?<port>\S+) during bulk sync\.$",An error occurred while the VPN failover subsystem attempted to update an existing cTCP record during bulk synchronization. The cTCP record may have been deleted from the cTCP database on the standby unit and cannot be found.
720065,"720065: \(VPN\-(?<unit>\S+) \) Failed to add new cTCP IKE rule, peer=(?<peer>\S+) , port=(?<port>\S+) \.$","An error occurred when the VPN failover subsystem tried to add a new IKE rule for the cTCP database entry on the standby unit. The Secure Firewall ASA may be under heavy load, and the request for adding a cTCP IKE rule timed out and was never completed."
720072,"720072: Timeout waiting for Integrity Firewall Server \[(?<interface>\S+) ,(?<ip>\S+) \] to become available\.$","The Zonelab Integrity Server cannot reestablish a connection before timeout. In an active/standby failover setup, the SSL connection between a Zonelab Integrity Server and the Secure Firewall ASA needs to be reestablished after a failover."
721002,"721002: (?<device>\S+) HA status change: event (?<event>\S+), my state (?<my_state>\S+), peer state (?<peer>\S+)\.$","The WebVPN failover subsystem receives status notification from the core HA component periodically. The incoming event, the new state of the local Secure Firewall ASA, and the new state of the failover peer are reported."
721003,"721003: (?<device>\S+) HA progression change: event (?<event>\S+), my state (?<my_state>\S+), peer state (?<peer>\S+)\.$","The WebVPN failover subsystem transitions from one state to another state based on the event notified by the core HA component. The incoming event, the new state of the local Secure Firewall ASA, and the new state of the failover peer are being reported."
722017,"722017: Group (?<group>\S+) User (?<user>\S+) IP (?<ip>(?:\[[^\]]+\]|(?:(?:25[0-5]|2[0-4]\d|1\d\d|[1-9]?\d)\.){3}(?:25[0-5]|2[0-4]\d|1\d\d|[1-9]?\d)|[0-9a-fA-F:.]+)) Bad SVC framing: (?<xx>\S+)\.2X(?<xx_2>\S+)\.2X(?<xx_3>\S+)\.2X>, reserved: (?<xx_4>\S+)$","The SVC sent a badly framed datagram, which might be caused by an SVC version incompatibility."
722018,"722018: Group (?<group>\S+) User (?<user>\S+) IP (?<ip>(?:\[[^\]]+\]|(?:(?:25[0-5]|2[0-4]\d|1\d\d|[1-9]?\d)\.){3}(?:25[0-5]|2[0-4]\d|1\d\d|[1-9]?\d)|[0-9a-fA-F:.]+)) Bad SVC protocol version: (?<version>\S+), expected: (?<expected>\S+)$","The SVC sent a version unknown to the device, which might be caused by an SVC version incompatibility."
722029,"722029: *Group +(?:<\s*)?(?<group>[^\>]+)(?:\s*>)?\s+User\s+(?:<\s*)?(?<user>[^\>\s]+)(?:\s*>)?\s+IP\s+(?:<\s*)?(?<src_ip>[^\>\s]+)(?:\s*>)?\s+(?<signature>\S+)\s+Session\s+(?<vendor_action>\S+)\s*:\s*Conns\s*:\s*(?<total_connections>\d+)\s*,\s*DPD\s+Conns\s*:\s*(?<number_of_reconnections>\d+)\s*,\s*Comp\s+resets\s*:\s*(?<compression_resets>\d+)\s*,\s*Dcmp\s+resets\s*:\s*(?<decompression_resets>\d+)\.?","The number of connections, reconnections, and resets that have occurred are reported. If connections is greater than 1 or the number of DPD_conns, compression_resets, or decompression_resets is greater than 0, it may indicate network reliability problems, which may be beyond the control of the Secure Firewall ASA administrator. If there are many connections or DPD connections, the user may be having problems connecting and may experience poor performance."
722030,"722030: *Group +(?:<\s*)?(?<group>[^>]+)(?:\s*>)?\s+User\s+(?:<\s*)?(?<user>[^>\s]+)(?:\s*>)?\s*IP\s+(?:<\s*)?(?<src_ip>[^>\s]+)(?:\s*>)?\s+(?<signature>\S+)\s+Session\s+(?<vendor_action>\S+)\s*:\s*In\s*:\s*(?<inbound_data_bytes>\d+)\s*\(\s*\+(?<inbound_control_bytes>\d+)\s*\)\s*bytes\s*,\s*(?<inbound_data_packets>\d+)\s*\(\s*\+(?<inbound_control_packets>\d+)\s*\)\s*packets\s*,\s*(?<dropped_inbound_packets>\d+)",End-of-session statistics are being recorded.
722031,"722031: *Group +(?:<\s*)?(?<group>[^>]+)(?:\s*>)?\s*User\s+(?:<\s*)?(?<user>[^>\s]+)(?:\s*>)?\s+IP\s+(?:<\s*)?(?<src_ip>[^>\s]+)(?:\s*>)?\s+(?<signature>\S+)\s+Session\s+(?<vendor_action>\S+)\s*:\s*Out\s*:\s*(?<outbound_data_bytes>\d+)\s+\(\s*\+(?<outbound_control_bytes>\d+)\s*\)\s*bytes\s*,\s*(?<outbound_data_packets>\d+)\s*\(\s*\+(?<outbound_control_packets>\d+)\s*\)\s*packets\s*,\s*(?<dropped_outbound_packets>\d+)","End-of-session statistics are being recorded. The statistics include data bytes, control packet bytes, data packets, control packets, and dropped packets."
725002,"725002:\s*Device\s+completed\s+SSL\s+handshake\s+with\s+(?<peer_type>\S+)\s+(?<src_interface>.+):(?<src_ip>(?:\d{1,3}\.){3}\d{1,3}|[0-9A-Fa-f:]+)\/(?<src_port>\d+)(?:\s+to\s+(?<dest_ip>(?:\d{1,3}\.){3}\d{1,3}|[0-9A-Fa-f:]+)\/(?<dest_port>\d+))?(?:\s+for\s+(?<protocol_version>\S+)\s+session\.?)?$",The SSL handshake has completed successfully with the remote device.
725003,"725003:\s*SSL\s+(?<peer_type>\S+)\s+(?<src_interface>[^:\s]+)\s*:\s*(?:(?<src_ip>(?:[\d+.]+|[0-9A-Za-f]*:[0-9A-Za-f]*:[0-9A-Za-f:]*))|(?<src_host>\S+))\s*\/\s*(?<src_port>\d{1,5})\s+(?:to\s+(?:(?<dest_ip>(?:[\d+.]+|[0-9A-Za-f]*:[0-9A-Za-f]*:[0-9A-Za-f:]*))|(?<dest_host>\S+))\s*\/\s*(?<dest_port>\d{1,5})\s+)?",The remote device is trying to resume a previous SSL session.
725006,"72500[67]:\s*(?:Device\s+(?<vendor_action>\S+)\s+)?SSL\s+\S+\s+with\s+(?<peer_type>\S+)\s+(?<src_interface>[^:\s]+)\s*:\s*(?:(?<src_ip>(?:[\d+.]+|[0-9A-Za-f]*:[0-9A-Za-f]*:[0-9A-Za-f:]*))|(?<src_host>\S+))\s*\/\s*(?<src_port>\d{1,5})(?:\s+to\s+(?:(?<dest_ip>(?:[\d+.]+|[0-9A-Za-f]*:[0-9A-Za-f]*:[0-9A-Za-f:]*))|(?<dest_host>\S+))\s*\/\s*(?<dest_port>\d{1,5}))?(?:\s+(?<vendor_action_ALT>\w+))?",The SSL handshake with the remote device has failed.
725007,"72500[67]:\s*(?:Device\s+(?<vendor_action>\S+)\s+)?SSL\s+\S+\s+with\s+(?<peer_type>\S+)\s+(?<src_interface>[^:\s]+)\s*:\s*(?:(?<src_ip>(?:[\d+.]+|[0-9A-Za-f]*:[0-9A-Za-f]*:[0-9A-Za-f:]*))|(?<src_host>\S+))\s*\/\s*(?<src_port>\d{1,5})(?:\s+to\s+(?:(?<dest_ip>(?:[\d+.]+|[0-9A-Za-f]*:[0-9A-Za-f]*:[0-9A-Za-f:]*))|(?<dest_host>\S+))\s*\/\s*(?<dest_port>\d{1,5}))?(?:\s+(?<vendor_action_ALT>\w+))?",The SSL session has terminated.
725008,"725008:\s*SSL\s+(?<peer_type>\S+)\s+(?<src_interface>[^:\s]+)\s*:\s*(?:(?<src_ip>(?:[\d+.]+|[0-9A-Za-f]*:[0-9A-Za-f]*:[0-9A-Za-f:]*))|(?<src_host>\S+))\s*\/\s*(?<src_port>\d{1,5})\s+to\s+(?:(?<dest_ip>(?:[\d+.]+|[0-9A-Za-f]*:[0-9A-Za-f]*:[0-9A-Za-f:]*))|(?<dest_host>\S+))\s*\/\s*(?<dest_port>\d{1,5})\s+proposes\s+the\s+following\s+(?<supported_ciphers>\d+)\s+cipher(?:\(s\))?\.?",The number of ciphers proposed by the remote SSL device are listed.
725012,"725012:\s*Device\s+chooses\s+cipher\s+(?<cipher_name>.+?(?=\s+for))\s+for\s+the\s+SSL\s+session\s+with\s+(?<peer_type>\S+)\s+(?<src_interface>[^:\s]+)\s*:\s*(?:(?<src_ip>(?:[\d+.]+|[0-9A-Za-f]*:[0-9A-Za-f]*:[0-9A-Za-f:]*))|(?<src_host>\S+))\s*\/\s*(?<src_port>\d{1,5})\s+to\s+(?:(?<dest_ip>(?:[\d+.]+|[0-9A-Za-f]*:[0-9A-Za-f]*:[0-9A-Za-f:]*))|(?<dest_host>\S+))\s*\/\s*(?<dest_port>\d{1,5})",The cipher that was chosen by the Cisco device for the SSL session is listed.
725014,SSL\s+lib\s+error *\. *Function\s*:\s*(?<function>\S+)\s+Reason\s*:\s*(?<reason>.+?)[\s\.]*$,The reason for failure of the SSL handshake is indicated.
725016,"Device\s+selects\s+trust-point\s+(?<trust_point_name>\S+)\s+for\s+(?<peer_type>\S+)\s+(?<src_interface>[^:\s]+)\s*:\s*(?:(?<src_ip>(?:[\d+.]+|[0-9A-Za-f]*:[0-9A-Za-f]*:[0-9A-Za-f:]*))|(?<src_host>\S+))\s*\/\s*(?<src_port>\d{1,5})\s+to\s+(?:(?<dest_ip>(?:[\d+.]+|[0-9A-Za-f]*:[0-9A-Za-f]*:[0-9A-Za-f:]*))|(?<dest_host>\S+))\s*\/\s*(?<dest_port>\d{1,5})","With server-name indication (SNI), the certificate used for a given connection may not be the certificate configured on the interface. There is also no indication of which certificate trustpoint has been selected. This syslog gives an indication of the trustpoint used by the connection (given by interface :src-ip /src-port )."
725017,"725017:\s*No\s+certificates\s+received\s+during\s+the\s+handshake\s+with\s+(?<remote_device>\S+)\s+(?<src_interface>[^\s\:]+)\s*:\s*(?:(?<src_ip>(?:[\d+.]+|[0-9A-Za-f]*:[0-9A-Za-f]*:[0-9A-Za-f:]*))|(?<src_host>\S+))\s*\/\s*(?<src_port>\d{1,5})\s+to\s+(?:(?<dest_ip>(?:[\d+.]+|[0-9A-Za-f]*:[0-9A-Za-f]*:[0-9A-Za-f:]*))|(?<dest_host>\S+))\s*\/\s*(?<dest_port>\d{1,5})\s+for\s+(?<protocol_version>\S+)\s+session",A remote client has not sent a valid certificate.
730006,"730006: Group (?<groupname>\S+) , User (?<user>\S+) , IP (?<ipaddr>\S+) : is on NACApp AUTH VLAN (?<vlanid>\S+) \.$",The session is under NACApp posture assessment.
730008,"730008: Group (?<ph_0>\S+) User (?<ph_2>\S+) IP ipaddr, VLAN MAPPING timeout waiting NACApp\.$",NACApp (Cisco NAC appliance) posture assessment takes longer than the timeout value configured.
730009,"730009: Group (?<groupname>\S+) , User (?<ph_1>\S+) IP (?<ipaddr>\S+) , CAS (?<casaddr>\S+) , capacity exceeded, terminating connection\.$","The load capacity of the NACApp (Cisco NAC appliance) CAS is execeeded, the new incoming session that uses it is terminating."
733100,"733100: (?<target>.*) drop rate ?(?<rate_id>.*) exceeded. Current burst rate is (?<burst_rate>\d+) per second, max configured rate is (?<max_burst_rate>\d+); Current average rate is (?<avg_rate>\d+) per second, max configured rate is (?<max_avg_rate>\d+); Cumulative total count is (?<total_count>\d+)","The specified object in the message has exceeded the specified burst threshold rate or average threshold rate. The object can be a drop activity of a host, TCP/UDP port, IP protocol, or various drops caused by potential attacks. The Secure Firewall ASA may be under attack."
733101,"733101: (?<object_objectip>\S+)\. Current burst rate is (?<rate_val>\S+) per second, max configured rate is (?<rate_val_2>\S+); Current average rate is (?<rate_val_3>\S+) per second, max configured rate is (?<rate_val_4>\S+); Cumulative total count is (?<ph_5>\S+)$","The Secure Firewall ASA detected that a specific host (or several hosts in the same 1024-node subnet) is either scanning the network (attacking), or is being scanned (targeted)."
733201,(?:733201: Threat\-detection: Service\[(?<remote_access_client_initiations>\S+)\] Peer\[(?<ip>(?:\[[^\]]+\]|(?:(?:25[0-5]|2[0-4]\d|1\d\d|[1-9]?\d)\.){3}(?:25[0-5]|2[0-4]\d|1\d\d|[1-9]?\d)|[0-9a-fA-F:.]+))\]: failure threshold of (?<threshold_value>\S+) exceeded: adding shun to (?<interface_2>\S+) (?<interface>\S+)\. (?<ikev2_ra_excessive_client_initiation_requests>\S+)|%ASA-\d+-733201: Threat\-detection: Service\[remote\-access\-client\-initiations\] Peer\[(?<peer>\S+)\-(?<ip>\S+)\]: failure threshold of (?<value>\S+) exceeded: adding shun to (?<interface_2>\S+) (?<interface>\S+)\. (?<italic_text>.+)\.)$,This message appears when the threat-detection service shunned an IP address due to excessive number of remote access client initiation requests to the headend from that host.
734001,"734001:\s*DAP\s*:\s*User\s+(?<user>[^,\s]+)\s*,\s*Addr\s*(?:(?<dest_ip>(?:[\d+.]+|[0-9A-Za-f]*:[0-9A-Za-f]*:[0-9A-Za-f:]*))|(?<dest_host>\S+))\s*,\s*Connection\s*(?<type>[^:]+)\s*:.+this\s+connection\s*:\s*(?<DAP_record_names>.+)",The DAP records that were selected for the connection are listed.
734002,"734002: DAP: User (?<user>\S+), Addr (?<ipaddr>\S+): Connection terminated by the following DAP records: (?<string>\S+)$",The DAP records that terminated the connection are listed.
734003,"734003:\s*DAP\s*:\s*User\s*(?<user>[^,\s]+)\s*,\s*Addr\s*(?:(?<dest_ip>(?:[\d+.]+|[0-9A-Za-f]*:[0-9A-Za-f]*:[0-9A-Za-f:]*))|(?<dest_host>\S+))\s*:\s*Session\s*Attribute\s*(?::\s*|\s+)(?<endpoint_attribute_name>[^\/\s]+)\s*(?:\/|=)\s*\""?\s*(?<endpoint_value>(?:\w+\s+)*[\w+\.]+)\s*\""?",The AAA and endpoint session attributes that are associated with the connection are listed.
735007,"735007: CPU (?<var1>\S+): Temp: (?<var2>\S+) (?<var3>\S+), Critical$",The CPU has reached a critical temperature.
735008,"735008: Chassis Ambient (?<var1>\S+): Temp: (?<var2>\S+) (?<var3>\S+), Critical$",A chassis ambient temperature sensor has reached a critical level.
735015,"735015: CPU (?<var1>\S+): Temp: (?<var2>\S+) (?<var3>\S+), Warm$",The CPU temperature is warmer than the normal operating range.
735016,"735016: Chassis Ambient (?<var1>\S+): Temp: (?<var2>\S+) (?<var3>\S+), Warm$",The chassis temperature is warmer than the normal operating range.
735017,"735017: Power Supply (?<var1>\S+): Temp: (?<var2>\S+) (?<var3>\S+), OK$",The power supply temperature has returned to a normal operating temperature.
735018,"735018: Power Supply (?<var1>\S+): Temp: (?<var2>\S+) (?<var3>\S+), Critical$",The power supply has reached a critical operating temperature.
735019,"735019: Power Supply (?<var1>\S+): Temp: (?<var2>\S+) (?<var3>\S+), Warm$",The power supply temperature is warmer than the normal operating range.
735020,"735020: CPU (?<var1>\S+): Temp: (?<var2>\S+) (?<var3>\S+), OK$",The CPU temperature has returned to the normal operating temperature.
735021,"735021: Chassis Ambient (?<var1>\S+): Temp: (?<var2>\S+) (?<var3>\S+), OK$",The chassis temperature has returned to the normal operating temperature.
735026,"735026: IO Hub (?<var1>\S+): Temp: (?<var2>\S+) (?<var3>\S+), OK$",The IO hub temperature is warmer than the normal operating range.
737001,"IPAA\s*:\s*Session\s*=\s*(?<session>[^,\s]+)\s*,\s*Received\s+message\s+\'?\s*(?<message_type>[^']+)\s*\'?",The IP address assignment process received a message.
737002,"737002: IPAA: Session=(?<session>\S+), Received unknown message '(?<num>\S+)'$",The IP address assignment process received a message.
737003,"IPAA\s*:\s*Session\s*=\s*(?<session>[^,\s]+)\s*,\s*(?:DHCP\s+configured\s*,\s*no\s+viable\s+servers\s+found|Local\s+pool\s+request\s+succeeded)\s+for\s+tunnel-group\s+\'?(?<tunnel_group>(?:\w+\s+)*\w+)\'?",The DHCP server configuration for the given tunnel group is not valid.
737004,"737004: IPAA: Session=(?<session>\S+), DHCP configured, request failed for tunnel\-group '(?<tunnel_group>\S+)'$",The DHCP server configuration for the given tunnel group is not valid.
737005,"737005: IPAA: Session=(?<session>\S+), DHCP configured, request succeeded for tunnel\-group '(?<tunnel_group>\S+)'$",The DHCP server request has succeeded.
737006,"IPAA\s*:\s*Session\s*=\s*(?<session>[^,\s]+)\s*,\s*(?:DHCP\s+configured\s*,\s*no\s+viable\s+servers\s+found|Local\s+pool\s+request\s+succeeded)\s+for\s+tunnel-group\s+\'?(?<tunnel_group>(?:\w+\s+)*\w+)\'?",The local pool request has succeeded.
737007,"737007: IPAA: Session=(?<session>\S+), Local pool request failed for tunnel\-group '(?<tunnel_group>\S+)'$",The local pool request has failed. The pool assigned to the tunnel group may be exhausted.
737008,"737008: IPAA: Session=(?<session>\S+), tunnel\-group '(?<tunnel_group>\S+)' not found$",The tunnel group was not found when trying to acquire an IP address for configuration. A software defect may cause this message to be generated.
737009,"737009: IPAA: Session=(?<session>\S+), AAA assigned address (?<ip_address>\S+), request failed$",The remote access client software requested the use of a particular address. The request to the AAA server to use this address failed. The address may be in use.
737010,"737010: IPAA: Session=(?<session>\S+), AAA assigned address (?<ip_address>\S+), succeeded$",The remote access client software requested the use of a particular address and successfully received this address.
737011,"737011: IPAA: Session=(?<session>\S+), AAA assigned address (?<ip_address>\S+), not permitted, retrying$",The remote access client software requested the use of a particular address. The vpn-addr-assign aaa command is not configured. An alternatively configured address assignment method will be used.
737012,"737012: IPAA: Session=(?<session>\S+), Address assignment failed$",The remote access client software request of a particular address failed.
737013,"737013: IPAA: Session=(?<session>\S+), Error freeing address (?<ip_address>\S+), not found$","The Secure Firewall ASA tried to free an address, but it was not on the allocated list because of a recent configuration change."
737014,"737014: IPAA: Session=(?<session>\S+), Freeing AAA address (?<ip_address>\S+)$",The Secure Firewall ASA successfully released the IP address assigned through AAA.
737015,"737015: IPAA: Session=(?<session>\S+), Freeing DHCP address (?<ip_address>\S+)$",The Secure Firewall ASA successfully released the IP address assigned through DHCP.
737016,"IPAA\s*:\s*Session\s*=\s*(?<session>[^,\s]+)\s*,\s*Freeing\s+local\s+pool\s+(?:(?<pool_name>\S+)\s+)?address\s+(?:(?<ip_address>(?:[\d+.]+|[0-9A-Za-f]*:[0-9A-Za-f]*:[0-9A-Za-f:]*))|(?<host_name>\S+))$",The Secure Firewall ASA successfully released the IP address assigned through local pools.
737017,"737017: IPAA: Session=(?<session>\S+), DHCP request attempt (?<num>\S+) succeeded$",The Secure Firewall ASA successfully sent a request to a DHCP server.
737018,"737018: IPAA: Session=(?<session>\S+), DHCP request attempt (?<num>\S+) failed$",The Secure Firewall ASA failed to send a request to a DHCP server.
737019,"737019: IPAA: Session=(?<session>\S+), Unable to get address from group\-policy or tunnel\-group local pools$",The Secure Firewall ASA failed to acquire an address from the local pools configured on the group policy or tunnel group. The local pools may be exhausted.
737023,"737023: IPAA: Session=(?<session>\S+), Unable to allocate memory to store local pool address (?<ip_address>\S+)$",The Secure Firewall ASA is low on memory.
737024,"737024: IPAA: Session=\\s\*, Client requested address (?<field>\S+), already in use, retrying$",The client requested an IP address that is already in use. The request will be tried using a new IP address.
737025,"737025: IPAA:Session=(?<session>\S+), Duplicate local pool address found, \(\?:ip-address|(ipv6-address)\) in quarantine$",The IP address that was to be given to the client is already in use. The IP address has been removed from the pool and will not be reused.
737026,"IPAA\s*:\s*Session\s*=\s*(?<session>[^,\s]+)\s*,\s*Client\s+assigned\s+(?:(?<dest_ip>(?:[\d+.]+|[0-9A-Za-f]*:[0-9A-Za-f]*:[0-9A-Za-f:]*))|(?<dest_host>\S+))\s+from\s+local\s+pool(?:\s+(?<pool_name>\S+))?",The client has assigned the given address from a local pool.
737028,"737028: IPAA: Session=\\s\*, Unable to send (?<session>\S+) to standby: communication failure$",The active Secure Firewall ASA was unable to communicate with the standby Secure Firewall ASA. The failover pair may be out-of-sync.
737029,"737029: IPAA: Session=(?<session>\S+), Added \(\?:(?<italic_text>.+)\) to standby$",The standby Secure Firewall ASA accepted the IP address assignment.
737030,"^(?:%ASA-\d+-737030: IPAA: Session=(?<session>\S+), Unable to send \(\?:(?<italic_text>.+)\) to standby: address in use|%ASA-\d+-737030: IPAA:Session=(?<session>\S+), IPv4 address: (?<ip_address>\S+)|%ASA-\d+-737030: IPAA:Session=(?<session>\S+), IPv6 address: (?<ipv6_address>\S+))$",The standby Secure Firewall ASA has the given address already in use when the active Secure Firewall ASA attempted to acquire it. The failover pair may be out-of-sync.
737031,"737031: IPAA: Session=\\s\*, Removed (?<session>\S+) from standby$",The standby Secure Firewall ASA cleared the IP address assignment.
737032,"737032: IPAA: Session=\\s\*, Unable to remove (?<session>\S+) from standby: address not found$",The standby Secure Firewall ASA did not have an IP address in use when the active Secure Firewall ASA attempted to release it. The failover pair may be out-of-sync.
737033,"737033: IPAA: Session=(?<session>\S+), Unable to assign (?<session_2>\S+) provided (?<ip>(?:\[[^\]]+\]|(?:(?:25[0-5]|2[0-4]\d|1\d\d|[1-9]?\d)\.){3}(?:25[0-5]|2[0-4]\d|1\d\d|[1-9]?\d)|[0-9a-fA-F:.]+)) \((?<addr_allocator>\S+)\) to Client\. This (?<ip_2>(?:\[[^\]]+\]|(?:(?:25[0-5]|2[0-4]\d|1\d\d|[1-9]?\d)\.){3}(?:25[0-5]|2[0-4]\d|1\d\d|[1-9]?\d)|[0-9a-fA-F:.]+)) has already been assigned by (?<ip_addr>\S+)$",The address assigned by the AAA/DHCP/local pool is already in use.
737035,"IPAA\s*:\s*Session\s*=\s*(?<session>[^,\s]+)\s*,\s*\'?\s*(?<message_type>[^']+)\'?",A message is queued to the IP address assignment. This corresponds with syslog 737001. This message is not rate limited.
737038,"^%ASA7\-737038: IPAA: Session=(?<session>\S+), specified address (?<ip>(?:\[[^\]]+\]|(?:(?:25[0-5]|2[0-4]\d|1\d\d|[1-9]?\d)\.){3}(?:25[0-5]|2[0-4]\d|1\d\d|[1-9]?\d)|[0-9a-fA-F:.]+)) was in\-use, trying to get another\.$",This log occurs when the AAA server (internal or external) has specified an address to assign to the user; but this address already in-use. The request is being re-queued without a specified address to fall back to DHCP or local pools.
737200,"737200: VPNFIP: Pool=(?<pool>\S+), Allocated (?<ip_address>\S+) from pool$",This log occurs an address is allocated from a local pool.
737201,"737201: VPNFIP: Pool=(?<pool>\S+), Returned (?<ip_address>\S+) to pool \(recycle=(?<recycle>\S+)\)$","This log occurs when an address returned to a local pool. The recycle flag indicates whether this address should be re-used for the next request. For rare situation, the recycle flag will be FALSE. For example, when there is an address collision , the address has been assigned to a VPN session by other means such as by AAA or DHCP. In this case, we will not immediately try to reuse that address for the next request."
737202,"737202: VPNFIP: Pool=(?<pool>\S+), ERROR: (?<message>\S+)$",This log is generated when an error event is detected related to the VPN FIP database.
737203,"737203: VPNFIP: Pool=(?<pool>\S+), WARN: (?<message>\S+)$",This log is generated to warn of an event related to the VPN FIP database.
737204,"737204: VPNFIP: Pool=(?<pool>\S+), NOTIFY: (?<message>\S+)$",This log is generated to notify of an event related to the VPN FIP database.
737205,"737205: VPNFIP: Pool=(?<pool>\S+), INFO: (?<message>\S+)$",This log is generated to inform of an event related to the VPN FIP database.
737206,"737206: VPNFIP: Pool=(?<pool>\S+), DEBUG: (?<message>\S+)$",This log is generated to debug an event related to the VPN FIP database.
737400,"737400: POOLIP: Pool=(?<pool>\S+), Allocated (?<ip_address>\S+) from pool$",This log occurs an address is allocated from a local pool.
737401,"737401: POOLIP: Pool=(?<pool>\S+), Returned (?<ip_address>\S+) to pool \(recycle=(?<recycle>\S+)\)$","This log occurs an address returned to a local pool. The recycle flag indicates whether this address should be re-used for the next request. For rare situation, the recycle flag will be FALSE. For example, when there is an address collision—the address has been assigned to a VPN session by other means such as by AAA or DHCP. In this case, we will not immediately try to reuse that address for the next request."
737402,"737402: POOLIP: Pool=(?<pool>\S+), Failed to return (?<ip_address>\S+) to pool \(recycle=(?<recycle>\S+)\)\. Reason: (?<message>\S+)$",This log occurs unable to return an address to an address pool.
737403,"737403: POOLIP: Pool=(?<pool>\S+), ERROR: (?<message>\S+)$",This log is generated when an error event is detected related to an IP local pool database.
737404,"737404: POOLIP: Pool=(?<pool>\S+), WARN: (?<message>\S+)$",This log is generated to warn of an event related to an IP local pool database.
737405,"737405: POOLIP: Pool=(?<pool>\S+), NOTIFY: (?<message>\S+)$",This log is generated to notify of an event related to an IP local pool database.
737406,"737406: POOLIP: Pool=(?<pool>\S+), INFO: (?<message>\S+)$",This log is generated to inform of an event related to an IP local pool database.
737407,"737407: POOLIP: Pool=(?<pool>\S+), DEBUG: (?<message>\S+)$",This log is generated to debug an event related to an IP local pool database.
741006,"741006: Unable to write Coredump Helper configuration, reason (?<variable_1>\S+)$",An error occurred when writing to the coredump helper configuration file. This error occurs only if disk0: is full. The configuration file is located in disk0:.coredumpinfo/coredump.cfg.
742003,"742003: failed to save master key for password encryption, reason=(?<reason_text>\S+)$","An attempt to save the primary key to nonvolatile memory failed. The actual reason is specified by the reason_text parameter. The reason can be an out-of-memory condition, or the nonvolatile store can be inconsistent."
742004,"742004: failed to sync master key for password encryption, reason=(?<reason_text>\S+)$",An attempt to synchronize the primary key to the peer failed. The actual reason is specified by the reason_text parameter.
743011,"743011: EOBC RPC call failed, return code (?<code>\S+)\.$",The EOBC RPC client failed to make an RPC to the intended server.
746006,"746006: (?<user>\S+)\-identity: Out of sync with AD Agent, start bulk download$","The AD agent cannot update the IP-user mapping events on the ASA and the AD agent event log overflows, which causes inconsistency between the AD agent and the ASA IP-user database."
746012,*user-identity\s*:\s*\S+\s+IP-User\s+mapping\s+(?:(?<ip_address>(?:[\d+.]+|[0-9A-Za-f]*:[0-9A-Za-f]*:[0-9A-Za-f:]*))|(?<host_name>\S+))\s*-\s*(?<domain_name>[^\\\s]+)\s*\\\s*(?<user>\S+)\s+(?<result>\S+)\s*-\s*(?<reason>.+),A new user-IP mapping has been added to the user-to-IP address mapping database. The status of the operation (success or failure) is indicated. The success reason is VPN user. The failure reasons include the following: Maximum user limit reached and Duplicated address.
746013,user-identity\s*:\s*\S+\s+IP-User\s+mapping\s+(?:(?<ip_address>(?:[\d+.]+|[0-9A-Za-f]*:[0-9A-Za-f]*:[0-9A-Za-f:]*))|(?<host_name>\S+))\s*-\s*(?<domain_name>[^\\\s]+)\s*\\\s*(?<user>\S+)\s+(?<result>\S+)\s*-\s*(?<reason>.+),"A change has been made to the user-to-IP address mapping database. The status of the operation (success or failure) is indicated. The success reasons include the following: Inactive timeout, NetBIOS probing failed, PIP notification, VPN user logout, Cut-through-proxy user logout, and MAC address mismatch. The failure reason is PIP notification."
746014,user-identity\s*:\s*\[\s*FQDN\s*\]\s+(?<fqdn>\S+)\s+\S+\s+(?:(?<ip_address>(?:[\d+.]+|[0-9A-Za-f]*:[0-9A-Za-f]*:[0-9A-Za-f:]*))|(?<host_name>\S+)),A fully qualified domain name has become obsolete.
746015,user-identity\s*:\s*\[\s*FQDN\s*\]\s+(?<fqdn>\S+)\s+\S+\s+(?:(?<ip_address>(?:[\d+.]+|[0-9A-Za-f]*:[0-9A-Za-f]*:[0-9A-Za-f:]*))|(?<host_name>\S+)),A fully qualified domain name lookup has succeeded.
746016,"user-identity\s*:\s*DNS\s+lookup\s+(?:for\s+(?<fqdn>\S+)\s+)?failed\s*,\s*reason\s*:\s*(?<reason>.+)","A DNS lookup has failed. Failure reasons include timeout, unresolvable, and no memory."
747001,"747001: State machine event queue depleted\. Event \((?<event_id>\S+),(?<ptr_in_hex>\S+),(?<ptr_in_hex_2>\S+)\) dropped\. Current state (?<state_name>\S+), stack (?<ptr_in_hex_3>\S+) (?<ptr_in_hex_4>\S+) (?<ptr_in_hex_5>\S+) (?<ptr_in_hex_6>\S+) (?<ptr_in_hex_7>\S+) (?<ptr_in_hex_8>\S+)$","The cluster FSM event queue is full, and a new event has been dropped."
747002,"747002: Recovered from state machine dropped event \((?<event_id>\S+),(?<ptr_in_hex>\S+),(?<ptr_in_hex_2>\S+)\)\. Intended state: (?<state_name>\S+)\. Current state: (?<state_name_2>\S+)$",The cluster FSM received an event that is incompatible with the current state.
747003,"747003: Recovered from state machine failure to process event \((?<event_id>\S+),(?<ptr_in_hex>\S+),(?<ptr_in_hex_2>\S+)\) at state (?<state_name>\S+)$",The cluster FSM failed to process an event for all reasons given.
747005,"747005: State machine notify event (?<event_name>\S+) \((?<event_id>\S+),(?<ptr_in_hex>\S+),(?<ptr_in_hex_2>\S+)\)$",The cluster FSM has notified clients about an event.
747007,"747007: Recovered from founding stray config sync thread, stack (?<ptr_in_hex>\S+) (?<ptr_in_hex_2>\S+) (?<ptr_in_hex_3>\S+) (?<ptr_in_hex_4>\S+) (?<ptr_in_hex_5>\S+) (?<ptr_in_hex_6>\S+)$",Astray configuration sync thread has been detected.
747008,"747008: New cluster member ""(?<name>\S+)"" with serial number (?<serial_number_a>\S+) rejected due to name conflict with existing unit with serial number (?<serial_number_b>\S+)$",The same unit name has been configured on multiple units.
747010,"747010: Attempted recovery from failed RPC call, message (?<message_name>\S+), return code (?<code_value>\S+)$",An RPC call failure has occurred. The system tries to recover from the failure.
747012,"747012: Failed to replicate global object id (?<hex_id_value>\S+) in domain (?<domain_name>\S+) to peer (?<unit_name>\S+), continue operation$",A global object ID replication failure has occurred.
747013,"747013: Failed to remove global object id (?<hex_id_value>\S+) in domain (?<domain_name>\S+) from peer (?<unit_name>\S+), continue operation$",A global object ID removal failure has occurred.
747014,"747014: Failed to install global object id (?<hex_id_value>\S+) in domain (?<domain_name>\S+), continue operation$",A global object ID installation failure has occurred.
747016,"747016: Found a split cluster with both (?<unit_name_a>\S+) and (?<unit_name_b>\S+) as control nodes\. Control node (?<role>\S*) retained by (?<unit_name_a_2>\S+), (?<unit_name_b_2>\S+) will leave then join as a data node$",A split cluster has been found.
747019,"747019: New cluster member (?<name>\S+) rejected due to Cluster Control Link IP subnet mismatch \((?<ip_address>\S+)/(?<ip_mask>\S+) on new unit, (?<ip_address_2>\S+)/(?<ip_mask_2>\S+) on local unit\)$",The control unit found that a new joining unit has an incompatible cluster interface IP address.
747021,"747021: Control node (?<unit_name>\S+) is quitting due to (?<interface>\S+) health check failure on (?<interface_name>\S+), (?<number_of_times>\S+) times\. Rejoin will be attempted after (?<time>\S+) min\.$",The control unit has disabled clustering because of an interface health check failure.
747022,"747022: Asking data node (?<unit_name>\S+) to quit because it failed (?<interface>\S+) health check (?<x>\S+) times \(last failure on (?<y>\S+)\), rejoin will be attempted after (?<interface_name>\S+) min\.$",This syslog message occurs when the maximum number of rejoin attempts has not been exceeded. A data unit has disabled clustering because of an interface health check failure for the specified amount of time. This unit will re-enable itself automatically after the specified amount of time (ms).
747023,"747023: Control node (?<italic_text>.+) is quitting due to Security Service Module health check failure, and control node's Security Service Card state is (?<italic_text_2>.+)\. Rejoin will be attempted after (?<italic_text_3>.+) minutes\.$",SSM health check failure on data unit; control unit asks data unit to quit with rejoin.
747024,"747024: Asking data node (?<italic_text>.+) to quit due to Security Service Module health check failure, and its Security Service Module state is (?<italic_text_2>.+)\. The data node will decide whether to rejoin based on the configurations\.$",SSM health check failure on data unit; control unit asks data unit to quit. The data unit would decide whether to rejoin or not.
747026,"747026: New cluster member (?<unit_name>\S+) rejected due to cluster (?<interface>\S+) name mismatch \((?<ifc_name>\S+) on new unit, (?<ifc_name_2>\S+) on local unit\)$",A control unit found a joining unit that has an incompatible cluster control link interface name.
747028,"747028: Found unit (?<unit_name>\S+)'s (?<interface>\S+)\-mode is (?<mode_name>\S+), different from mine (?<mode_name_2>\S+), ask it to quit\.$","A control unit found a joining unit that has an incompatible interface-mode, either spanned or individual."
747037,"747037: Asking data node (?<data_node_name>\S+) to quit due to its Security Service Module health check failure (?<num>\S+) times, and its Security Service Module state is (?<state>\S+)\. Rejoin will be attempted after (?<minutes>\S+) minutes\.$",SSM health check failure on data unit; control unit asks data unit to quit with rejoin.
747038,"747038: Asking data node (?<node_name>\S+) to quit due to its Security Service Module health check failure (?<num>\S+) times, and its Security Service Card state is (?<module>\S+)\. Clustering must be manually enabled on the unit to rejoin\.$",SSM health check failure on data; control unit asks data unit to quit with rejoin.
747041,"747041: Control node (?<unit_name>\S+) is quitting due to (?<interface_2>\S+) health check failure on (?<italic_text>.+), (?<num_times>\S+) times\. Clustering must be manually enabled on this unit to rejoin\.$",Interface health check failure on control unit; control unit kicks itself out with rejoin.
748102,"748102: Control node (?<unit_id>\S+) is quitting due to (?<application_name>\S+) Application health check failure, and control node's (?<application>\S+) state is (?<status>\S+)$",Application health check detects that the control unit is not healthy. The control unit will leave the cluster group.
748103,"748103: Asking data node (?<unit_id>\S+) to quit due to (?<application_name>\S+) Application health check failure, and data node's (?<application>\S+) state is (?<status>\S+)$",Application health check detects that the data unit is not healthy. Control unit will evict the data node.
750005,"750005: Local: (?<italic_text>.+) Remote: (?<italic_text_2>.+) Username: (?<user>\S+) IPsec rekey collision detected\. I am lowest nonce (?<initiator>\S+), deleting SA with inbound SPI (?<spi>\S+)$","A rekey collision was detected (both peers trying to initiate a rekey at the same time), and it was resolved by keeping the one initiated by this Secure Firewall ASA because it had the lowest nonce. This action caused the indicated SA referenced by the SPI to be deleted."
750014,"750014: Local:(?<italic_text>.+):(?<italic_text_2>.+) Remote:(?<italic_text_3>.+):(?<italic_text_4>.+) Username:(?<italic_text_5>.+) IKEv2 Session aborted\. Reason: Initial Contact received for Local ID: (?<italic_text_6>.+), Remote ID: (?<italic_text_7>.+) from remote peer:(?<italic_text_8>.+):(?<italic_text_9>.+) to (?<italic_text_10>.+):(?<italic_text_11>.+)$","For ASA IKEv2, the initial contact (IC) processing is done based on peer IP/Port and ASA IP/Port pairs and the stale sessions get deleted based on these IP/Port pairs. This could be a problem with NAT as IP/Port of peer may change for connections and the stale sessions would not get cleaned up based on IP/Port pairs. As per the IKEv2 RFC , the Initial Contact processing will be switched to use Identity pairs so that the stale sessions can be identified based on peer and ASA identities and clear them. The identities can be IPs, hostnames, Certificate DNs, and so on. This syslog displays the exact reason for clearing the stale sessions. This syslog will be generated on ASA after clearing a stale session from a peer while negotiating a new IKEv2 session with the same peer. This syslog is applicable only for standalone and clustering site-to-site VPNs and not for RA."
751005,"751005: (?<anyconnect>\S+) client reconnect authentication failed\. Session ID: (?<session_id>\S+), Error: (?<error>\S+)$",A failure occurred during an AnyConnect client reconnection attempt using the session token.
751008,"751008: Group=(?<group>\S+), Tunnel rejected: IKEv2 not enabled in group policy$","IKE version 2 is not allowed based on the enabled protocols for the indicated group to which a connection attempt was mapped, and the connection was rejected."
751024,"751024: IPv6 User Filter (?<tempipv6>\S+) configured\. This setting has been deprecated, terminating connection$","The IPv6 VPN filter has been deprecated and if it is configured instead of a unified filter for IPv6 traffic access control, the connection will be terminated."
751027,"751027: Received INVALID_SELECTORS Notification\. Peer received a packet \(SPI= (?<spi>\S+)\)\. The decapsulated inner packet didn't match the negotiated policy in the SA\. Packet destination (?<pkt_daddr>\S+), port (?<pkt_dest_port>\S+), source (?<pkt_saddr>\S+), port (?<pkt_src_port>\S+), protocol (?<pkt_prot>\S+)\.$",A peer received a packet on an IPsec security association (SA) that did not match the negotiated traffic descriptors for that SA. The peer sent an INVALID_SELECTORS notification containing the SPI and packet data for the offending packet.
752017,"752017: IKEv2 Backup L2L tunnel initiation denied on (?<interface_2>\S+) (?<interface>\S+) matching crypto map (?<name>\S+), sequence number (?<number>\S+) \. Unsupported configuration\.$",The Secure Firewall ASA uses IKEv1 to initiate the connection because IKEv2 does not support the backup L2L feature.
768001,"768001: QUOTA: (?<resource>\S+) utilization is high: requested (?<req>\S+), current (?<curr>\S+), warning level (?<level>\S+)$","A system resource allocation level has reached its warning threshold. In the case of a management session, the resource is simultaneous administrative sessions."
768002,"768002: QUOTA: (?<resource>\S+) quota exceeded: requested (?<req>\S+), current (?<curr>\S+), limit (?<limit>\S+)$","A request for a system resource would have exceeded its configured limit and was denied. In the case of a management session, the maximum number of simultaneous administrative sessions on the system has been reached."
768003,"768003: QUOTA: (?<management_session>\S+) quota exceeded for (?<user_2>\S+) (?<user>\S+): current (?<g_3>\S+),(?<user_3>\S+) limit (?<g_3_2>\S+)$",The current management session exceeded the configured limits for the user.
768004,"768004: QUOTA: (?<management_session>\S+) quota exceeded for (?<ssh_telnet_http>\S+) protocol: current (?<g_2>\S+), protocol limit (?<g_2_2>\S+)$","The maximum number of management sessions for the protocol - ssh, telnet, or http exceeded the configured limit."
769004,"769004: UPDATE: (?<asa>\S+) image '(?<src_file>\S+)' failed verification, reason: (?<failure_reason>\S+)$",The image failed verification from either the copy command or verify command.
770001,"770001: (?<resource>\S+) resource allocation is more than the permitted limit of (?<limit>\S+)\. If this condition persists, the (?<asa>\S+) will be rebooted$",The CPU or memory resource allocation for the Secure Firewall ASA virtual machine has exceeded the allowed limit for this platform. This condition does not occur unless the setting for the Secure Firewall ASA virtual machine has been changed from that specified in the software downloaded from Cisco.com.
770002,"770002: (?<resource>\S+) resource allocation is more than the permitted limit of (?<limit>\S+), (?<device>\S+) will be rebooted$",The CPU or memory resource allocation for the Secure Firewall ASA virtual machine has exceeded the allowed limit for this platform. This condition does not occur unless the setting for the Secure Firewall ASA virtual machine has been changed from that specified in the software downloaded from Cisco.com. The Secure Firewall ASA will continue to reboot if the resource allocation is not changed.
771001,"771001: CLOCK: System clock set, source: (?<src>\S+), before: (?<time>\S+), after: (?<time_2>\S+)$",The system clock was set from a local source.
771002,"771002: CLOCK: System clock set, source: (?<src>\S+), IP: (?<ip>\S+), before: (?<time>\S+), after: (?<time_2>\S+)$",The system clock was set from a remote source.
771003,"771003: CLOCK: Hardware clock UIP bit is set to 1, for (?<duration>\S+) secs, start time (?<duration_2>\S+) secs, end time (?<duration_3>\S+) secs\. Read clock time from linux system clock$",Rate-limited.
772002,"772002: PASSWORD: (?<console>\S+) login warning, (?<user_2>\S+) (?<user>\S+), cause: password expired$","A user logged into the system console with an expired password, which is permitted to avoid system lockout."
772003,"772003: PASSWORD: (?<session>\S+) login failed, (?<user_2>\S+) (?<user>\S+), IP (?<ip>\S+), cause: password expired$",A user logged tried to log into the system with an expired password and was denied access.
772004,"772004: PASSWORD: (?<session>\S+) login failed, (?<user_2>\S+) (?<user>\S+), IP (?<ip>\S+), cause: password expired$",A user logged tried to log into the system with an expired password and was denied access.
774002,"774002: POST: error '(?<err>\S+)', func '(?<func>\S+)', engine (?<eng>\S+), algorithm (?<alg>\S+), mode (?<mode>\S+), dir (?<dir>\S+), key len (?<len>\S+)$",The crypto service provider failed the power on self-test.
776201,"776201: CTS Env: PAC for Server (?<ip>(?:\[[^\]]+\]|(?:(?:25[0-5]|2[0-4]\d|1\d\d|[1-9]?\d)\.){3}(?:25[0-5]|2[0-4]\d|1\d\d|[1-9]?\d)|[0-9a-fA-F:.]+)), A\-ID (?<pac_issuer_name>\S+) will expire in (?<number>\S+) days$",A CTS PAC is nearing its expiration date.
776202,"776202: CTS Env: PAC for Server (?<ip>(?:\[[^\]]+\]|(?:(?:25[0-5]|2[0-4]\d|1\d\d|[1-9]?\d)\.){3}(?:25[0-5]|2[0-4]\d|1\d\d|[1-9]?\d)|[0-9a-fA-F:.]+)), A\-ID (?<pac_issuer_name>\S+) has expired$",A CTS PAC has expired.
776203,"776203: CTS Env: Unable to retrieve data from (?<source_type>\S+): (?<source>\S+), (?<reason>\S+)$",The ASA was unable to retrieve the CTS environment data and SGT name table for one of the following reasons:
776204,"776204: CTS Env: Data from (?<source>\S+) has expired, policies based on security\-group names are enforced using old mappings$","The CTS environment data and SGT name table have expired, which is likely to occur after unresolved environment data retrieval failures have occurred."
776301,"776301: CTS Policy: Security\-group tag (?<sgt>\S+) is mapped to security\-group name ""(?<sgname>\S+)""$","The security group tag referenced in the policy is known and the lookup in the security group table is successful. As a result, the tag name mapping is derived."
776303,"776303: CTS Policy: Security\-group name ""(?<sgname>\S+)"" is resolved to security\-group tag (?<sgt>\S+)$","The securitygroup name referenced in the policy was resolved and the lookup in the security group table was successful. As a result, the tag derived from the table is used for policy enforcement."
776304,"776304: CTS Policy: Unresolved security\-group name ""(?<sgname>\S+)"" referenced, policies based on this name will be inactive$","The securitygroup name referenced in the policy cannot be resolved to a tag and the lookup in the security group table failed. AS a result, the policy referencing the name is inactive, but remains in the configuration."
776307,"776307: CTS Policy: Security\-group name for security\-group tag (?<sgt>\S+) renamed from ""(?<old_sgname>\S+)"" to ""(?<new_sgname>\S+)""$","In the newly downloaded security group table on the ASA, a change in the security group name for a security group tag was detected; however, there was no change in policy status."
776308,"776308: CTS Policy: Previously unknown security\-group tag (?<sgt>\S+) is now mapped to security\-group name ""(?<sgname>\S+)""$","In the newly downloaded security group table on the ASA, a previously unknown security group tag was found in the table; however, there was no change in policy status."
776310,"776310: CTS Policy: Security\-group name ""(?<sgname>\S+)"" remapped from security\-group tag (?<old_sgt>\S+) to (?<new_sgt>\S+)$","In the newly downloaded security group table on the ASA, a change in the security group tag for a security group name was detected. All policies referencing the name are updated to reflect the new tag, and policies are enforced based on the new tag."
776311,"776311: CTS Policy: Previously unresolved security\-group name ""(?<sgname>\S+)"" is now resolved to security\-group tag (?<sgt>\S+)$","In the newly downloaded security group table on the ASA, a previously unresolved security group name was resolved to a tag, and the new tag can be used to enforce policies."
776312,"776312: CTS Policy: Previously resolved security\-group name ""(?<sgname>\S+)"" is now unresolved, policies based on this name will be deactivated$","In the newly downloaded security group table on the ASA, a previously resolved security group name no longer exists. As a result, all policies based on this security group name become inactive, but remain in the configuration."
776313,"776313: CTS Policy: Failure to update policies for security\-group ""(?<sgname>\S+)""\->(?<sgt>\S+)$",An error was encountered in updating the policies. Policy enforcement will continue based on old tag values and is no longer accurate.
779002,"779002: STS: STS and NAT locate different egress (?<interface>\S+) for segment\-id (?<segment_id>\S+), (?<protocol>\S+) from (?<ifc_name>\S+):(?<ip_address>\S+)/(?<port>\S+) to (?<ip_address_2>\S+)/(?<port_2>\S+)\. Packet was discarded$","The Secure Firewall ASA tries to create a connection for a VXLAN packet, but the STS lookup table and NAT policy locate a different egress interface."
801003,"801003: Dropping ICMP type=(?<number>\S+), code=(?<code>\S+) from (?<address>\S+) to (?<address_2>\S+) on (?<interface>\S+) (?<interface_name>\S+)$",Dropping ICMP.
803001,"(?:803001: bypass is continuing after power up, no protection will be provided by the system for traffic over (?<interface>\S+)|%ASA-\d+-803001: bypass is continuing after power up, no protection will be provided by the system for traffic over (?<gigabitethernet>\S+) 1/3\-1/4)$",Informational message to the user that the hardware bypass will be continued after bootup.
803002,(?:803002: no protection will be provided by the system for traffic over (?<interface>\S+)|%ASA-\d+-803002: no protection will be provided by the system for traffic over (?<gigabitethernet>\S+) 1/3\-1/4)$,Informational message to the user that hardware bypass is manually enabled.
803003,(?:803003: User disabled bypass manually on (?<interface>\S+)|%ASA-\d+-803003: User disabled bypass manually on (?<gigabitethernet>\S+) 1/3\-1/4\.)$,Informational message to the user that hardware bypass is manually disabled.
815002,"815002: Denied packet, hard limit, (?<hard_limit_value>\S+), for object\-group search exceeded for (?<udp>\S+) from (?<source>\S+):(?<source_ip_address>\S+)/(?<port>\S+) to (?<destination>\S+):(?<destination_ip_address>\S+)/(?<port_2>\S+)$","When object-group-search threshold (by default threshold is 10K) is configured in ASA, and if any OGS search crosses 10k limit, packets are dropped and this message is generated."
840001,"840001: Failed to create the backup for an IKEv2 session \(Local:(?<local_ip>\S+):(?<local_port>\S+) SPI:(?<index>\S+), Remote:(?<remote_ip>\S+):(?<remote_port>\S+) SPI:(?<index_2>\S+)\)$","In the high-availability setup of distributed site-to-site VPN, an attempt to create a backup session is made when a IKEv2 session is established or when the cluster membership changes. However, the attempt may fail for reasons such as capacity limit. Hence this message is generated on the unit of a session owner whenever it is notified of failing to create a backup."
870001,"870001: policy\-route path\-monitoring, remote peer (?<interface_name>\S+):(?<ip_address>\S+) (?<reachable_status>\S+)$",This message appears to display whether the interface on the policy based route identified through path monitoring is reacheable or not:
880001,"880001: Ingress ifc (?<ingress_interface>\S+), For traffic \[(?<source_ipaddress>\S+)\->(?<destination_ipaddress>\S+)\], PBR picked (?<outside_interface_1>\S+) as its (?<metric_type>\S+) metrics became better than (?<outside_interface_2>\S+)$","This message is generated whenever the interface chosen is different from previous while forwarding the traffic. Where, metric-types are jitter, cost, mos, packet loss, rtt."
338103,33810[34]: Dynamic filter (?<action>\S+) whitelisted (?<transport>\S+) traffic from (?<src_interface>\S+):(?<src_ip>[0-9.]+)\/(?<src_port>[0-9]+).* to (?<dest_interface>\S+):(?<dest_ip>[0-9.]+)\/(?<dest_port>[0-9]+).*resolved from (?<list_id>\S+) list: (?<list_ip>\S+),"Traffic from an IP address, which is on an allow list in the dynamic filter database, has appeared."
338104,33810[34]: Dynamic filter (?<action>\S+) whitelisted (?<transport>\S+) traffic from (?<src_interface>\S+):(?<src_ip>[0-9.]+)\/(?<src_port>[0-9]+).* to (?<dest_interface>\S+):(?<dest_ip>[0-9.]+)\/(?<dest_port>[0-9]+).*resolved from (?<list_id>\S+) list: (?<list_ip>\S+),"Traffic to an IP address, which is on an allow list in the dynamic filter database, has appeared."
722001,72200[13]: *IP +(?:\<\s*)?(?<src_ip>[^\>\s]+)(?:\s*\>)?,The request from the SVC was invalid.
722003,72200[13]: *IP +(?:\<\s*)?(?<src_ip>[^\>\s]+)(?:\s*\>)?,The user took too long to download and connect.
722010,72201[012]: *Group +(?:\<\s*)?(?<group>[^\>]+)(?:\s*\>)?\s+User\s+(?:\<\s*)?(?<user>[^\>\s]+)(?:\s*\>)?\s+IP\s+(?:\<\s*)?(?<src_ip>[^\s\>]+)(?:\s*\>)?\s+SVC\s+Message\s*:\s*(?<message_type>\d+)\s*\/\s*\S+\s*:\s*(?<message>.+?)[\s\.]*$,The SVC issued a message.
722011,72201[012]: *Group +(?:\<\s*)?(?<group>[^\>]+)(?:\s*\>)?\s+User\s+(?:\<\s*)?(?<user>[^\>\s]+)(?:\s*\>)?\s+IP\s+(?:\<\s*)?(?<src_ip>[^\s\>]+)(?:\s*\>)?\s+SVC\s+Message\s*:\s*(?<message_type>\d+)\s*\/\s*\S+\s*:\s*(?<message>.+?)[\s\.]*$,The SVC issued a message.
722012,72201[012]: *Group +(?:\<\s*)?(?<group>[^\>]+)(?:\s*\>)?\s+User\s+(?:\<\s*)?(?<user>[^\>\s]+)(?:\s*\>)?\s+IP\s+(?:\<\s*)?(?<src_ip>[^\s\>]+)(?:\s*\>)?\s+SVC\s+Message\s*:\s*(?<message_type>\d+)\s*\/\s*\S+\s*:\s*(?<message>.+?)[\s\.]*$,The SVC issued a message.
722032,72203[2-4]: *Group +(?:\<\s*)?(?<group>[^\>]+)(?:\s*\>)?\s+User\s+(?:\<\s*)?(?<user>[^\>\s]+)(?:\s*\>)?\s+IP\s+(?:\<\s*)?(?<src_ip>[^>\s]+)(?:\s*\>)?\s+\S+\s*(?<transport>\S+)?\s+SVC\s+connection(?:\s+(?<vendor_action>\S+))?,A new SVC connection is replacing an existing one. You may be having trouble connecting.
722033,72203[2-4]: *Group +(?:\<\s*)?(?<group>[^\>]+)(?:\s*\>)?\s+User\s+(?:\<\s*)?(?<user>[^\>\s]+)(?:\s*\>)?\s+IP\s+(?:\<\s*)?(?<src_ip>[^>\s]+)(?:\s*\>)?\s+\S+\s*(?<transport>\S+)?\s+SVC\s+connection(?:\s+(?<vendor_action>\S+))?,The first SVC connection was established for the SVC session.
722034,72203[2-4]: *Group +(?:\<\s*)?(?<group>[^\>]+)(?:\s*\>)?\s+User\s+(?:\<\s*)?(?<user>[^\>\s]+)(?:\s*\>)?\s+IP\s+(?:\<\s*)?(?<src_ip>[^>\s]+)(?:\s*\>)?\s+\S+\s*(?<transport>\S+)?\s+SVC\s+connection(?:\s+(?<vendor_action>\S+))?,A reconnection attempt has occurred. An SVC connection is replacing a previously closed connection. There is no existing connection for this session because the connection was already dropped by the SVC or the Secure Firewall ASA. You may be having trouble connecting.
722053,72205[35]: *Group +(?:\<\s*)?(?<group>[^\>]+)(?:\s*\>)?\s+User\s+(?:\<\s*)?(?<user>[^\>\s]+)(?:\s*\>)?\s+IP\s+(?:\<\s*)?(?<src_ip>[^\>\s]+)(?:\s*\>)?(?:\s+Unknown)?\s+(?:client\s+(?:\<\s*)?(?<user_agent>[^\>]+)(?:\s*\>)?\s+connection|Client\s+Type\s*:\s+?<user_agent_ALT>(.+))?,An unknown or unsupported SSL VPN client has connected to the Secure Firewall ASA. Older clients include the Cisco SVC and the Cisco AnyConnect client earlier than Version 2.3.1.
722055,72205[35]: *Group +(?:\<\s*)?(?<group>[^\>]+)(?:\s*\>)?\s+User\s+(?:\<\s*)?(?<user>[^\>\s]+)(?:\s*\>)?\s+IP\s+(?:\<\s*)?(?<src_ip>[^\>\s]+)(?:\s*\>)?(?:\s+Unknown)?\s+(?:client\s+(?:\<\s*)?(?<user_agent>[^\>]+)(?:\s*\>)?\s+connection|Client\s+Type\s*:\s+?<user_agent_ALT>(.+))?,The indicated user is attempting to connect with the given user-agent.
103001,103001: \(Primary\) No response from other firewall \(reason code = (?<code>\S+)\)\.$,The primary unit is unable to communicate with the secondary unit over the failover cable. Primary can also be listed as Secondary for the secondary unit. The following table lists the reason codes and the descriptions to determine why the failover occurred.
103002,103002: \(Primary\) Other firewall network (?<interface>\S+) (?<interface_number>\S+) OK\.$,The primary unit has detected that the network interface on the secondary unit is okay. Primary can also be listed as Secondary for the secondary unit.
103003,103003: \(Primary\) Other firewall network (?<interface>\S+) (?<interface_number>\S+) failed\.$,The primary unit has detected a bad network interface on the secondary unit. Primary can also be listed as Secondary for the secondary unit.
103004,103004: \(Primary\) Other firewall reports this firewall failed\. (?<reason_string>.+)$,The primary unit received a message from the secondary unit indicating that the primary unit has failed. Primary can also be listed as Secondary for the secondary unit. The reason can be one of the following:
103005,103005: \(Primary\) Other firewall reporting failure\. Reason: (?<ssm_card_failure>\S+)$,The secondary unit has reported an SSM card failure to the primary unit. Primary can also be listed as Secondary for the secondary unit.
103006,103006: \(Primary\|Secondary\) Mate version (?<ver_num>\S+) is not compatible with ours (?<ver_num_2>\S+)\.$,The Secure Firewall ASA has detected a peer unit that is running a version that is different than the local unit and is not compatible with the HA Hitless Upgrade feature.
103007,103007: \(Primary\|Secondary\) Mate version (?<ver_num>\S+) is not identical with ours (?<ver_num_2>\S+)\.$,"The Secure Firewall ASA has detected that the peer unit is running a version that is not identical, but supports Hitless Upgrade and is compatible with the local unit. The system performance may be degraded because the image version is not identical, and the Secure Firewall ASA may develop a stability issue if the nonidentical image runs for an extended period."
103008,103008: (?<host>\S+) Mate hwdib index (?<idx>\S+) is not identical with ours\.$,The number of interfaces on the active and standby units is not the same.
104500,104500: \(Primary\|Secondary\) Switching to ACTIVE \- switch reason: (?<reason>\S+)$,This HA unit is assuming the Active role for the Cloud HA pair. Possible values for the reason string are:
104501,104501: \(Primary\|Secondary\) Switching to BACKUP \- switch reason: (?<reason>\S+)$,This HA unit is assuming the Backup role for the Cloud HA pair. Possible values for the reason string are:
105003,105003: \(Primary\) Monitoring on (?<interface>\S+) (?<interface_name>\S+) waiting$,The Secure Firewall ASA is testing the specified network interface with the other unit of the failover pair. Primary can also be listed as Secondary for the secondary unit.
105004,105004: \(Primary\) Monitoring on (?<interface>\S+) (?<interface_name>\S+) normal$,The test of the specified network interface was successful. Primary can also be listed as Secondary for the secondary unit.
105005,105005: \(Primary\) Lost Failover communications with mate on (?<interface>\S+) (?<interface_name>\S+)$,One unit of the failover pair can no longer communicate with the other unit of the pair. Primary can also be listed as Secondary for the secondary unit.
105008,105008: \(Primary\) Testing Interface (?<interface_name>\S+)$,Testing of a specified network interface has occurred. This testing is performed only if the Secure Firewall ASA fails to receive a message from the standby unit on that interface after the expected interval. Primary can also be listed as Secondary for the secondary unit.
105009,105009: \(Primary\) Testing on (?<interface>\S+) (?<interface_name>\S+) (?:Passed|Failed)$,The result (either Passed or Failed) of a previous interface test has been reported. Primary can also be listed as Secondary for the secondary unit.
105021,105021: \(Failover_unit\) Standby unit failed to sync due to a locked (?<context_name>\S+) config\. Lock held by (?<lock_owner_name>\S+)$,"During configuration synchronization, a standby unit will reload itself if some other process locks the configuration for more than five minutes, which prevents the failover process from applying the new configuration. This can occur when an administrator pages through a running configuration on the standby unit while configuration synchronization is in process. See also the show running-config command in privileged EXEC mode and the pager lines num command in global configuration mode in the Command Reference Guides."
105022,105022: \((?<host>\S+)\) Config replication failed with reason = (?<reason>\S+)$,"When high availability replication fails, the message is generated. Where,"
105031,105031: Failover LAN (?<interface>\S+) is up$,The LAN failover interface link is up.
105032,105032: LAN Failover (?<interface>\S+) is down$,The LAN failover interface link is down.
105035,105035: Receive a LAN failover (?<interface>\S+) down msg from peer\.$,The peer LAN failover interface link is down. The unit switches to active mode if it is in standby mode.
105037,105037: \((?<italic_text>.+)\) Both units are switching back and forth as the active unit$,"The primary and standby units are switching back and forth as the active unit, indicating a LAN failover connectivity problem or software bug exists."
105042,105042: \(Primary\) Failover (?<interface>\S+) OK$,The interface that sends failover messages could go down when physical status of the failover link is down or when L2 connectivity between the failover peers is lost resulting in dropping of ARP packets. This message is generated after restoring the L2 ARP connectivity.
105043,105043: \(Primary\) Failover (?<interface>\S+) failed$,This syslog is generated when physical status of the failover link is down or when L2 connectivity between the failover peers is lost. The disconnection results in loss of ARP packets flowing between the units.
105044,105044: \(Primary\) Mate operational mode \((?<mode>\S+)\) is not compatible with my mode \((?<mode_2>\S+)\)\.$,"When the operational mode (single or multiple) does not match between failover peers, failover will be disabled."
105045,105045: \(Primary\) Mate license \((?<number_contexts>\S+)\) is not compatible with my license \((?<number_contexts_2>\S+)\)\.$,"When the feature licenses do not match between failover peers, failover will be disabled."
105047,105047: Mate has a (?<io_card_name1>\S+) card in slot (?<slot_number>\S+) which is different from my (?<io_card_name2>\S+)$,The two failover units have different types of cards in their respective slots.
105048,105048: \((?<unit>\S+)\) Mate's service module \((?<application>\S+)\) is different from mine \((?<application_2>\S+)\)\.$,The failover process detected that different applications are running on the service modules in the active and standby units. The two failover units are incompatible if different service modules are used.
105050,105050: (host) Number of Ethernet interfaces on Standby unit (?<ph_1>\S+) is less than number on Active unit (?<ph_3>\S+)\.$,Number of Ethernet interfaces on standby unit is less than that on active unit.
105503,105503: \(Primary\|Secondary\) Internal state changed from (?<previous_state>\S+) to (?<new_state>\S+)$,There was a change to the internal HA state.
105504,105504: \(Primary\|Secondary\) Connected to peer (?<ip>(?:\[[^\]]+\]|(?:(?:25[0-5]|2[0-4]\d|1\d\d|[1-9]?\d)\.){3}(?:25[0-5]|2[0-4]\d|1\d\d|[1-9]?\d)|[0-9a-fA-F:.]+)):(?<port>\S+)$,This HA unit has established communication with its HA peer.
105505,105505: \(Primary\|Secondary\) Failed to connect to peer unit (?<ip>(?:\[[^\]]+\]|(?:(?:25[0-5]|2[0-4]\d|1\d\d|[1-9]?\d)\.){3}(?:25[0-5]|2[0-4]\d|1\d\d|[1-9]?\d)|[0-9a-fA-F:.]+)):(?<port>\S+)$,This HA unit has failed to establish communication with its HA peer.
105508,105508: \(Primary\|Secondary\) Error creating failover connection socket for port (?<port>\S+)$,An internal error occurred while attempting to create a socket on the Active unit for exchanging failover control messages with the Backup unit.
105511,105511: \(Primary\|Secondary\) Incomplete read of message header of message from peer unit (?<ip>(?:\[[^\]]+\]|(?:(?:25[0-5]|2[0-4]\d|1\d\d|[1-9]?\d)\.){3}(?:25[0-5]|2[0-4]\d|1\d\d|[1-9]?\d)|[0-9a-fA-F:.]+)): (?<bytes>\S+) bytes read of expected (?<header_length>\S+) header byte$,An error occurred while attempting to receive a failover control message to the peer unit.
105513,105513: \(Primary\|Secondary\) Incomplete read of message body of message from peer unit (?<ip>(?:\[[^\]]+\]|(?:(?:25[0-5]|2[0-4]\d|1\d\d|[1-9]?\d)\.){3}(?:25[0-5]|2[0-4]\d|1\d\d|[1-9]?\d)|[0-9a-fA-F:.]+)): (?<bytes>\S+) bytes read of expected (?<message_length>\S+) message body bytes$,An error occurred while attempting to receive a failover control message to the peer unit.
105516,105516: \(Primary\|Secondary\) Incomplete read of message header of (?<message_name>\S+) message from peer unit (?<ip>(?:\[[^\]]+\]|(?:(?:25[0-5]|2[0-4]\d|1\d\d|[1-9]?\d)\.){3}(?:25[0-5]|2[0-4]\d|1\d\d|[1-9]?\d)|[0-9a-fA-F:.]+)): (?<bytes>\S+) bytes read of expected (?<header_length>\S+) header bytes$,An error occurred while attempting to receive a failover control message to the peer unit.
105518,105518: \(Primary\|Secondary\) Incomplete read of message body of (?<message_name>\S+) message from peer unit (?<ip>(?:\[[^\]]+\]|(?:(?:25[0-5]|2[0-4]\d|1\d\d|[1-9]?\d)\.){3}(?:25[0-5]|2[0-4]\d|1\d\d|[1-9]?\d)|[0-9a-fA-F:.]+)): (?<bytes>\S+) bytes read of expected (?<message_length>\S+) message body bytes$,An error occurred while attempting to receive a failover control message to the peer unit.
105522,105522: \(Primary\|Secondary\) Updating route\-table (?<route_table_name>\S+)$,The Active unit has started the process of updating an Azure route-table.
105523,105523: \(Primary\|Secondary\) Updated route\-table (?<route_table_name>\S+)$,The Active unit has completed the process of updating an Azure route-table.
105526,105526: \(Primary\|Secondary\) Unexpected status in response to access token request: (?<status>\S+) \((?<status_string>.+)\)$,A response to an Azure access token request was received but the HTTP status code in the response was not 200 (OK).
105530,105530: \(Primary\|Secondary\) No response to access token request from (?<url>\S+)$,Azure route-table information was not able to be obtained for an Azure route-table change.
105531,105531: \(Primary\|Secondary\) Failed to obtain route\-table information needed for change request for route\-table (?<route_table_name>\S+)$,Azure route-table information was not able to be obtained for an Azure route-table change.
105532,105532: \(Primary\|Secondary\) Unexpected status in response to route\-table change request for route\-table (?<route_table_name>\S+): (?<status>\S+) \((?<status_string>.+)\)$,A response to an Azure route-tablechange request was received but the HTTP status code in the response was not 200 (OK).
105533,105533: \(Primary\|Secondary\) Failure reading response to route\-table change request for route\-table (?<route_table_name>\S+)$,An internal error occurred while receiving a response to an Azure route-table change request.
105534,105534: \(Primary\|Secondary\) No provisioning state in response to route\-table change request route\-table (?<route_table_name>\S+)$,A response to an Azure route-table change request was received but it did not contain a provisioningState value containing the route-table change status.
105535,105535: \(Primary\|Secondary\) No response to route\-table change request for route\-table (?<route_table_name>\S+) from (?<url>\S+)$,No response was received to an Azure route-table change request.
105536,105536: \(Primary\|Secondary\) Failed to obtain Azure authentication header for route status request for route (?<route_name>\S+)$,An Azure access token was not able to be obtained for an Azure route status query.
105537,105537: \(Primary\|Secondary\) Unexpected status in response to route state request for route (?<route_name>\S+): (?<status>\S+) \((?<status_string>.+)\)$,A response to an Azure route state request was received but the HTTP status code in the response was not 200 (OK).
105538,105538: \(Primary\|Secondary\) Failure reading response to route state request for route (?<route_name>\S+)$,An internal error occurred while receiving a response to an Azure route state request.
105539,105539: \(Primary\|Secondary\) No response to route state request for route (?<route_name>\S+) from (?<url>\S+)$,No response was received to an Azure route state request.
105544,105544: \(Primary\|Secondary\) Error creating load balancer probe socket for port (?<port>\S+)$,An internal error occurred while attempting to create a socket for responding to probes from an Azure Load Balancer.
106001,106001: (?<direction>\S+) (?<transport>\S+) connection (?<action>\w+) from (?<src_ip>[0-9.]+)\/(?<src_port>\d+) to (?<dest_ip>[0-9.]+)\/(?<dest_port>\d+) flags .* on interface (?<interface>\S+),"An attempt was made to connect to an inside address is denied by the security policy that is defined for the specified traffic type. The IP address displayed is the real IP address instead of the IP address that appears through NAT. Possible tcp_flags values correspond to the flags in the TCP header that were present when the connection was denied. For example, a TCP packet arrived for which no connection state exists in the Secure Firewall ASA, and it was dropped. The tcp_flags in this packet are FIN and ACK. The tcp_flags are as follows:"
106002,106002: (?<transport>\S+) Connection (?<action>\w+) by (?<direction>\S+) list (?<rule_id>\S+) src (?<src_ip>[0-9.]+) dest (?<dest_ip>[0-9.]+),"The specified connection failed because of an outbound deny command. The protocol variable can be ICMP, TCP, or UDP."
106006,106006: (?<action>\w+) (?<direction>\S+) (?<transport>\S+) from (?<src_ip>[0-9.]+)\/(?<src_port>\d+) to (?<dest_ip>[0-9.]+)\/(?<dest_port>\d+) on interface (?<interface>\S+),An inbound UDP packet was denied by the security policy that is defined for the specified traffic type.
106007,106007: (?<action>\w+) (?<direction>\S+) (?<transport>\S+) from (?<src_ip>[0-9.]+)\/(?<src_port>\d+) to (?<dest_ip>[0-9.]+)\/(?<dest_port>\d+) due to,A UDP packet containing a DNS query or response was denied.
106010,106010: (?<action>\w+) (?<direction>\S+) (?<transport>\S+) src (?<src_interface>\S+):(?<src_ip>[0-9.]+)\/(?<src_port>\d+) (?<data>.*)?dst (?<dest_interface>\S+):(?<dest_ip>[0-9.]+)\/(?<dest_port>\d+),An inbound connection was denied by your security policy.
106011,106011: Deny inbound \(No xlate\) (?<protocol_src_interface_ip_port_dst_interface_nameif_ip_port>\S+)$,"The message appears under normal traffic conditions if there are internal users that are accessing the Internet through a web browser. Any time a connection is reset, when the host at the end of the connection sends a packet after the Secure Firewall ASA receives the connection reset, this message appears. It can typically be ignored."
106013,106013: Dropping echo request from (?<src_ip>[0-9.]+) to PAT address (?<dest_ip>[0-9.]+),The Secure Firewall ASA discarded an inbound ICMP Echo Request packet with a destination address that corresponds to a PAT global address. The inbound packet is discarded because it cannot specify which PAT host should receive the packet.
106015,106015: (?<action>\w+) (?<transport>\S+) \(.*\) .*from (?:(?<src_ip>[0-9.]+)|(?<src_host>[^\/]+))\/(?<src_port>\d+) to (?:(?<dest_interface>\S+):)?(?:(?<dest_ip>[0-9.]+)|(?<dest_host>[^\/]+))\/(?<dest_port>\d+) flags (?<flags>.*?)\s+on interface (?<interface>\S+),"The Secure Firewall ASA discarded a TCP packet that has no associated connection in the Secure Firewall ASA connection table. The Secure Firewall ASA looks for a SYN flag in the packet, which indicates a request to establish a new connection. If the SYN flag is not set, and there is no existing connection, the Secure Firewall ASA discards the packet."
106016,106016: Deny IP spoof from \(\s*(?<src_ip>[0-9.]+)\s*\) to (?<dest_ip>[0-9.]+) on interface (?<interface>.*),"A packet arrived at the Secure Firewall ASA interface that has a destination IP address of 0.0.0.0 and a destination MAC address of the Secure Firewall ASA interface. In addition, this message is generated when the Secure Firewall ASA discarded a packet with an invalid source address, which may include one of the following or some other invalid address:"
106017,106017: Deny IP due to Land Attack from (?<src_ip>[0-9.]+) to (?<dest_ip>[0-9.]+),"The Secure Firewall ASA received a packet with the IP source address equal to the IP destination, and the destination port equal to the source port. This message indicates a spoofed packet that is designed to attack systems. This attack is referred to as a Land Attack."
106018,106018: ICMP packet (?<icmp_type>\S+) denied by outbound list (<?<access_list>\S+) src (?<src_ip>[0-9.]+) dest (?<dest_ip>[0-9.]+),The outgoing ICMP packet with the specified ICMP from local host (inside_address) to the foreign host (outside_address) was denied by the outbound ACL list.
106021,106021: Deny (?<transport>\w+) reverse path check from (?<src_ip>[0-9.]+) to (?<dest_ip>[0-9.]+) on interface (?<interface>.*),"An attack is in progress. Someone is attempting to spoof an IP address on an inbound connection. Unicast RPF, also known as reverse route lookup, detected a packet that does not have a source address represented by a route and assumes that it is part of an attack on your Secure Firewall ASA. This message appears when you have enabled Unicast RPF with the ip verify reverse-path command. This feature works on packets input to an interface; if it is configured on the outside, then the Secure Firewall ASA checks packets arriving from the outside. The Secure Firewall ASA looks up a route based on the source_address. If an entry is not found and a route is not defined, then this message appears and the connection is dropped. If there is a route, the Secure Firewall ASA checks which interface it corresponds to. If the packet arrived on another interface, it is either a spoof or there is an asymmetric routing environment that has more than one path to a destination. The Secure Firewall ASA does not support asymmetric routing. If the Secure Firewall ASA is configured on an internal interface, it checks static route command statements or RIP, and if the source_address is not found, then an internal user is spoofing their address."
106022,106022: Deny (?<transport>\w+) connection spoof from (?<src_ip>[0-9.]+) to (?<dest_ip>[0-9.]+) on interface (?<interface>.*),"A packet matching a connection arrived on a different interface from the interface on which the connection began. In addition, the ip verify reverse-path command is not configured. For example, if a user starts a connection on the inside interface, but the Secure Firewall ASA detects the same connection arriving on a perimeter interface, the Secure Firewall ASA has more than one path to a destination. This is known as asymmetric routing and is not supported on the Secure Firewall ASA . An attacker also might be attempting to append packets from one connection to another as a way to break into the Secure Firewall ASA . In either case, the Secure Firewall ASA shows this message and drops the connection."
106101,106101: Number of cached deny\-flows for ACL log has reached limit \((?<number>\S+)\)$,"If you configured the log option for an ACL deny statement ( access-list id deny command), and a traffic flow matches the ACL statement, the Secure Firewall ASA caches the flow information. This message indicates that the number of matching flows that are cached on the Secure Firewall ASA exceeds the user-configured limit (using the access-list deny-flow-max command). This message might be generated as a result of a DoS attack."
107002,107002: RIP pkt failed from (?<ip>(?:\[[^\]]+\]|(?:(?:25[0-5]|2[0-4]\d|1\d\d|[1-9]?\d)\.){3}(?:25[0-5]|2[0-4]\d|1\d\d|[1-9]?\d)|[0-9a-fA-F:.]+)): version=(?<number>\S+) on (?<interface>\S+) (?<interface_name>\S+)$,"A router bug, a packet with non-RFC values inside, or a malformed entry may have caused this message to appear. This should not happen, and may be an attempt to exploit the routing table of the ASA."
108002,108002: SMTP replaced (?<string>\S+): out (?<src_ip>(?:\[[^\]]+\]|(?:(?:25[0-5]|2[0-4]\d|1\d\d|[1-9]?\d)\.){3}(?:25[0-5]|2[0-4]\d|1\d\d|[1-9]?\d)|[0-9a-fA-F:.]+)) in (?<src_ip_2>(?:\[[^\]]+\]|(?:(?:25[0-5]|2[0-4]\d|1\d\d|[1-9]?\d)\.){3}(?:25[0-5]|2[0-4]\d|1\d\d|[1-9]?\d)|[0-9a-fA-F:.]+)) data: (?<string_2>\S+)$,A Mail Guard (SMTP) message has been generated by the inspect esmtp command. The ASA has replaced an invalid character in an e-mail address with a space.
108003,108003: Terminating ESMTP connection; malicious pattern detected in the mail address from (?<source_interface>\S+):(?<src_ip>(?:\[[^\]]+\]|(?:(?:25[0-5]|2[0-4]\d|1\d\d|[1-9]?\d)\.){3}(?:25[0-5]|2[0-4]\d|1\d\d|[1-9]?\d)|[0-9a-fA-F:.]+))/(?<src_port>\d+) to (?<dst_interface>\S+):(?<dst_ip>(?:\[[^\]]+\]|(?:(?:25[0-5]|2[0-4]\d|1\d\d|[1-9]?\d)\.){3}(?:25[0-5]|2[0-4]\d|1\d\d|[1-9]?\d)|[0-9a-fA-F:.]+))/(?<dst_port>\d+)\. Mail Address:(?<string>\S+)$,The ASA has detected a malicious pattern in an e-mail address and drops the connection. An attack is in progress.
108004,108004: (?<ph_0___action>\S+) ESMTP (?<req_resp>\S+) from (?<src_interface>\S+):(?<src_ip>(?:\[[^\]]+\]|(?:(?:25[0-5]|2[0-4]\d|1\d\d|[1-9]?\d)\.){3}(?:25[0-5]|2[0-4]\d|1\d\d|[1-9]?\d)|[0-9a-fA-F:.]+))/(?<src_port>\d+) to (?<dst_interface>\S+):(?<dst_ip>(?:\[[^\]]+\]|(?:(?:25[0-5]|2[0-4]\d|1\d\d|[1-9]?\d)\.){3}(?:25[0-5]|2[0-4]\d|1\d\d|[1-9]?\d)|[0-9a-fA-F:.]+))/(?<dst_port>\d+); (?<further_info>.+)$,"An ESMTP classification is performed on an ESMTP message, and the specified criteria are satisfied. The configured action is taken."
108005,108005: (?<ph_0___received>\S+) ESMTP (?<req_resp>\S+) from (?<src_interface>\S+):(?<src_ip>(?:\[[^\]]+\]|(?:(?:25[0-5]|2[0-4]\d|1\d\d|[1-9]?\d)\.){3}(?:25[0-5]|2[0-4]\d|1\d\d|[1-9]?\d)|[0-9a-fA-F:.]+))/(?<src_port>\d+) to (?<dst_interface>\S+):(?<dst_ip>(?:\[[^\]]+\]|(?:(?:25[0-5]|2[0-4]\d|1\d\d|[1-9]?\d)\.){3}(?:25[0-5]|2[0-4]\d|1\d\d|[1-9]?\d)|[0-9a-fA-F:.]+))/(?<dst_port>\d+); (?<further_info>.+)$,"An ESMTP classification is performed on an ESMTP message, and the specified criteria are satisfied. The standalone log action is taken."
108007,108007: TLS started on ESMTP session between client (?<src_interface>\S+):(?<src_ip>(?:\[[^\]]+\]|(?:(?:25[0-5]|2[0-4]\d|1\d\d|[1-9]?\d)\.){3}(?:25[0-5]|2[0-4]\d|1\d\d|[1-9]?\d)|[0-9a-fA-F:.]+))/(?<src_port>\d+) and server (?<dst_interface>\S+):(?<dst_ip>(?:\[[^\]]+\]|(?:(?:25[0-5]|2[0-4]\d|1\d\d|[1-9]?\d)\.){3}(?:25[0-5]|2[0-4]\d|1\d\d|[1-9]?\d)|[0-9a-fA-F:.]+))/(?<dst_port>\d+)$,"On an ESMTP connection, the server has responded with a 220 reply code to the client STARTTLS command. The ESMTP inspection engine no longer inspects the traffic on this connection."
109001,109001: Auth start for (?<user_2>\S+) '(?<user>\S+)' from (?<src_ip>(?:\[[^\]]+\]|(?:(?:25[0-5]|2[0-4]\d|1\d\d|[1-9]?\d)\.){3}(?:25[0-5]|2[0-4]\d|1\d\d|[1-9]?\d)|[0-9a-fA-F:.]+))/(?<src_port>\d+) to (?<dst_ip>(?:\[[^\]]+\]|(?:(?:25[0-5]|2[0-4]\d|1\d\d|[1-9]?\d)\.){3}(?:25[0-5]|2[0-4]\d|1\d\d|[1-9]?\d)|[0-9a-fA-F:.]+))/(?<dst_port>\d+)$,The ASA is configured for AAA and detects an authentication request by the specified user.
109002,109002: Auth from (?<src_ip>(?:\[[^\]]+\]|(?:(?:25[0-5]|2[0-4]\d|1\d\d|[1-9]?\d)\.){3}(?:25[0-5]|2[0-4]\d|1\d\d|[1-9]?\d)|[0-9a-fA-F:.]+))/(?<src_port>\d+) to (?<dst_ip>(?:\[[^\]]+\]|(?:(?:25[0-5]|2[0-4]\d|1\d\d|[1-9]?\d)\.){3}(?:25[0-5]|2[0-4]\d|1\d\d|[1-9]?\d)|[0-9a-fA-F:.]+))/(?<dst_port>\d+) failed \(server (?<ip>(?:\[[^\]]+\]|(?:(?:25[0-5]|2[0-4]\d|1\d\d|[1-9]?\d)\.){3}(?:25[0-5]|2[0-4]\d|1\d\d|[1-9]?\d)|[0-9a-fA-F:.]+)) failed\) on (?<interface>\S+) (?<interface_name>\S+)$,An authentication request failed because the specified authentication server cannot be contacted by the module.
109003,109003: Auth from (?<src_ip>(?:\[[^\]]+\]|(?:(?:25[0-5]|2[0-4]\d|1\d\d|[1-9]?\d)\.){3}(?:25[0-5]|2[0-4]\d|1\d\d|[1-9]?\d)|[0-9a-fA-F:.]+))/(?<src_port>\d+) to (?<dst_ip>(?:\[[^\]]+\]|(?:(?:25[0-5]|2[0-4]\d|1\d\d|[1-9]?\d)\.){3}(?:25[0-5]|2[0-4]\d|1\d\d|[1-9]?\d)|[0-9a-fA-F:.]+))/(?<dst_port>\d+) failed \(all servers failed\) on (?<interface>\S+) (?<interface_name>\S+)$,No authentication server can be found.
109005,109005: Authentication succeeded for (?<user_2>\S+) '(?<user>\S+)' from (?<src_ip>(?:\[[^\]]+\]|(?:(?:25[0-5]|2[0-4]\d|1\d\d|[1-9]?\d)\.){3}(?:25[0-5]|2[0-4]\d|1\d\d|[1-9]?\d)|[0-9a-fA-F:.]+))/(?<src_port>\d+) to (?<dst_ip>(?:\[[^\]]+\]|(?:(?:25[0-5]|2[0-4]\d|1\d\d|[1-9]?\d)\.){3}(?:25[0-5]|2[0-4]\d|1\d\d|[1-9]?\d)|[0-9a-fA-F:.]+))/(?<dst_port>\d+) on (?<interface>\S+) (?<interface_name>\S+)$,The specified authentication request succeeded.
109006,109006: Authentication failed for (?<user_2>\S+) '(?<user>\S+)' from (?<src_ip>(?:\[[^\]]+\]|(?:(?:25[0-5]|2[0-4]\d|1\d\d|[1-9]?\d)\.){3}(?:25[0-5]|2[0-4]\d|1\d\d|[1-9]?\d)|[0-9a-fA-F:.]+))/(?<src_port>\d+) to (?<dst_ip>(?:\[[^\]]+\]|(?:(?:25[0-5]|2[0-4]\d|1\d\d|[1-9]?\d)\.){3}(?:25[0-5]|2[0-4]\d|1\d\d|[1-9]?\d)|[0-9a-fA-F:.]+))/(?<dst_port>\d+) on (?<interface>\S+) (?<interface_name>\S+)$,"The specified authentication request failed, possibly because of an incorrect password. The username is hidden when invalid or unknown, but appears when valid or the no logging hide username command has been configured."
109007,109007: Authorization permitted for (?<user_2>\S+) '(?<user>\S+)' from (?<src_ip>(?:\[[^\]]+\]|(?:(?:25[0-5]|2[0-4]\d|1\d\d|[1-9]?\d)\.){3}(?:25[0-5]|2[0-4]\d|1\d\d|[1-9]?\d)|[0-9a-fA-F:.]+))/(?<src_port>\d+) to (?<dst_ip>(?:\[[^\]]+\]|(?:(?:25[0-5]|2[0-4]\d|1\d\d|[1-9]?\d)\.){3}(?:25[0-5]|2[0-4]\d|1\d\d|[1-9]?\d)|[0-9a-fA-F:.]+))/(?<dst_port>\d+) on (?<interface>\S+) (?<interface_name>\S+)$,The specified authorization request succeeded.
109008,109008: Authorization denied for (?<user_2>\S+) '(?<user>\S+)' from (?<dst_ip>(?:\[[^\]]+\]|(?:(?:25[0-5]|2[0-4]\d|1\d\d|[1-9]?\d)\.){3}(?:25[0-5]|2[0-4]\d|1\d\d|[1-9]?\d)|[0-9a-fA-F:.]+))/(?<dst_port>\d+) to (?<src_ip>(?:\[[^\]]+\]|(?:(?:25[0-5]|2[0-4]\d|1\d\d|[1-9]?\d)\.){3}(?:25[0-5]|2[0-4]\d|1\d\d|[1-9]?\d)|[0-9a-fA-F:.]+))/(?<src_port>\d+) on (?<interface>\S+) (?<interface_name>\S+)$,"A user is not authorized to access the specified address, possibly because of an incorrect password."
109010,109010: Auth from (?<src_ip>(?:\[[^\]]+\]|(?:(?:25[0-5]|2[0-4]\d|1\d\d|[1-9]?\d)\.){3}(?:25[0-5]|2[0-4]\d|1\d\d|[1-9]?\d)|[0-9a-fA-F:.]+))/(?<src_port>\d+) to (?<dst_ip>(?:\[[^\]]+\]|(?:(?:25[0-5]|2[0-4]\d|1\d\d|[1-9]?\d)\.){3}(?:25[0-5]|2[0-4]\d|1\d\d|[1-9]?\d)|[0-9a-fA-F:.]+))/(?<dst_port>\d+) failed \(too many pending auths\) on (?<interface>\S+) (?<interface_name>\S+)$,An authentication request cannot be processed because the server has too many requests pending.
109016,109016: Cannot find authorization ACL '(?<acl_id>\S+)' on '(?<server_name>\S+)' for (?<user_2>\S+) '(?<user>\S+)'$,The specified on the AAA server for this user does not exist on the Secure Firewall ASA. This error can occur if you configure the AAA server before you configure the Secure Firewall ASA. The Vendor-Specific Attribute (VSA) on your AAA server might be one of the following values:
109017,109017: User at (?<ip>(?:\[[^\]]+\]|(?:(?:25[0-5]|2[0-4]\d|1\d\d|[1-9]?\d)\.){3}(?:25[0-5]|2[0-4]\d|1\d\d|[1-9]?\d)|[0-9a-fA-F:.]+)) exceeded auth proxy connection limit \(max (?<limit>\S+)\)$,"A user has exceeded the user authentication proxy limit, and has opened too many connections to the proxy."
109018,109018: Downloaded ACL '(?<acl_id>\S+)' is empty$,The downloaded authorization has no ACEs. This situation might be caused by misspelling the attribute string ip:inacl# or omitting the access-list command.
109019,109019: Downloaded ACL '(?<acl_id>\S+)' has parsing error; ACE: '(?<string>\S+)'; (?<string_2>\S+)$,"An error occurred during parsing the sequence number NNN in the attribute string ip:inacl#NNN= of a downloaded authorization. The reasons include: - missing = - contains nonnumeric, nonpace characters between # and = - NNN is greater than 999999999."
109021,109021: Uauth null proxy error \(uap (?<number>\S+)\)$,An internal user authentication error has occurred.
109023,109023: User from (?<src_ip>(?:\[[^\]]+\]|(?:(?:25[0-5]|2[0-4]\d|1\d\d|[1-9]?\d)\.){3}(?:25[0-5]|2[0-4]\d|1\d\d|[1-9]?\d)|[0-9a-fA-F:.]+))/(?<src_port>\d+) to (?<dst_ip>(?:\[[^\]]+\]|(?:(?:25[0-5]|2[0-4]\d|1\d\d|[1-9]?\d)\.){3}(?:25[0-5]|2[0-4]\d|1\d\d|[1-9]?\d)|[0-9a-fA-F:.]+))/(?<dst_port>\d+) on (?<interface>\S+) (?<dst_interface>\S+) using (?<service_name>\S+) must authenticate before using this service$,"Based on the configured policies, you need to be authenticated before you can use this service port."
109024,109024: Authorization denied from (?<src_ip>(?:\[[^\]]+\]|(?:(?:25[0-5]|2[0-4]\d|1\d\d|[1-9]?\d)\.){3}(?:25[0-5]|2[0-4]\d|1\d\d|[1-9]?\d)|[0-9a-fA-F:.]+))/(?<src_port>\d+) to (?<dst_ip>(?:\[[^\]]+\]|(?:(?:25[0-5]|2[0-4]\d|1\d\d|[1-9]?\d)\.){3}(?:25[0-5]|2[0-4]\d|1\d\d|[1-9]?\d)|[0-9a-fA-F:.]+))/(?<dst_port>\d+) \(not authenticated\) on (?<interface>\S+) (?<interface_name>\S+) using (?<protocol>\S+) to$,The ASA is configured for AAA and a user attempted to make a TCP connection across the ASA without prior authentication.
109025,109025: Authorization denied \(acl=(?<acl_id>\S+)\) for (?<user_2>\S+) '(?<user>\S+)' from (?<src_ip>(?:\[[^\]]+\]|(?:(?:25[0-5]|2[0-4]\d|1\d\d|[1-9]?\d)\.){3}(?:25[0-5]|2[0-4]\d|1\d\d|[1-9]?\d)|[0-9a-fA-F:.]+))/(?<src_port>\d+) to (?<dst_ip>(?:\[[^\]]+\]|(?:(?:25[0-5]|2[0-4]\d|1\d\d|[1-9]?\d)\.){3}(?:25[0-5]|2[0-4]\d|1\d\d|[1-9]?\d)|[0-9a-fA-F:.]+))/(?<dst_port>\d+) on (?<interface>\S+) (?<interface_name>\S+) using (?<protocol>\S+)$,"The check failed. The check either matched a deny or did not match anything, such as an implicit deny. The connection was denied by the user acl_ID, which was defined according to the AAA authorization policy on the Cisco Secure Access Control Server (ACS)."
109026,109026: \[ (?<aaa_protocol>\S+) \] Invalid reply digest received; shared server key may be mismatched\.$,"The response from the AAA server cannot be validated. The configured server key is probably incorrect. This message may be generated during transactions with RADIUS or TACACS+ servers. Verify that the server key, configured using the aaa-server command, is correct."
109028,109028: aaa bypassed for same\-security traffic from (?<ingress_interface>\S+):(?<src_ip>(?:\[[^\]]+\]|(?:(?:25[0-5]|2[0-4]\d|1\d\d|[1-9]?\d)\.){3}(?:25[0-5]|2[0-4]\d|1\d\d|[1-9]?\d)|[0-9a-fA-F:.]+))/(?<src_port>\d+) to (?<egress_interface>\S+):(?<dst_ip>(?:\[[^\]]+\]|(?:(?:25[0-5]|2[0-4]\d|1\d\d|[1-9]?\d)\.){3}(?:25[0-5]|2[0-4]\d|1\d\d|[1-9]?\d)|[0-9a-fA-F:.]+))/(?<dst_port>\d+)$,"AAA is being bypassed for same security traffic that matches a configured AAA rule. This can only occur when traffic passes between two interfaces that have the same configured security level, when the same security traffic is permitted, and if the AAA configuration uses the include or exclude syntax."
109029,109029: Parsing downloaded ACL: (?<string>\S+)$,A syntax error occurred while parsing an access list that was downloaded from a RADIUS server during user authentication.
109030,109030: Autodetect ACL convert wildcard did not convert ACL (?<access_list_source>\S+) (?<dest>\S+) netmask (?<netmask>\S+)$,A dynamic ACL that is configured on a RADIUS server is not converted by the mechanism for automatically detecting wildcard netmasks. The problem occurs because this mechanism cannot determine if the netmask is a wildcard or a normal netmask.
109031,109031: NT Domain Authentication Failed: rejecting guest login for (?<user>\S+)$,A user has tried to authenticate to an NT domain that was configured for guest account access and the username is not a valid username on the NT server. The connection is denied.
109033,109033: Authentication failed for admin (?<user_2>\S+) (?<user>\S+) from (?<src_ip>\S+)\. Interactive challenge processing is not supported for (?<protocol>\S+)$,"AAA challenge processing was triggered during authentication of an administrative connection, but the Secure Firewall ASA cannot initiate interactive challenge processing with the client application. When this occurs, the authentication attempt will be rejected and the connection denied."
109034,109034: Authentication failed for network (?<user_2>\S+) (?<user>\S+) from (?<src_ip>\S+)/(?<port>\S+) to (?<dst_ip>\S+)/(?<port_2>\S+)\. Interactive challenge processing is not supported for (?<protocol>\S+) (?<connections>\d+)$,"AAA challenge processing was triggered during authentication of a network connection, but the Secure Firewall ASA cannot initiate interactive challenge processing with the client application. When this occurs, the authentication attempt will be rejected and the connection denied."
109035,109035: Exceeded maximum number \(999\) of DAP attribute instances for (?<user_2>\S+) = (?<user>\S+)$,This log is generated when the number of DAP attributes received from the RADIUS server exceeds the maximum number allowed when authenticating a connection for the specified user.
109036,109036: Exceeded (?<g_1000>\S+) attribute values for the (?<attribute_name>\S+) attribute for (?<user_2>\S+) (?<user>\S+)$,The LDAP response message contains an attribute that has more than 1000 values.
109037,109037: Exceeded (?<g_5000>\S+) attribute values for the (?<attribute_name>\S+) attribute for (?<user_2>\S+) (?<user>\S+)$,"The Secure Firewall ASA supports multiple values of the same attribute received from a AAA server. If the AAA server sends a response containing more than 5000 values for the same attribute, then the Secure Firewall ASA treats this response message as being malformed and rejects the authentication. This condition has only been seen in lab environments using specialized test tools. It is unlikely that the condition would occur in a real-world production network."
109039,109039: AAA Authentication: Dropping an unsupported IPv6/IP46/IP64 packet from (?<lifc>\S+):(?<laddr>\S+) to (?<fifc>\S+):(?<faddr>\S+)$,A packet containing IPv6 addresses or IPv4 addresses translated to IPv6 addresses by NAT requires AAA authentication or authorization. AAA authentication and authorization do not support IPv6 addresses. The packet is dropped.
109040,109040: User at (?<ip>\S+) exceeded auth proxy rate limit of 10 (?<connections>\d+)/sec$,A connection attempt has been rejected because the ASA has detected a high frequency of HTTPS authentication requests from the same host.
109105,109105: Failed to determine the egress (?<interface>\S+) for locally generated traffic destined to (?<protocol>\S+) (?<ip>\S+):(?<port>\S+)\.$,"It is necessary for Secure Firewall ASA to log a syslog if no routes are present when the interface is BVI. Apparently, if default route is present and it does not route packet to the correct interface then it becomes impossible to track it."
110002,110002:\s*Failed\s+to\s+locate\s+egress\s+interface\s+for\s+(?<transport>\S+)\s+from\s+(?:(?<src_interface>[^:\s]+):)?(?<src_ip>\S+)\/(?<src_port>\d+)\s+to\s+(?:(?<dest_interface>[^:\s]+):)?(?<dest_ip>\S+)\/(?<dest_port>\d+),An error occurred when the Secure Firewall ASA tried to find the interface through which to send the packet.
110003,110003: Routing failed to locate next hop for (?<protocol>\S+) from (?<src_interface>\S+):(?<src_ip>(?:\[[^\]]+\]|(?:(?:25[0-5]|2[0-4]\d|1\d\d|[1-9]?\d)\.){3}(?:25[0-5]|2[0-4]\d|1\d\d|[1-9]?\d)|[0-9a-fA-F:.]+))/(?<src_port>\d+) to (?<dst_interface>\S+):(?<dest_ip>\S+)/(?<dst_port>\d+)$,An error occurred when the Secure Firewall ASA tried to find the next hop on an interface routing table.
110004,110004: Egress (?<interface>\S+) changed from (?<old_active_ifc>\S+) to (?<new_active_ifc>\S+) on (?<ip_protocol>\S+) connection (?<conn_id>\d+) for (?<outside_zone>\S+)/(?<parent_outside_ifc>\S+):(?<dst_ip>(?:\[[^\]]+\]|(?:(?:25[0-5]|2[0-4]\d|1\d\d|[1-9]?\d)\.){3}(?:25[0-5]|2[0-4]\d|1\d\d|[1-9]?\d)|[0-9a-fA-F:.]+))/(?<dst_port>\d+) \((?<mapped_ip>(?:\[[^\]]+\]|(?:(?:25[0-5]|2[0-4]\d|1\d\d|[1-9]?\d)\.){3}(?:25[0-5]|2[0-4]\d|1\d\d|[1-9]?\d)|[0-9a-fA-F:.]+))/(?<mapped_port>\d+)\) to (?<inside_zone>\S+)/(?<parent_inside_ifc>\S+):(?<src_ip>(?:\[[^\]]+\]|(?:(?:25[0-5]|2[0-4]\d|1\d\d|[1-9]?\d)\.){3}(?:25[0-5]|2[0-4]\d|1\d\d|[1-9]?\d)|[0-9a-fA-F:.]+))/(?<src_port>\d+) \((?<mapped_ip_2>(?:\[[^\]]+\]|(?:(?:25[0-5]|2[0-4]\d|1\d\d|[1-9]?\d)\.){3}(?:25[0-5]|2[0-4]\d|1\d\d|[1-9]?\d)|[0-9a-fA-F:.]+))/(?<mapped_port_2>\d+)\)$,A flow changed on the egress interface.
110005,110005: Routing failed to locate next hop for protocol from (?<interface>\S+):(?<address>\S+)/(?<port>\S+) to (?<interface_2>\S+):(?<address_2>\S+)/(?<port_2>\S+)$,A flow not found during output route lookup.
111001,111001: Begin configuration: (?<ip>(?:\[[^\]]+\]|(?:(?:25[0-5]|2[0-4]\d|1\d\d|[1-9]?\d)\.){3}(?:25[0-5]|2[0-4]\d|1\d\d|[1-9]?\d)|[0-9a-fA-F:.]+)) writing to (?<device>\S+)$,"You have entered the write command to store your configuration on a device (either floppy, flash memory, TFTP, the failover standby unit, or the console terminal). The IP_address indicates whether the login was made at the console port or with a Telnet connection."
111002,111002: Begin configuration: (?<ip>(?:\[[^\]]+\]|(?:(?:25[0-5]|2[0-4]\d|1\d\d|[1-9]?\d)\.){3}(?:25[0-5]|2[0-4]\d|1\d\d|[1-9]?\d)|[0-9a-fA-F:.]+)) reading from (?<device>\S+)$,"You have entered the read command to read your configuration from a device (either floppy disk, flash memory, TFTP, the failover standby unit, or the console terminal). The ip_address indicates whether the login was made at the console port or with a Telnet connection."
111003,111003: (?<ip>(?:\[[^\]]+\]|(?:(?:25[0-5]|2[0-4]\d|1\d\d|[1-9]?\d)\.){3}(?:25[0-5]|2[0-4]\d|1\d\d|[1-9]?\d)|[0-9a-fA-F:.]+)) Erase configuration\.$,You have erased the contents of flash memory by entering the write erase command at the console. The IP_address value indicates whether the login was made at the console port or through a Telnet connection.
111004,111004: (?<ip_address>[0-9.]+) end configuration: (?<status>FAILED|OK),You have entered the config floppy/memory/ network command or the write floppy/memory/network/standby command. The IP_address value indicates whether the login was made at the console port or through a Telnet connection.
111005,111005: (?<ip>(?:\[[^\]]+\]|(?:(?:25[0-5]|2[0-4]\d|1\d\d|[1-9]?\d)\.){3}(?:25[0-5]|2[0-4]\d|1\d\d|[1-9]?\d)|[0-9a-fA-F:.]+)) end configuration: OK$,You have exited the configuration mode. The IP_address value indicates whether the login was made at the console port or through a Telnet connection.
111007,111007: Begin configuration: (?<source>\S+),"You have entered the reload or configure command to read in a configuration. The device text can be floppy, memory, net, standby, or terminal. The IP_address value indicates whether the login was made at the console port or through a Telnet connection."
111008,111008: User (?<user>\S+) executed the '(?<command>[^']+),"The user entered any command, with the exception of a show command."
111009,111009:\s*User (?<user>\S+) executed cmd:(?<command>.*),The user entered a command that does not modify the configuration. This message appears only for show commands.
111111,111111: (?<error_message>.+)$,A system or infrastructure error has occurred.
113001,113001: Unable to open AAA session\. Session limit \[(?<limit>\S+)\] reached$,The AAA operation on an IPsec tunnel or WebVPN connection cannot be performed because of the unavailability of AAA resources. The limit value indicates the maximum number of concurrent AAA transactions.
113003,113003:\s*AAA\s+group\s+policy\s+for\s+user\s+(?<user>\S+)\s+is\s+being\s+(?<action>\S+)\s+to\s+(?<object>.+?)[\.\s]*$,"The group policy that is associated with the tunnel group is being overridden with a user-specific policy, policy_name . The policy_name is specified using the username command when LOCAL authentication is configured or is returned in the RADIUS CLASS attribute when RADIUS authentication is configured."
113005,113005:\s*AAA\s+user\s+authentication\s+(?<action>\S+)\s*:\s*reason\s=\s(?<reason>.*?)\s:\sserver\s=\s(?<dest_ip>\S+)\s*:\s*user\s=\s(?<user>\S*)(?:\s:\suser\sIP\s=\s*(?<src_ip>\S+))?,"The AAA authentication on a connection has failed. The username is hidden when invalid or unknown, but appears when valid or the no logging hide username command has been configured."
113006,113006: User '(?<user>\S+)' locked out on exceeding '(?<number>\S+)' successive failed authentication attempts$,"A locally configured user is being locked out. This happens when a configured number of consecutive authentication failures have occurred for this user and indicates that all future authentication attempts by this user will be rejected until an administrator unlocks the user using the clear aaa local user lockout command. The user is the user that is now locked, and the number is the consecutive failure threshold configured using the aaa local authentication attempts max-fail command."
113007,113007: User '(?<user>\S+)' unlocked by '(?<administrator>\S+)'$,A locally configured user that was locked out after exceeding the maximum number of consecutive authentication failures set by using the aaa local authentication attempts max-fail command has been unlocked by the indicated administrator.
113008,113008:\s*AAA.*user = (?<user>\S+),The AAA transaction for a user associated with an IPsec or WebVPN connection was completed successfully. The user is the username associated with the connection.
113009,113009:\s*AAA.*group policy (?<group_policy>.*) for user = (?<user>\S+),The authentication or authorization of an IPsec or WebVPN connection has occurred. The attributes of the group policy that were specified with the tunnel-group or webvpn commands have been retrieved.
113010,113010: AAA challenge received for (?<user_2>\S+) (?<user>\S+) from server (?<dst_ip>(?:\[[^\]]+\]|(?:(?:25[0-5]|2[0-4]\d|1\d\d|[1-9]?\d)\.){3}(?:25[0-5]|2[0-4]\d|1\d\d|[1-9]?\d)|[0-9a-fA-F:.]+))\.$,The authentication of an IPsec connection has occurred with a SecurID server. The user will be prompted to provide further information before being authenticated.
113011,113011:\s*AAA.*group policy (?<group_policy>.*) for user = (?<user>\S+),The authentication or authorization of an IPsec or WebVPN connection has occurred. The attributes of the group policy that was specified with the tunnel-group or webvpn commands have been retrieved.
113012,113012:\s*AAA\s+user\s+authentication\s+(?<action>\S+)\s*:\s*(?<source>.+?)\s*:\s*user\s*=\s*(?<user>\S+),The user associated with a IPsec or WebVPN connection has been successfully authenticated to the local user database.
113013,113013: AAA unable to complete the request Error : reason = (?<reason>\S+) : (?<user_2>\S+) = (?<user>\S+)$,The AAA transaction for a user associated with an IPsec or WebVPN connection has failed because of an error or has been rejected because of a policy violation.
113014,113014: AAA (?<authentication>\S+) server not accessible : server = (?<dst_ip>(?:\[[^\]]+\]|(?:(?:25[0-5]|2[0-4]\d|1\d\d|[1-9]?\d)\.){3}(?:25[0-5]|2[0-4]\d|1\d\d|[1-9]?\d)|[0-9a-fA-F:.]+)) : (?<user_2>\S+) = (?<user>\S+)$,"The device was unable to communicate with the configured AAA server during the AAA transaction associated with an IPsec or WebVPN connection. This may or may not result in a failure of the user connection attempt depending on the backup servers configured in the aaa-server group and the availability of those servers. The username is hidden when invalid or unknown, but appears when valid or the no logging hide username command has been configured."
113015,113015: AAA (?<user_2>\S+) authentication Rejected : reason = (?<reason>\S+) : local database : (?<user_3>\S+) = (?<ph_1>\S+) : (?<user_4>\S+) IP = (?<xxx_xxx_xxx_xxx>\S+)$,"A request for authentication to the local user database for a user associated with an IPsec or WebVPN connection has been rejected. The username is hidden when invalid or unknown, but appears when valid or the no logging hide username command has been configured."
113016,113016: AAA credentials rejected : reason = (?<reason>\S+) : server = (?<dst_ip>(?:\[[^\]]+\]|(?:(?:25[0-5]|2[0-4]\d|1\d\d|[1-9]?\d)\.){3}(?:25[0-5]|2[0-4]\d|1\d\d|[1-9]?\d)|[0-9a-fA-F:.]+)) : (?<user_2>\S+) = (?<ph_2___915cli>\S+) : (?<user_3>\S+) IP = (?<xxx_xxx_xxx_xxx>\S+)$,"The AAA transaction for a user associated with an IPsec or WebVPN connection has failed because of an error or rejected due to a policy violation. The username is hidden when invalid or unknown, but appears when valid or the no logging hide username command has been configured."
113017,113017: AAA credentials rejected : reason = (?<reason>\S+) : local database : (?<user_2>\S+) = (?<ph_1>\S+) : (?<user_3>\S+) IP = (?<xxx_xxx_xxx_xxx>\S+)$,The AAA transaction for a user associated with an IPsec or WebVPN connection has failed because of an error or rejected because of a policy violation. This event only appears when the AAA transaction is with the local user database rather than with an external AAA server.
113020,113020: Kerberos error : Clock skew with server (?<ip>(?:\[[^\]]+\]|(?:(?:25[0-5]|2[0-4]\d|1\d\d|[1-9]?\d)\.){3}(?:25[0-5]|2[0-4]\d|1\d\d|[1-9]?\d)|[0-9a-fA-F:.]+)) greater than (?<time_in_seconds>\S+) seconds$,"Authentication for an IPsec or WebVPN user through a Kerberos server has failed because the clocks on the Secure Firewall ASA and the server are more than five minutes (300 seconds) apart. When this occurs, the connection attempt is rejected."
113021,113021: Attempted console login failed (?<user_2>\S+) '(?<user>\S+)' did NOT have appropriate Admin Rights\.$,A user has tried to access the management console and was denied.
113022,113022: AAA Marking (?<protocol>\S+) server \(\?:(?<italic_text>.+)\) in aaa\-server group (?<tag>\S+) as FAILED$,"The Secure Firewall ASA has tried an authentication, authorization, or accounting request to the AAA server and did not receive a response within the configured timeout window. The AAA server will be marked as failed and has been removed from service."
113023,113023: AAA Marking (?<protocol>\S+) server (?<ip_addr>\S+) in aaa\-server group (?<tag>\S+) as ACTIVE$,The Secure Firewall ASA has reactivated the AAA server that was previously marked as failed. The AAA server is now available to service AAA requests.
113025,113025: Group (?<tg>\S+): (?<fields>\S+) Could not authenticate (?<connection_type>\S+) connection from (?<ip>\S+)$,A username cannot be successfully extracted from the certificate.
113026,113026: Error (?<error>\S+) while executing Lua script for group (?<tunnel_group>\S+)$,An error occurred while extracting a username from the client certificate for use in AAA. This message is only generated when the username-from-certificate use-script option is enabled.
113028,113028: Extraction of (?<user>\S+) from VPN client certificate has (?<string>\S+)\. \[Request (?<num>\S+)\]$,The processing request of a username from a certificate is running or has finished.
113029,113029: Group (?<group>\S+) User (?<user>\S+) IP (?<ipaddr>\S+) Session could not be established: session limit of (?<num>\S+) reached\.$,The user session cannot be established because the current number of sessions exceeds the maximum session load.
113031,113031: Group (?<group>\S+) User (?<user>\S+) IP (?<ipaddr>\S+) (?<anyconnect>\S+) 'vpn\-filter (?<filter>\S+)' is an IPv6 ACL; ACL not applied\.$,The type of ACL to be applied is incorrect. An IPv6 ACL has been configured as an IPv4 ACL through the vpn-filter command.
113032,113032: Group (?<group>\S+) User (?<user>\S+) IP (?<ipaddr>\S+) (?<anyconnect>\S+) 'ipv6\-vpn\-filter (?<filter>\S+)' is an IPv4 ACL; ACL not applied\.$,The type of ACL to be applied is incorrect. An IPv4 ACL has been configured as an IPv6 ACL through the ipv6-vpn-filter command.
113033,113033: Group (?<group>\S+) User (?<user>\S+) IP (?<ipaddr>\S+) (?<anyconnect>\S+) session not allowed\. ACL parse error\.$,The WebVPN session for the specified user in this group is not allowed because the associated ACL did not parse. The user will not be allowed to log in via WebVPN until this error has been corrected.
113035,113035: Group <(?<group>\S+)> User <(?<user>\S+)> IP <(?<ip>(?:\[[^\]]+\]|(?:(?:25[0-5]|2[0-4]\d|1\d\d|[1-9]?\d)\.){3}(?:25[0-5]|2[0-4]\d|1\d\d|[1-9]?\d)|[0-9a-fA-F:.]+))> Session terminated: (?<anyconnect>\S+) not enabled or invalid (?<anyconnect_2>\S+) image on the (?<device_name>\S+)$,"The user logged in via the AnyConnect client. The SVC service is not enabled globally, or the SVC image is invalid or corrupted. The session connection has been terminated."
113036,113036: Group (?<group>\S+) User (?<user>\S+) IP (?<ipaddr>\S+) AAA parameter (?<name>\S+) value invalid\.$,The given parameter has a bad value. The value is not shown because it might be very long.
113038,113038: Group (?<group>\S+) User (?<user>\S+) IP (?<ipaddr>\S+) Unable to create (?<anyconnect_parent>\S+) session\.$,"The AnyConnect session was not created for the user in the specified group because of resource issues. For example, the user may have reached the maximum login limit."
113040,113040: Group (?<group>\S+) User (?<user>\S+) IP (?<ipaddr>\S+) Terminating the VPN connection attempt from (?<attempted_group>\S+)\. Reason: This connection is group locked to (?<ph_4>\S+)\.$,The tunnel group over which the connection is attempted is not the same as the tunnel group set in the group lock.
113041,113041: Redirect ACL configured for (?<assigned_ip>(?:\[[^\]]+\]|(?:(?:25[0-5]|2[0-4]\d|1\d\d|[1-9]?\d)\.){3}(?:25[0-5]|2[0-4]\d|1\d\d|[1-9]?\d)|[0-9a-fA-F:.]+)) does not exist on the device\.$,"An error occurred when the redirect URL was installed and the ACL was received from the ISE, but the redirect ACL does not exist on the Secure Firewall ASA."
113042,113042: Non\-HTTP connection from (?<src_if>\S+):(?<src_ip>(?:\[[^\]]+\]|(?:(?:25[0-5]|2[0-4]\d|1\d\d|[1-9]?\d)\.){3}(?:25[0-5]|2[0-4]\d|1\d\d|[1-9]?\d)|[0-9a-fA-F:.]+))/(?<src_port>\d+) to (?<dest_if>\S+):(?<dest_ip>\S+)/(?<dst_port>\d+) denied by redirect filter; only HTTP (?<connections>\d+) are supported for redirection\.$,"For the CoA feature, the redirect ACL filter drops the matching non-HTTP traffic during the redirect processing and provides information about the terminated traffic flow."
114001,114001: Failed to initialize (?<card_type>\S+) I/O card due to (?<error_string>.+?)\.$,The system failed to initialize a 4GE SSM I/O card because of an I2C error or a switch initialization error.
114002,114002: Failed to initialize SFP in (?<card_type>\S+) I/O card due to (?<error_string>.+?)\.$,The system failed to initialize an SFP connector in a 4GE SSM I/O card because of an I2C error or a switch initialization error.
114003,114003: Failed to run cached commands in (?<card_type>\S+) I/O card due to (?<error_string>.+?)\.$,The system failed to run cached commands in a 4GE SSM I/O card because of an I2C error or a switch initialization error.
114004,114004: (?<g_4ge_ssm>\S+) I/O card Initialization is started\.$,The user has been notified that a 4GE SSM I/O initialization is starting.
114005,114005: (?<g_4ge_ssm>\S+) I/O card Initialization has completed\.$,The user has been notified that an 4GE SSM I/O initialization is finished.
114006,114006: Failed to get port statistics in (?<card_type>\S+) I/O card due to (?<error_string>.+?)\.$,The Secure Firewall ASA failed to obtain port statistics in a 4GE SSM I/O card because of an I2C error or a switch initialization error.
114007,114007: Failed to get current msr in (?<card_type>\S+) I/O card due to (?<error_string>.+?)\.$,The Secure Firewall ASA failed to obtain the current module status register information in a 4GE SSM I/O card because of an I2C error or a switch initialization error.
114008,114008: Failed to enable port after link is up in (?<card_type>\S+) I/O card due to (?<error_string>.+?)\.$,The Secure Firewall ASA failed to enable a port after the link transition to Up state is detected in a 4GE SSM I/O card because of either an I2C serial bus access error or a switch access error.
114009,114009: Failed to set multicast address in (?<card_type>\S+) I/O card due to (?<error_string>.+?)\.$,The Secure Firewall ASA failed to set the multicast address in a 4GE SSM I/O card because of an I2C error or a switch initialization error.
114010,114010: Failed to set multicast hardware address in (?<card_type>\S+) I/O card due to (?<error_string>.+?)\.$,The Secure Firewall ASA failed to set the multicast hardware address in a 4GE SSM I/O card because of an I2C error or a switch initialization error.
114011,114011: Failed to delete multicast address in (?<card_type>\S+) I/O card due to (?<error_string>.+?)\.$,The Secure Firewall ASA failed to delete the multicast address in a 4GE SSM I/O card because of either an I2C error or a switch initialization error.
114012,114012: Failed to delete multicast hardware address in (?<card_type>\S+) I/O card due to (?<error_string>.+?)\.$,The Secure Firewall ASA failed to delete the multicast hardware address in a 4GE SSM I/O card because of an I2C error or a switch initialization error.
114013,114013: Failed to set mac address table in (?<card_type>\S+) I/O card due to (?<error_string>.+?)\.$,The Secure Firewall ASA failed to set the MAC address table in a 4GE SSM I/O card because of an I2C error or a switch initialization error.
114014,114014: Failed to set mac address in (?<card_type>\S+) I/O card due to (?<error_string>.+?)\.$,The Secure Firewall ASA failed to set the MAC address in a 4GE SSM I/O card because of an I2C error or a switch initialization error.
114015,114015: Failed to set mode in (?<card_type>\S+) I/O card due to (?<error_string>.+?)\.$,The Secure Firewall ASA failed to set individual or promiscuous mode in a 4GE SSM I/O card because of an I2C error or a switch initialization error.
114016,114016: Failed to set multicast mode in (?<card_type>\S+) I/O card due to (?<error_string>.+?)\.$,The Secure Firewall ASA failed to set the multicast mode in a 4GE SSM I/O card because of an I2C error or a switch initialization error.
114017,114017: Failed to get link status in (?<card_type>\S+) I/O card due to (?<error_string>.+?)\.$,The Secure Firewall ASA failed to obtain link status in a 4GE SSM I/O card because of an I2C serial bus access error or a switch access error.
114018,114018: Failed to set port speed in (?<card_type>\S+) I/O card due to (?<error_string>.+?)\.$,The Secure Firewall ASA failed to set the port speed in a 4GE SSM I/O card because of an I2C error or a switch initialization error.
114019,114019: Failed to set media type in (?<card_type>\S+) I/O card due to (?<error_string>.+?)\.$,The Secure Firewall ASA failed to set the media type in a 4GE SSM I/O card because of an I2C error or a switch initialization error.
114020,114020: Port link speed is unknown in (?<g_4ge_ssm>\S+) I/O card\.$,The Secure Firewall ASA cannot detect the port link speed in a 4GE SSM I/O card.
114021,114021: Failed to set multicast address table in (?<g_4ge_ssm>\S+) I/O card due to (?<error>\S+)\.$,The Secure Firewall ASA failed to set the multicast address table in the 4GE SSM I/O card because of either an I2C serial bus access error or a switch access error.
114023,114023: Failed to cache/flush mac table in (?<g_4ge_ssm>\S+) I/O card due to (?<error_string>.+?)\.$,A failure to cache or flush the MAC table in a 4GE SSM I/O card occurred because of an I2C serial bus access error or a switch access error. This message rarely occurs.
120003,120003: Call\-Home is processing (?<group>\S+) event (?<title>\S+)\.$,The Smart Call-Home module retrieved an event from the queue to process.
120004,120004: Call\-Home (?<group>\S+) event (?<title>\S+) was dropped\. Reason: (?<reason>\S+)$,"A Smart Call-Home event was dropped. The event may have been dropped because of an internal error, the event queue is full, or the Smart Call-Home module was disabled after the message was generated, but before it was processed."
120005,120005: Call\-Home (?<group>\S+) message to (?<destination>\S+) was dropped\. Reason: (?<reason>\S+)$,"A Smart Call-Home message was dropped. The message may have been dropped because of an internal error, a network error, or the Smart Call-Home module was disabled after the message was generated, but before it was delivered."
120006,120006: Call\-Home (?<group>\S+) message to (?<destination>\S+) failed\. Reason: (?<reason>\S+)$,An error occurred while the Smart Call Home module tried to deliver a message. The error may be transient. The message is not dropped when message 120006 is generated. The message may be queued for retransmission. The message is only dropped when message 120005 is generated.
120007,120007: Call\-Home (?<group>\S+) message to (?<destination>\S+) delivered\.$,A Smart Call Home message was successfully delivered.
120008,120008: Call\-Home client (?<client>\S+) was activated\.$,"The Smart Call Home module is enabled, an event group is also enabled, and that event group is subscribed to by at least one active profile. If these conditions are met, then all clients of that group will be activated."
120009,120009: Call\-Home client (?<client>\S+) was deactivated\.$,"The Smart Call Home module is disabled, an event group is enabled, or an event group is no longer subscribed to by any active profile. If these conditions are met, clients of that event group will be deactivated."
120010,120010: Call\-Home (?<command>\S+) command to client (?<client>\S+) failed\. Reason: (?<reason>\S+)\.$,"The Smart Call Home module notified Smart Call Home clients of certain events through the callback function. If the client does not interpret the command correctly, does not understand the command, or cannot process the command, an error will be returned."
121001,121001: (?<id>\S+)$,"Whenever telemetry support is enabled or disabled on the chassis, this message is displayed."
121002,121002: (?<status>\S+)$,"Whenever telemetry support is enabled or disabled on the blade, this message is displayed."
121003,121003: (?<id>\S+)$,"The message is displayed whenever ASA receives a telemetry request from FXOS. The message displays the SSE connector status, telemetry support status on the blade, and whether the telemetry data was sent to FXOS."
199001,199001: Reloaded at (?<time>\S+) by (?<user>\S+)\. Reload reason: (?<italic_text>.+)$,The address of the host that is initiating an Secure Firewall ASA reboot with the reload command has been recorded.
199003,199003: Reducing Link MTU (?<dec>\S+)$,The Secure Firewall ASA received a packet from the outside network that uses a larger MTU than the inside network. The Secure Firewall ASA then sent an ICMP message to the outside host to negotiate an appropriate MTU. The log message includes the sequence number of the ICMP message.
199013,199013: (?<syslog>.+)$,A variable syslog was generated by an assistive process.
199014,199014: (?<syslog>.+)$,A variable syslog was generated by an assistive process.
199015,199015: (?<syslog>.+)$,A variable syslog was generated by an assistive process.
199016,199016: (?<syslog>.+)$,A variable syslog was generated by an assistive process.
199017,199017: (?<syslog>.+)$,A variable syslog was generated by an assistive process.
199018,199018: (?<syslog>.+)$,A variable syslog was generated by an assistive process.
199019,199019: (?<syslog>.+)$,A variable syslog was generated by an assistive process.
199020,199020: System memory utilization has reached (?<x>\S+) %\. System will reload if memory usage reaches the configured trigger level of (?<y>\S+) %\.$,The system memory utilization has reached 80% of the system memory watchdog facility's configured value.
199021,199021: System memory utilization has reached the configured threshold of (?<y>\S+)%\. System will now reload\.$,The system memory utilization has reached 100% of the system memory watchdog facility's configured value. The system will automatically reload.
199027,199027: Restore operation was aborted at (?<hh_mm_ss___ph_0___dd_mm_yy>\S+)\.$,This message indicates that the backup restoration failed while using the 'restore' command.
302017,302017: Built \(\?:inbound | outbound\) GRE connection (?<id>\S+) from (?<interface>\S+):(?<real_ip>(?:\[[^\]]+\]|(?:(?:25[0-5]|2[0-4]\d|1\d\d|[1-9]?\d)\.){3}(?:25[0-5]|2[0-4]\d|1\d\d|[1-9]?\d)|[0-9a-fA-F:.]+)) \((?<translated_ip>(?:\[[^\]]+\]|(?:(?:25[0-5]|2[0-4]\d|1\d\d|[1-9]?\d)\.){3}(?:25[0-5]|2[0-4]\d|1\d\d|[1-9]?\d)|[0-9a-fA-F:.]+))\)(?<idfw_user>\S+) to (?<interface_2>\S+):(?<real_ip_2>(?:\[[^\]]+\]|(?:(?:25[0-5]|2[0-4]\d|1\d\d|[1-9]?\d)\.){3}(?:25[0-5]|2[0-4]\d|1\d\d|[1-9]?\d)|[0-9a-fA-F:.]+))/(?<real_cid>\S+) \((?<translated_ip_2>(?:\[[^\]]+\]|(?:(?:25[0-5]|2[0-4]\d|1\d\d|[1-9]?\d)\.){3}(?:25[0-5]|2[0-4]\d|1\d\d|[1-9]?\d)|[0-9a-fA-F:.]+))/(?<translated_cid>\S+)\)(?<idfw_user_2>\S+) (?<id_port_num>\d+) (?<rx_ring_num>\d+) \[\((?<user>\S+)\)\]$,"A GRE connection slot between two hosts was created. The id is an unique identifier. The interface, real_address, real_cid tuple identifies the one of the two simplex PPTP GRE streams. The parenthetical translated_address, translated_cid tuple identifies the translated value with NAT. If inbound is indicated, then the connection can only be used inbound. If outbound is indicated, then the connection can only be used for outbound. The following list describes the message values:"
302018,302018: Teardown GRE connection (?<id>\S+) from (?<interface>\S+):(?<real_ip>(?:\[[^\]]+\]|(?:(?:25[0-5]|2[0-4]\d|1\d\d|[1-9]?\d)\.){3}(?:25[0-5]|2[0-4]\d|1\d\d|[1-9]?\d)|[0-9a-fA-F:.]+))(?<translated_ip>(?:\[[^\]]+\]|(?:(?:25[0-5]|2[0-4]\d|1\d\d|[1-9]?\d)\.){3}(?:25[0-5]|2[0-4]\d|1\d\d|[1-9]?\d)|[0-9a-fA-F:.]+)) to (?<interface_2>\S+):(?<real_ip_2>(?:\[[^\]]+\]|(?:(?:25[0-5]|2[0-4]\d|1\d\d|[1-9]?\d)\.){3}(?:25[0-5]|2[0-4]\d|1\d\d|[1-9]?\d)|[0-9a-fA-F:.]+))/(?<real_cid>\S+)(?<idfw_user>\S+) duration (?<duration>\d+:\d+:\d+) bytes (?<bytes>\S+) (?<id_port_num>\d+) (?<rx_ring_num>\d+) \[\((?<user>\S+)\)\]$,"A GRE connection slot between two hosts was deleted. The interface, real_address, real_port tuples identify the actual sockets. Duration identifies the lifetime of the connection. The following list describes the message values:"
302022,302022: Built (?<role>\S*) (?<stub>\S*) TCP connection for (?<interface>\S+):(?<real_ip>(?:\[[^\]]+\]|(?:(?:25[0-5]|2[0-4]\d|1\d\d|[1-9]?\d)\.){3}(?:25[0-5]|2[0-4]\d|1\d\d|[1-9]?\d)|[0-9a-fA-F:.]+))/(?<real_port>\d+) \((?<mapped_ip>(?:\[[^\]]+\]|(?:(?:25[0-5]|2[0-4]\d|1\d\d|[1-9]?\d)\.){3}(?:25[0-5]|2[0-4]\d|1\d\d|[1-9]?\d)|[0-9a-fA-F:.]+))/(?<mapped_port>\d+)\) to (?<interface_2>\S+):(?<real_ip_2>(?:\[[^\]]+\]|(?:(?:25[0-5]|2[0-4]\d|1\d\d|[1-9]?\d)\.){3}(?:25[0-5]|2[0-4]\d|1\d\d|[1-9]?\d)|[0-9a-fA-F:.]+))/(?<real_port_2>\d+) \((?<mapped_ip_2>(?:\[[^\]]+\]|(?:(?:25[0-5]|2[0-4]\d|1\d\d|[1-9]?\d)\.){3}(?:25[0-5]|2[0-4]\d|1\d\d|[1-9]?\d)|[0-9a-fA-F:.]+))/(?<ph_10>\S+)\)$,A TCP director/backup/forwarder flow has been created.
302023,302023: Teardown stub TCP connection for (?<src_interface>[^:]+):(?<src_ip>[0-9.]+)\/(?<src_port>[0-9]+) to (?<dest_interface>[^:]+):(?<dest_ip>[0-9.]+)\/(?<dest_port>[0-9]+) duration (?<dur>[0-9:]+) forwarded (?<bytes>\d+) bytes (?<reason>.*),A TCP director/backup/forwarder flow has been torn down.
302024,302024: Built (?<role>\S*) (?<stub>\S*) UDP connection for (?<interface>\S+):(?<real_ip>(?:\[[^\]]+\]|(?:(?:25[0-5]|2[0-4]\d|1\d\d|[1-9]?\d)\.){3}(?:25[0-5]|2[0-4]\d|1\d\d|[1-9]?\d)|[0-9a-fA-F:.]+))/(?<real_port>\d+) \((?<mapped_ip>(?:\[[^\]]+\]|(?:(?:25[0-5]|2[0-4]\d|1\d\d|[1-9]?\d)\.){3}(?:25[0-5]|2[0-4]\d|1\d\d|[1-9]?\d)|[0-9a-fA-F:.]+))/(?<mapped_port>\d+)\) to (?<interface_2>\S+):(?<real_ip_2>(?:\[[^\]]+\]|(?:(?:25[0-5]|2[0-4]\d|1\d\d|[1-9]?\d)\.){3}(?:25[0-5]|2[0-4]\d|1\d\d|[1-9]?\d)|[0-9a-fA-F:.]+))/(?<real_port_2>\d+) \((?<mapped_ip_2>(?:\[[^\]]+\]|(?:(?:25[0-5]|2[0-4]\d|1\d\d|[1-9]?\d)\.){3}(?:25[0-5]|2[0-4]\d|1\d\d|[1-9]?\d)|[0-9a-fA-F:.]+))/(?<mapped_port_2>\d+)\)$,A UDP director/backup/forwarder flow has been created.
302025,302025: Teardown (?<stub>\S*) UDP connection for (?<interface>\S+):(?<real_ip>(?:\[[^\]]+\]|(?:(?:25[0-5]|2[0-4]\d|1\d\d|[1-9]?\d)\.){3}(?:25[0-5]|2[0-4]\d|1\d\d|[1-9]?\d)|[0-9a-fA-F:.]+))/(?<real_port>\d+) to (?<interface_2>\S+):(?<real_ip_2>(?:\[[^\]]+\]|(?:(?:25[0-5]|2[0-4]\d|1\d\d|[1-9]?\d)\.){3}(?:25[0-5]|2[0-4]\d|1\d\d|[1-9]?\d)|[0-9a-fA-F:.]+))/(?<real_port_2>\d+) duration (?<duration>\d+:\d+:\d+) forwarded bytes (?<bytes>\S+) (?<reason>\S+)$,A UDP director/backup/forwarder flow has been torn down.
302026,302026: Built (?<role>\S*) (?<stub>\S*) ICMP connection for (?<interface>\S+):(?<real_ip>(?:\[[^\]]+\]|(?:(?:25[0-5]|2[0-4]\d|1\d\d|[1-9]?\d)\.){3}(?:25[0-5]|2[0-4]\d|1\d\d|[1-9]?\d)|[0-9a-fA-F:.]+))/(?<real_port>\d+) \((?<mapped_ip>(?:\[[^\]]+\]|(?:(?:25[0-5]|2[0-4]\d|1\d\d|[1-9]?\d)\.){3}(?:25[0-5]|2[0-4]\d|1\d\d|[1-9]?\d)|[0-9a-fA-F:.]+))\) to (?<interface_2>\S+):(?<real_ip_2>(?:\[[^\]]+\]|(?:(?:25[0-5]|2[0-4]\d|1\d\d|[1-9]?\d)\.){3}(?:25[0-5]|2[0-4]\d|1\d\d|[1-9]?\d)|[0-9a-fA-F:.]+))/(?<real_port_2>\d+) \((?<mapped_ip_2>(?:\[[^\]]+\]|(?:(?:25[0-5]|2[0-4]\d|1\d\d|[1-9]?\d)\.){3}(?:25[0-5]|2[0-4]\d|1\d\d|[1-9]?\d)|[0-9a-fA-F:.]+))\)$,An ICMP director/backup/forwarder flow has been created.
302027,302027: Teardown (?<stub>\S*) ICMP connection for (?<interface>\S+):(?<real_ip>(?:\[[^\]]+\]|(?:(?:25[0-5]|2[0-4]\d|1\d\d|[1-9]?\d)\.){3}(?:25[0-5]|2[0-4]\d|1\d\d|[1-9]?\d)|[0-9a-fA-F:.]+))/(?<real_port>\d+) to (?<interface_2>\S+):(?<real_ip_2>(?:\[[^\]]+\]|(?:(?:25[0-5]|2[0-4]\d|1\d\d|[1-9]?\d)\.){3}(?:25[0-5]|2[0-4]\d|1\d\d|[1-9]?\d)|[0-9a-fA-F:.]+))/(?<real_port_2>\d+) duration (?<duration>\d+:\d+:\d+) forwarded bytes (?<bytes>\S+) (?<reason>\S+)$,An ICMP director/backup/forwarder flow has been torn down.
302035,302035: Built \(\?:inbound | outbound\) SCTP connection (?<conn_id>\d+) for (?<dst_interface>\S+):(?<outside_ip>\S+)/(?<dst_port>\d+) \((?<mapped_outside_ip>\S+)/(?<mapped_outside_port>\S+)\)(?<outside_idfw_user>\S*) to (?<src_interface>\S+):(?<inside_ip>\S+)/(?<src_port>\d+) \((?<mapped_inside_ip>\S+)/(?<mapped_inside_port>\S+)\)(?<inside_idfw_user>\S*) (?<port_num>\S+) (?<rx_ring_num>\d+) \[\(user\)\]$,SCTP flow creation is logged when SCTP-state-bypass is not configured.
302036,302036: Teardown SCTP connection (?<conn_id>\d+) for (?<src_interface>\S+):(?<inside_ip_address>\S+)/(?<src_port>\d+)(?<outside_idfw_user>\S*) to (?<dst_interface>\S+):(?<outside_ip_address>\S+)/(?<dst_port>\d+)(?<inside_idfw_user>\S*) duration (?<time_value>\S+) bytes (?<bytes>\S+) (?<reason_string>.+) (?<id_port_num>\d+) (?<rx_ring_num>\d+) \[\((?<user>\S+)\)\]$,SCTP flow deletion is logged when SCTP-state-bypass is not configured.
302037,302037: Built \(\?:inbound\|outbound\) IPINIP connection (?<conn_id>\d+) from (?<dst_interface>\S+):(?<outside_ip>\S+)/\(\?:(?<ph_4_____ph_3>\S+)\) (?<outside_idfw_user>\S*) to (?<inside_interface_name>\S+):(?<inside_ip>\S+)/\(\?:(?<ph_10_____ph_9>\S+)\) (?<inside_idfw_user>\S*) \[\((?<user>\S+)\)\]$,IPINIP flow has been created.
302302,302302: (?<acl_deny___ph_0>\S+)$,IPsec proxy mismatches have occurred. Proxy hosts for the negotiated SA correspond to a deny access-list command policy.
302303,302303: Built TCP state\-bypass connection (?<conn_id>\d+) from (?<initiator_interface>\S+):(?<real_ip>\S+)/(?<real_port>\d+) \((?<mapped_ip>\S+)/(?<mapped_port>\d+)\) to (?<responder_interface>\S+):(?<real_ip_2>\S+)/(?<real_port_2>\d+) \((?<mapped_ip_2>\S+)/(?<mapped_port_2>\d+)\)$,"A new TCP connection has been created, and this connection is a TCP-state-bypass connection. This type of connection bypasses all the TCP state checks and additional security checks and inspections."
302304,302304: Teardown TCP state\-bypass connection (?<conn_id>\d+) from (?<initiator_interface>\S+):(?<ip>\S+)/(?<port>\S+)(?<user>\S+) to (?<responder_interface>\S+):(?<ip_2>\S+)/(?<port_2>\S+)(?<user_2>\S+) duration (?<duration>\S+) bytes (?<bytes>\S+)(?<italic_text>.+) \.$,"A new TCP connection has been torn down, and this connection is a TCP-state-bypass connection. This type of connection bypasses all the TCP state checks and additional security checks and inspections."
302305,302305: Built SCTP state\-bypass connection (?<conn_id>\d+) from (?<dst_interface>\S+):(?<outside_ip>\S+)/(?<dst_port>\d+) \((?<mapped_outside_ip>\S+)/(?<mapped_outside_port>\S+)\)(?<outside_idfw_user>\S*) to (?<outside_sg_info>\S+):(?<src_interface>\S+)/(?<inside_ip>\S+) \((?<src_port>\d+) /(?<mapped_inside_ip>\S+)\)(?<mapped_inside_port>\S+) (?<inside_idfw_user>\S*) (?<inside_sg_info>\S+)$,SCTP flow creation is logged when SCTP-state-bypass is configured.
302306,302306: Teardown SCTP state\-bypass connection (?<conn_id>\d+) from (?<dst_interface>\S+):(?<outside_ip>\S+)/(?<dst_port>\d+)(?<outside_idfw_user>\S*) to (?<outside_sg_info>\S+):(?<src_interface>\S+)/(?<inside_ip>\S+)(?<src_port>\d+) duration (?<inside_idfw_user>\S*) bytes (?<inside_sg_info>\S+) (?<time>\S+) (?<bytes>\S+) (?<reason>\S+)$,SCTP flow deletion is logged when SCTP-state-bypass is configured.
302310,302310: SCTP (?<packet>\S+) received from (?<src_interface>\S+):(?<src_ip>(?:\[[^\]]+\]|(?:(?:25[0-5]|2[0-4]\d|1\d\d|[1-9]?\d)\.){3}(?:25[0-5]|2[0-4]\d|1\d\d|[1-9]?\d)|[0-9a-fA-F:.]+))/(?<src_port>\d+) to (?<dst_ifc>\S+):(?<dst_ip>(?:\[[^\]]+\]|(?:(?:25[0-5]|2[0-4]\d|1\d\d|[1-9]?\d)\.){3}(?:25[0-5]|2[0-4]\d|1\d\d|[1-9]?\d)|[0-9a-fA-F:.]+))/(?<dst_port>\d+) contains unsupported Hostname Parameter\.$,A init/init-ack packet is received with the hostname parameter.
302311,302311: Failed to create a new (?<protocol>\S+) connection from (?<ingress_interface>\S+):(?<source_ip>\S+)/(?<src_port>\d+) to (?<egress_interface>\S+):(?<destination_ip>\S+)/(?<dst_port>\d+) due to (?<application>\S+) cache memory allocation failure\. The app\-cache memory threshold level is (?<threshold>\S+) and threshold check is (?<enabled_disabled>\S+)$,A new connection could not be created due to app-cache memory allocation failure. The failure could be due to system running out of memory or exceeding app-cache memory threshold.
304001,304001: (?:(?<user>[^@]+)@)?(?<src_ip>[0-9.]+) Accessed URL (?<dest_ip>[0-9.]+):(?<url>.*),"The specified host tried to access the specified URL If you enable the HTTP inspection with custom HTTP policy map, the following possibilities are seen.When the packet of GET request does not have the hostname parameter, instead of printing the URI, it prints the following message:%ASA-5-304001: client IP Accessed URL server ip:Hostname not present URI: URIIf a large URI which cannot be printed in a single syslog, you can print partial wherever it is being chopped down.For instance, when the URL is to be divided into multiple chunks and logged, the following message is printed:%ASA-5-304001: client IP Accessed URL server ip: http(/ftp)://hostname/URI_CHUNK1 partial%ASA-5-304001: client IP Accessed URL server ip: partial URI_CHUNK1 partial............%ASA-5-304001: client IP Accessed URL server ip: partial URI_CHUNKnThe limit for URI is 1024 bytes.If the current packet contains partial URI at the beginning or end, use the same logic as explained above."
304002,304002: Access (?<action>\w+) URL (?<url>.*) SRC (?<src_ip>[0-9.]+) [(idfw_user )] DEST (?<dest_ip>[0-9.]+),Access from the source address to the specified URL or FTP site was denied.
304003,304003: URL Server (?<ip>(?:\[[^\]]+\]|(?:(?:25[0-5]|2[0-4]\d|1\d\d|[1-9]?\d)\.){3}(?:25[0-5]|2[0-4]\d|1\d\d|[1-9]?\d)|[0-9a-fA-F:.]+)) timed out URL (?<url>\S+)$,A URL server timed out.
304004,304004: URL Server (?<ip>(?:\[[^\]]+\]|(?:(?:25[0-5]|2[0-4]\d|1\d\d|[1-9]?\d)\.){3}(?:25[0-5]|2[0-4]\d|1\d\d|[1-9]?\d)|[0-9a-fA-F:.]+)) request failed URL (?<url>\S+)$,A Websense server request failed.
304005,304005: URL Server (?<ip>(?:\[[^\]]+\]|(?:(?:25[0-5]|2[0-4]\d|1\d\d|[1-9]?\d)\.){3}(?:25[0-5]|2[0-4]\d|1\d\d|[1-9]?\d)|[0-9a-fA-F:.]+)) request pending URL (?<url>\S+)$,A Websense server request is pending.
304006,304006: URL Server (?<ip>(?:\[[^\]]+\]|(?:(?:25[0-5]|2[0-4]\d|1\d\d|[1-9]?\d)\.){3}(?:25[0-5]|2[0-4]\d|1\d\d|[1-9]?\d)|[0-9a-fA-F:.]+)) not responding$,"The Websense server is unavailable for access, and the ASA attempts to either try to access the same server if it is the only server installed, or another server if there is more than one."
304009,304009: Ran out of buffer blocks specified by (?<url>\S+)\-block command$,The URL pending buffer block is running out of space.
305005,305005: No translation group found for (?<protocol>\S+) src (?<interface_name>\S+): (?<src_ip>(?:\[[^\]]+\]|(?:(?:25[0-5]|2[0-4]\d|1\d\d|[1-9]?\d)\.){3}(?:25[0-5]|2[0-4]\d|1\d\d|[1-9]?\d)|[0-9a-fA-F:.]+))/(?<src_port>\d+) \[\((?<idfw_user>\S+) \)\] dst (?<interface_name_2>\S+): (?<dst_ip>(?:\[[^\]]+\]|(?:(?:25[0-5]|2[0-4]\d|1\d\d|[1-9]?\d)\.){3}(?:25[0-5]|2[0-4]\d|1\d\d|[1-9]?\d)|[0-9a-fA-F:.]+)) /(?<dst_port>\d+) \[\((?<idfw_user_2>\S+) \)\]$,"A packet does not match any of the outbound nat command rules. If NAT is not configured for the specified source and destination systems, the message will be generated frequently."
305006,305006: \{outbound static\|identity\|portmap\|regular\) translation creation failed for (?<protocol>\S+) src (?<interface_name>\S+):(?<src_ip>(?:\[[^\]]+\]|(?:(?:25[0-5]|2[0-4]\d|1\d\d|[1-9]?\d)\.){3}(?:25[0-5]|2[0-4]\d|1\d\d|[1-9]?\d)|[0-9a-fA-F:.]+))/(?<src_port>\d+) \[\((?<idfw_user>\S+) \)\] dst (?<interface_name_2>\S+):(?<dst_ip>(?:\[[^\]]+\]|(?:(?:25[0-5]|2[0-4]\d|1\d\d|[1-9]?\d)\.){3}(?:25[0-5]|2[0-4]\d|1\d\d|[1-9]?\d)|[0-9a-fA-F:.]+))/(?<dst_port>\d+) \[\((?<idfw_user_2>\S+) \)\]$,The ICMP error inspection was enabled and the following conditions were met:
305007,305007: (?<addrpool_free>\S+)\(\): Orphan IP (?<ip>(?:\[[^\]]+\]|(?:(?:25[0-5]|2[0-4]\d|1\d\d|[1-9]?\d)\.){3}(?:25[0-5]|2[0-4]\d|1\d\d|[1-9]?\d)|[0-9a-fA-F:.]+)) on (?<interface>\S+) (?<interface_number>\S+)$,The ASA has attempted to translate an address that it cannot find in any of its global pools. The ASA assumes that the address was deleted and drops the request.
305008,305008: Detecting free unallocated global IP (?<ip__address>\S+) on (?<interface>\S+) (?<interface_name>\S+)$,"The ASA kernel detected an inconsistency condition when trying to free an unallocated global IP address back to the address pool. This abnormal condition may occur if the ASA is running a Stateful Failover setup, and some of the internal states are momentarily out of sync between the active unit and the standby unit. This condition is not catastrophic, and the synchronization recovers automatically."
305009,305009: Built (?:dynamic|static) translation from (?<ph_1___acl_name>\S+):(?<real_ip>(?:\[[^\]]+\]|(?:(?:25[0-5]|2[0-4]\d|1\d\d|[1-9]?\d)\.){3}(?:25[0-5]|2[0-4]\d|1\d\d|[1-9]?\d)|[0-9a-fA-F:.]+))(?<idfw_user>\S+) to (?<interface>\S+)(?<name>\S+):(?<mapped_ip>(?:\[[^\]]+\]|(?:(?:25[0-5]|2[0-4]\d|1\d\d|[1-9]?\d)\.){3}(?:25[0-5]|2[0-4]\d|1\d\d|[1-9]?\d)|[0-9a-fA-F:.]+))$,"An address translation slot was created. The slot translates the source address from the local side to the global side. In reverse, the slot translates the destination address from the global side to the local side."
305010,305010: Teardown (?:dynamic|static) translation from (?<interface_name>\S+):(?<real_ip>(?:\[[^\]]+\]|(?:(?:25[0-5]|2[0-4]\d|1\d\d|[1-9]?\d)\.){3}(?:25[0-5]|2[0-4]\d|1\d\d|[1-9]?\d)|[0-9a-fA-F:.]+))(?<idfw_user>\S+) to (?<interface>\S+)(?<name>\S+):(?<mapped_ip>(?:\[[^\]]+\]|(?:(?:25[0-5]|2[0-4]\d|1\d\d|[1-9]?\d)\.){3}(?:25[0-5]|2[0-4]\d|1\d\d|[1-9]?\d)|[0-9a-fA-F:.]+)) duration (?<time>\S+)$,The address translation slot was deleted.
305011,305011: Built \w+ (?<transport>\w+) translation from (?<src_interface>\S+):(?<src_ip>[0-9.]+)\/(?<src_port>\d+) (?<user>\S+)? ?to (?<dest_interface>\S+):(?<dest_ip>[0-9.]+)\/(?<dest_port>\d+),"A TCP, UDP, or ICMP address translation slot was created. The slot translates the source socket from the local side to the global side. In reverse, the slot translates the destination socket from the global side to the local side."
305012,305012: Teardown \w+ (?<transport>\w+) translation from (?<src_interface>\S+):(?<src_ip>[0-9.]+)\/(?<src_port>\d+) ?(?<user>\S+)? ?to (?<dest_interface>\S+):(?<dest_ip>[0-9.]+)\/(?<dest_port>\d+) duration (?<dur>.*),The address translation slot was deleted.
305014,305014: Allocated (?<num_of_blocks>\S+) block of ports for translation from (?<real_interface>\S+):(?<real_host_ip>\S+) to (?<real_dest_interface>\S+):(?<real_dest_ip>\S+)/(?<real_dest_port_start>\S+)\-(?<real_dest_port_end>\S+)$,"When CGNAT “block-allocation” is configured, this syslog will be generated on allocation of a new port block."
305015,305015: Released (?<block_size>\S+) block of ports for translation from (?<real_interface>\S+):(?<real_host_ip>\S+) to (?<real_destination_interface>\S+):(?<real_dest_ip>\S+)/(?<port_start>\S+)\-(?<port_end>\S+)$,"When CGNAT “block-allocation” is configured, this syslog will be generated on release of an allocated port block."
305017,305017: Pba\-interim\-logging: Active (?<active_icmp>\S+) block of ports for translation from (?<source>\S+):(?<device_ip>\S+) to (?<destination>\S+):(?<device_ip_2>\S+)/(?<active_port>\S+)\-(?<block>\S+)$,When CGNAT interim logging feature is turned on. This syslog specifies the Active Port Block from a particular source IP address to a destination IP address at that time.
305018,305018: MAP translation from (?<src_interface>\S+):(?<src_ip>(?:\[[^\]]+\]|(?:(?:25[0-5]|2[0-4]\d|1\d\d|[1-9]?\d)\.){3}(?:25[0-5]|2[0-4]\d|1\d\d|[1-9]?\d)|[0-9a-fA-F:.]+))/(?<src_port>\d+)\-(?<dst_ifc>\S+):(?<dst_ip>(?:\[[^\]]+\]|(?:(?:25[0-5]|2[0-4]\d|1\d\d|[1-9]?\d)\.){3}(?:25[0-5]|2[0-4]\d|1\d\d|[1-9]?\d)|[0-9a-fA-F:.]+))/(?<dst_port>\d+) to (?<src_interface_2>\S+):(?<translated_src_ip>\S+)/(?<src_port_2>\d+)\-(?<dst_ifc_2>\S+):(?<translated_dst_ip>\S+)/(?<dst_port_2>\d+)$,"MAP style address translation has been applied to a connection being established, their source and destination have been translated Example:"
305019,305019: MAP node address (?<ip>\S+)/(?<port>\S+) has inconsistent Port Set ID encoding$,A packet has an address that matches MAP basic mapping rules (meaning it is meant to be translated) but the Port Set ID encoded within the address is inconsistent (per RFC7599). This could be due to a software fault on the MAP node where this packet originates. Example
305020,305020: MAP node with address (?<ip>\S+) is not allowed to use port (?<port>\S+)$,A packet has an address that matches MAP basic mapping rules (meaning it is meant to be translated) but the associated port does not fall within the range allocated to that address. This likely means there is misconfiguration on the MAP node where this packet originates. Example:
305021,305021: Ports exhausted in pre\-allocated PAT pool IP (?<mapped_ip_address>\S+) for host (?<real_host_ip>\S+)\. Allocating from new PAT pool IP (?<mapped_ip_address_2>\S+)$,This message is generated when all ports are exhausted in the sticky IP on a cluster node and allocation moves to the next available IP with free ports. Example: % ASA -4-305021: Ports exhausted in pre-allocated PAT pool IP 174.0.1.1 for host 192.168.1.20. Allocating from new PAT pool IP 174.0.1.2.
305022,305022: Cluster unit (?<unit_name>\S+) has been allocated (?<num_of_port_blocks>\S+) port\-blocks from (?<ip>(?:\[[^\]]+\]|(?:(?:25[0-5]|2[0-4]\d|1\d\d|[1-9]?\d)\.){3}(?:25[0-5]|2[0-4]\d|1\d\d|[1-9]?\d)|[0-9a-fA-F:.]+)) on (?<interface>\S+) (?<interface_name>\S+) for PAT usage\. All units should have at least (?<min_num_of_port_blocks>\S+) port\-blocks$,This message is generated on a node when it joins cluster and does not get any or unequal share of port blocks. Examples % ASA -4-305022: Cluster unit ASA -4 has been allocated 0 port blocks for PAT usage. All units should have at least 32 port blocks. % ASA -4-305022: Cluster unit ASA -4 has been allocated 12 port blocks for PAT usage. All units should have at least 32 port blocks.
305023,305023: Unable to create TCP connection from inside:(?<ip_port>\S+) to outside:(?<ip_port_2>\S+) due to IP port block exhaustion in PAT pool (?<pool_name>\S+) IP (?<port_address>\S+)\.$,This message is generated when the device could not create a new connection because the PAT pool was exhausted.
308001,308001: Console enable password incorrect for (?<number>\S+) tries \(from (?<ip>(?:\[[^\]]+\]|(?:(?:25[0-5]|2[0-4]\d|1\d\d|[1-9]?\d)\.){3}(?:25[0-5]|2[0-4]\d|1\d\d|[1-9]?\d)|[0-9a-fA-F:.]+))\)$,This is a Secure Firewall ASA management message. This message appears after the specified number of times a user incorrectly types the password to enter privileged mode. The maximum is three attempts.
308002,308002: static (?<global_ip>(?:\[[^\]]+\]|(?:(?:25[0-5]|2[0-4]\d|1\d\d|[1-9]?\d)\.){3}(?:25[0-5]|2[0-4]\d|1\d\d|[1-9]?\d)|[0-9a-fA-F:.]+)) (?<src_ip>(?:\[[^\]]+\]|(?:(?:25[0-5]|2[0-4]\d|1\d\d|[1-9]?\d)\.){3}(?:25[0-5]|2[0-4]\d|1\d\d|[1-9]?\d)|[0-9a-fA-F:.]+)) netmask (?<netmask>\S+) overlapped with (?<global_ip_2>(?:\[[^\]]+\]|(?:(?:25[0-5]|2[0-4]\d|1\d\d|[1-9]?\d)\.){3}(?:25[0-5]|2[0-4]\d|1\d\d|[1-9]?\d)|[0-9a-fA-F:.]+)) (?<src_ip_2>(?:\[[^\]]+\]|(?:(?:25[0-5]|2[0-4]\d|1\d\d|[1-9]?\d)\.){3}(?:25[0-5]|2[0-4]\d|1\d\d|[1-9]?\d)|[0-9a-fA-F:.]+)) netmask (?<netmask_2>\S+)$,"The IP addresses in one or more static command statements overlap. global_address is the global address, which is the address on the lower security interface, and inside_address is the local address, which is the address on the higher security-level interface."
308004,308004: The enable password has been configured by (?<user>\S+) (?<admin>\S+)$,You have configured the enable password for the first time. This message will not be displayed when you are modifying an existing enable password.
314001,314001: Pre\-allocate RTSP UDP backconnection for (?<src_intf>\S+):(?<src_ip>\S+) to (?<dst_intf>\S+):(?<dst_ip>\S+)/(?<ph_4>\S+)$,The Secure Firewall ASA opened a UDP media channel for the RTSP client that was receiving data from the server.
314002,314002: RTSP failed to allocate UDP media connection from (?<src_intf>\S+):(?<src_ip>\S+) to (?<dst_intf>\S+):(?<dst_ip>\S+)/(?<dst_port>\d+) reason: (?<ph_5>\S+)$,The Secure Firewall ASA cannot open a new pinhole for the media channel.
314004,314004: RTSP client (?<src_intf>\S+):(?<src_ip>\S+) accessed RTSP URL (?<rtsp_url>\S+)$,An RTSP client tried to access an RTSP server.
314005,314005: RTSP client (?<src_intf>\S+):(?<src_ip>\S+) denied access to RTSP URL (?<rtsp_url>\S+)$,An RTSP client tried to access a prohibited site.
314006,314006: RTSP client (?<src_intf>\S+):(?<src_ip>\S+) exceeds configured rate limit of (?<rate>\S+) for (?<request_method>\S+) message$,A specific RTSP request message exceeded the configured rate limit of RTSP policy.
315011,315011:\s+SSH session from (?<src_ip>\S+) on interface (?<interface_name>.*?) for user (?<user>\S+) disconnected.*reason: .(?<reason>.*). \(,"An SSH session has ended. If a user enters quit or exit, the terminated normally message appears. The username is hidden when invalid or unknown, but appears when valid or the no logging hide username command has been configured. If the session disconnected for another reason, the text describes the reason. The following table lists the possible reasons why a session is disconnected."
315012,315012: Weak SSH (?<type>\S+) \((?<alg>\S+)\) provided from client '(?<ip>(?:\[[^\]]+\]|(?:(?:25[0-5]|2[0-4]\d|1\d\d|[1-9]?\d)\.){3}(?:25[0-5]|2[0-4]\d|1\d\d|[1-9]?\d)|[0-9a-fA-F:.]+))' on (?<interface>\S+) (?<int>\S+)\. Connection failed\. Not FIPS 140\-2 compliant$,"As part of the FIPS 140-2 certification, when FIPS is enabled, SSH connections can only be brought up using aes128-cbc or aes256-cbc as the cipher and SHA1 as the MAC. This syslog is generated when an unacceptable cipher or MAC is used. This syslog will not be seen if FIPS mode is disabled."
316001,316001: Denied new tunnel to (?<ip>(?:\[[^\]]+\]|(?:(?:25[0-5]|2[0-4]\d|1\d\d|[1-9]?\d)\.){3}(?:25[0-5]|2[0-4]\d|1\d\d|[1-9]?\d)|[0-9a-fA-F:.]+)) \. VPN peer limit \((?<ph_1>\S+) exceeded$,"If more VPN tunnels (ISAKMP/IPsec) are concurrently trying to be established than are supported by the platform VPN peer limit, then the excess tunnels are aborted."
317001,317001: No memory available for (?<limit_slow>\S+)$,The requested operation failed because of a low-memory condition.
317003,317003: IP routing table creation failure \- (?<reason>\S+)$,"An internal software error occurred, which prevented the creation of a new IP routing table."
317004,317004: IP routing table limit warning \- (?<limit_context>\S+)$,The number of routes in the named IP routing table has reached the configured warning limit.
317005,317005: IP routing table limit exceeded \- (?<reason>\S+)$,Additional routes will be added to the table.
317007,317007: Added (?<route_type>\S+) route (?<dst_ip>(?:\[[^\]]+\]|(?:(?:25[0-5]|2[0-4]\d|1\d\d|[1-9]?\d)\.){3}(?:25[0-5]|2[0-4]\d|1\d\d|[1-9]?\d)|[0-9a-fA-F:.]+)) (?<netmask>\S+) via (?<gateway_address>\S+) \[(?<distance>\S+) /(?<metric>\S+) \] on (?<italic_text>.+)$,"A new route has been added to the routing table. Routing protocol type: C – connected, S – static, I – IGRP, R – RIP, M – mobile B – BGP, D – EIGRP, EX - EIGRP external, O - OSPF IA - OSPF inter area, N1 - OSPF NSSA external type 1 N2 - OSPF NSSA external type 2, E1 - OSPF external type 1 E2 - OSPF external type 2, E – EGP, i - IS-IS, L1 - IS-IS level-1 L2 - IS-IS level-2, ia - IS-IS inter area"
317008,317008: Community list check with bad list (?<list_number>\S+)$,"When an out of range community list is identified, this message is generated along with the list number."
317077,317077: Added (?<protocol_name>\S+) route (?<dst_ip>(?:\[[^\]]+\]|(?:(?:25[0-5]|2[0-4]\d|1\d\d|[1-9]?\d)\.){3}(?:25[0-5]|2[0-4]\d|1\d\d|[1-9]?\d)|[0-9a-fA-F:.]+)) (?<subnet_mask>\S+) via (?<gateway_address>\S+) \[(?<admin_distance>\S+)/(?<metric>\S+)\] on \[(?<inf_name>\S+)\] \[(?<vrf_name>\S+)\] tableid \[(?<table_id>\S+)\]$,This message is generated when a route is added successfully on the Secure Firewall Threat Defense device.
317078,317078: Deleted (?<protocol_name>\S+) route (?<dst_ip>(?:\[[^\]]+\]|(?:(?:25[0-5]|2[0-4]\d|1\d\d|[1-9]?\d)\.){3}(?:25[0-5]|2[0-4]\d|1\d\d|[1-9]?\d)|[0-9a-fA-F:.]+)) (?<subnet_mask>\S+) via (?<gateway_address>\S+) \[(?<admin_distance>\S+)/(?<metric>\S+)\] on \[(?<inf_name>\S+)\] \[(?<vrf_name>\S+)\] tableid \[(?<table_id>\S+)\]$,This message is generated when a route is deleted from the Secure Firewall Threat Defense device.
317079,317079: Added static route (?<dst_ip>(?:\[[^\]]+\]|(?:(?:25[0-5]|2[0-4]\d|1\d\d|[1-9]?\d)\.){3}(?:25[0-5]|2[0-4]\d|1\d\d|[1-9]?\d)|[0-9a-fA-F:.]+)) \[(?<ph_1___metric>\S+)\] via (?<inf_name>\S+) tableid \[(?<table_id>\S+)\]$,This message is generated when a static route is added successfully.
317080,317080: Deleted static route (?<dst_ip>(?:\[[^\]]+\]|(?:(?:25[0-5]|2[0-4]\d|1\d\d|[1-9]?\d)\.){3}(?:25[0-5]|2[0-4]\d|1\d\d|[1-9]?\d)|[0-9a-fA-F:.]+)) \[(?<ph_1___metric>\S+)\] via (?<inf_name>\S+) tableid \[(?<table_id>\S+)\]$,This message is generated when a static route is deleted.
318001,318001: Internal error: (?<reason>\S+)$,An internal software error occurred. This message occurs at five-second intervals.
318004,318004: DB already exist : area (?<string>\S+) lsid (?<ip>(?:\[[^\]]+\]|(?:(?:25[0-5]|2[0-4]\d|1\d\d|[1-9]?\d)\.){3}(?:25[0-5]|2[0-4]\d|1\d\d|[1-9]?\d)|[0-9a-fA-F:.]+)) adv (?<netmask>\S+) type 0x(?<number>\S+)$,"The OSPF process had a problem locating the link state advertisement, which might lead to a memory leak."
318005,318005: No corresponding LSA in retransmission database for (?<ip>(?:\[[^\]]+\]|(?:(?:25[0-5]|2[0-4]\d|1\d\d|[1-9]?\d)\.){3}(?:25[0-5]|2[0-4]\d|1\d\d|[1-9]?\d)|[0-9a-fA-F:.]+))$,OSPF found an inconsistency between its database and the IP routing table.
318006,318006: if (?<interface_name>\S+) (?<if_state>\S+) (?<number>\S+)$,An internal error occurred.
318101,318101: Internal error: (?<reason>\S+)$,An internal software error has occurred.
318104,318104: DB already exist : area (?<area_id_str>\S+) lsid (?<i>\S+) adv (?<i_2>\S+) type 0x(?<x>\S+)$,"OSPF has a problem locating the LSA, which could lead to a memory leak."
318105,318105: No corresponding LSA in retransmission database for (?<i>\S+)$,OSPF found an inconsistency between its database and the IP routing table.
318106,318106: if (?<if_name>\S+) (?<if_state>\S+) (?<d>\S+)$,An internal error has occurred.
318108,318108: OSPF process (?<d>\S+) is changing router\-id\. Reconfigure virtual link neighbors with our new router\-id$,"The OSPF process is being reset, and it is going to select a new router ID, which brings down all virtual links. To make them work again, you need to change the virtual link configuration on all virtual link neighbors."
318109,318109: Received packet with wrong state (?<x>\S+)$,OSPFv3 has received an unexpected interprocess message.
318110,318110: Invalid encrypted key (?<key_string>\S+)\.$,The specified encrypted key is not valid.
318111,318111: IPSEC policy for area (?<u>\S+) already exists$,An attempt was made to use a SPI that has already been used.
318112,318112: IPSEC SPI (?<u>\S+) already in use for area (?<d>\S+)$,An attempt was made to use a SPI that has already been used.
318113,318113: IPSEC SPI (?<italic_text>.+) reused for different policy on area (?<u>\S+)$,An attempt was made to use a SPI that has already been used.
318114,318114: IPSEC invalid key length (?<spi_value>\S+)$,The key length was incorrect.
318115,318115: IPSEC create policy error (?<s>\S+) for area (?<u>\S+)$,An IPsec API (internal) error has occurred.
318116,318116: IPSEC policy does not exist for area (?<u>\S+)$,An attempt was made to unconfigure a SPI that is not being used with OSPFv3.
318117,318117: IPSEC policy still in use for area (?<u>\S+)$,"An attempt was made to remove the policy for the indicated SPI, but the policy was still being used by a secure socket."
318118,318118: IPSEC remove policy error (?<s>\S+) for area (?<u>\S+)$,An IPsec API (internal) error has occurred.
318119,318119: IPSEC close session error (?<u>\S+) for area (?<s>\S+)$,An IPsec API (internal) error has occurred.
318121,318121: IPSEC general error (?<s>\S+) for area (?<d>\S+)$,An internal error has occurred.
318122,318122: IPSEC error message retry for area (?<s>\S+)$,An internal error has occurred. The system is trying to reopen the secure socket and to recover.
318123,318123: IPSEC error message abort for area (?<s>\S+)$,An internal error has occurred. The maximum number of recovery attempts has been exceeded.
318125,318125: Interface (?<if_name>\S+) initialization failed$,The interface initialization failed. Possible reasons include the following:
318126,318126: Interface (?<if_name>\S+) attached to multiple areas$,The interface is on the interface list for an area other than the one to which the interface links.
319001,319001: Acknowledge for arp update for (?<ip>(?:\[[^\]]+\]|(?:(?:25[0-5]|2[0-4]\d|1\d\d|[1-9]?\d)\.){3}(?:25[0-5]|2[0-4]\d|1\d\d|[1-9]?\d)|[0-9a-fA-F:.]+)) (?<dst_ip>(?:\[[^\]]+\]|(?:(?:25[0-5]|2[0-4]\d|1\d\d|[1-9]?\d)\.){3}(?:25[0-5]|2[0-4]\d|1\d\d|[1-9]?\d)|[0-9a-fA-F:.]+)) to NP(?<number>\S+) not received\.$,The ARP process in the ASA lost internal synchronization because the ASA was overloaded.
319002,319002: Acknowledge for route update for (?<ip>(?:\[[^\]]+\]|(?:(?:25[0-5]|2[0-4]\d|1\d\d|[1-9]?\d)\.){3}(?:25[0-5]|2[0-4]\d|1\d\d|[1-9]?\d)|[0-9a-fA-F:.]+)) (?<dst_ip>(?:\[[^\]]+\]|(?:(?:25[0-5]|2[0-4]\d|1\d\d|[1-9]?\d)\.){3}(?:25[0-5]|2[0-4]\d|1\d\d|[1-9]?\d)|[0-9a-fA-F:.]+)) to NP(?<number>\S+) not received\.$,The routing module in the ASA lost internal synchronization because the ASA was overloaded.
319003,319003: Arp update for (?<ip>(?:\[[^\]]+\]|(?:(?:25[0-5]|2[0-4]\d|1\d\d|[1-9]?\d)\.){3}(?:25[0-5]|2[0-4]\d|1\d\d|[1-9]?\d)|[0-9a-fA-F:.]+)) (?<address>\S+) to NP(?<n>\S+) failed\.$,"When an ARP entry has to be updated, a message is sent to the network processor (NP) in order to update the internal ARP table. If the module is experiencing high utilization of memory or if the internal table is full, the message to the NP may be rejected and this message generated."
319004,319004: Route update for (?<ip>(?:\[[^\]]+\]|(?:(?:25[0-5]|2[0-4]\d|1\d\d|[1-9]?\d)\.){3}(?:25[0-5]|2[0-4]\d|1\d\d|[1-9]?\d)|[0-9a-fA-F:.]+)) (?<dst_ip>(?:\[[^\]]+\]|(?:(?:25[0-5]|2[0-4]\d|1\d\d|[1-9]?\d)\.){3}(?:25[0-5]|2[0-4]\d|1\d\d|[1-9]?\d)|[0-9a-fA-F:.]+)) to NP(?<number>\S+) failed\.$,The routing module in the ASA lost internal synchronization because the system was overloaded.
321001,321001: Resource (?<var1>\S+) limit of (?<var2>\S+) reached\.$,A configured resource usage or rate limit for the indicated resource was reached.
321002,321002: Resource (?<var1>\S+) rate limit of (?<var2>\S+) reached\.$,A configured resource usage or rate limit for the indicated resource was reached.
321003,321003: Resource (?<var1>\S+) log level of (?<var2>\S+) reached\.$,A configured resource usage or rate logging level for the indicated resource was reached.
321004,321004: Resource (?<var1>\S+) rate log level of (?<var2>\S+) reached$,A configured resource usage or rate logging level for the indicated resource was reached.
321005,321005: System CPU utilization reached (?<utilization>\S+)%%$,The system CPU utilization has reached 95 percent or more and remains at this level for five minutes.
321006,321006: System Memory usage reached (?<utilization>\S+)%%$,The system memory usage has reached 80 percent or more and remains at this level for five minutes.
321007,321007: System is low on free memory blocks of size (?<block_size>\S+) \((?<free_blocks>\S+) CNT out of (?<max_blocks>\S+) MAX\)$,The system is low on free blocks of memory. Running out of blocks may result in traffic disruption.
322004,322004: No management (?<ip>(?:\[[^\]]+\]|(?:(?:25[0-5]|2[0-4]\d|1\d\d|[1-9]?\d)\.){3}(?:25[0-5]|2[0-4]\d|1\d\d|[1-9]?\d)|[0-9a-fA-F:.]+)) configured for transparent firewall\. Dropping protocol (?<protocol>\S+) packet from (?<interface_in>\S+):(?<src_ip>(?:\[[^\]]+\]|(?:(?:25[0-5]|2[0-4]\d|1\d\d|[1-9]?\d)\.){3}(?:25[0-5]|2[0-4]\d|1\d\d|[1-9]?\d)|[0-9a-fA-F:.]+))/(?<src_port>\d+) to (?<interface_out>\S+):(?<dst_ip>(?:\[[^\]]+\]|(?:(?:25[0-5]|2[0-4]\d|1\d\d|[1-9]?\d)\.){3}(?:25[0-5]|2[0-4]\d|1\d\d|[1-9]?\d)|[0-9a-fA-F:.]+))/(?<dst_port>\d+)$,The Secure Firewall ASA dropped a packet because no management IP address was configured in the transparent mode.
323007,323007: Module in slot (?<slot>\S+) experienced a firmware failure and the recovery is in progress\.$,"An Secure Firewall ASA with a 4GE-SSM installed experienced a short power surge, then rebooted. As a result, the 4GE-SSM may come online in an unresponsive state. The Secure Firewall ASA has detected that the 4GE-SSM is unresponsive, and automatically restarts the 4GE-SSM."
324000,324000: Drop GTP message (?<msg_type>\S+) Flow:\((?<source_interface>\S+):(?<src_ip>(?:\[[^\]]+\]|(?:(?:25[0-5]|2[0-4]\d|1\d\d|[1-9]?\d)\.){3}(?:25[0-5]|2[0-4]\d|1\d\d|[1-9]?\d)|[0-9a-fA-F:.]+))/(?<src_port>\d+) to (?<dst_interface>\S+):(?<dst_ip>(?:\[[^\]]+\]|(?:(?:25[0-5]|2[0-4]\d|1\d\d|[1-9]?\d)\.){3}(?:25[0-5]|2[0-4]\d|1\d\d|[1-9]?\d)|[0-9a-fA-F:.]+))/(?<dst_port>\d+)\) Reason: (?<reason>\S+)$,The packet being processed did not meet the filtering requirements as described in the reason variable and is being dropped.
324003,324003: (?<msg_type>\S+) \- Flow:\((?<source_interface>\S+):(?<src_ip>(?:\[[^\]]+\]|(?:(?:25[0-5]|2[0-4]\d|1\d\d|[1-9]?\d)\.){3}(?:25[0-5]|2[0-4]\d|1\d\d|[1-9]?\d)|[0-9a-fA-F:.]+))/(?<src_port>\d+) to (?<dst_interface>\S+):(?<dst_ip>(?:\[[^\]]+\]|(?:(?:25[0-5]|2[0-4]\d|1\d\d|[1-9]?\d)\.){3}(?:25[0-5]|2[0-4]\d|1\d\d|[1-9]?\d)|[0-9a-fA-F:.]+))/(?<dst_port>\d+)\)$,The response received does not have a matching request in the request queue and should not be processed further.
324004,324004: GTP packet with version (?<ver_number>\S+) from (?<source_interface>\S+):(?<src_ip>(?:\[[^\]]+\]|(?:(?:25[0-5]|2[0-4]\d|1\d\d|[1-9]?\d)\.){3}(?:25[0-5]|2[0-4]\d|1\d\d|[1-9]?\d)|[0-9a-fA-F:.]+))/(?<src_port>\d+) to (?<dst_interface>\S+):(?<dst_ip>(?:\[[^\]]+\]|(?:(?:25[0-5]|2[0-4]\d|1\d\d|[1-9]?\d)\.){3}(?:25[0-5]|2[0-4]\d|1\d\d|[1-9]?\d)|[0-9a-fA-F:.]+))/(?<dst_port>\d+) not supported$,"The packet being processed has a version other than the currently supported version, which is 0 or 1. If the version number printed out is an incorrect number and is seen frequently, then the endpoint may be sending out bad packets as part of an attack."
324005,324005: Unable to create tunnel from (?<source_interface>\S+):(?<src_ip>(?:\[[^\]]+\]|(?:(?:25[0-5]|2[0-4]\d|1\d\d|[1-9]?\d)\.){3}(?:25[0-5]|2[0-4]\d|1\d\d|[1-9]?\d)|[0-9a-fA-F:.]+))/(?<src_port>\d+) to (?<dst_interface>\S+):(?<dst_ip>(?:\[[^\]]+\]|(?:(?:25[0-5]|2[0-4]\d|1\d\d|[1-9]?\d)\.){3}(?:25[0-5]|2[0-4]\d|1\d\d|[1-9]?\d)|[0-9a-fA-F:.]+))/(?<dst_port>\d+)$,An error occurred while trying to create the tunnel for the transport protocol data units.
324007,324007: Unable to create GTP connection for response from (?<src_ip>(?:\[[^\]]+\]|(?:(?:25[0-5]|2[0-4]\d|1\d\d|[1-9]?\d)\.){3}(?:25[0-5]|2[0-4]\d|1\d\d|[1-9]?\d)|[0-9a-fA-F:.]+))/0 to (?<g_0>\S+)/(?<dst_ip>(?:\[[^\]]+\]|(?:(?:25[0-5]|2[0-4]\d|1\d\d|[1-9]?\d)\.){3}(?:25[0-5]|2[0-4]\d|1\d\d|[1-9]?\d)|[0-9a-fA-F:.]+))$,An error occurred while trying to create the tunnel for the transport protocol data units for a differentsServicing GPRS support node or gateway GPRS support node.
324010,324010: Subscriber (?<imsi>\S+) PDP Context activated on network (?<mcc>\S+)$,This message appears when the PDP Context is activated. MCC is always 3 digits and MNC is 2 or 3 digits.
324011,324011: Subscriber (?<imsi>\S+) location changed during (?<mcc>\S+) from (?<mnc>\S+) (?<ie_type>\S+)$,A message appears when the location has changed. MCC is always 3 digits and MNC is 2 or 3 digits. This change could be triggered by handoff or a subsequent create request after the PDP is created and that the previous create request on ASA expired.
324300,324300: Radius Accounting Request from (?<from_addr>\S+) has an incorrect request authenticator$,"When a shared secret is configured for a host, the request authenticator is verified with that secret. If it fails, it is logged and packet processing stops."
325001,325001: Router (?<ipv6_address>\S+) on (?<interface>\S+) has conflicting ND \(Neighbor Discovery\) settings$,Another router on the link sent router advertisements with conflicting parameters.
325002,325002: Duplicate address (?<ipv6_address>\S+)/(?<mac_address>\S+) on (?<interface>\S+)$,Another system is using your IPv6 address.
325004,325004: IPv6 Extension Header (?<hdr_type>\S+) (?<action>\S+) by configuration\. (?<protocol>\S+) from (?<src_int>\S+):(?<src_ipv6_addr>\S+)/(?<src_port>\d+) to (?<dst_interface>\S+):(?<dst_ipv6_addr>\S+)/(?<dst_port>\d+)$,A user has configured one or multiple actions over the specified IPv6 header extension.
325005,325005: Invalid IPv6 Extension Header Content:(?<string>\S+)\. (?<detail_regarding_protocol>\S+) from (?<ingress_interface>\S+):(?<ip>\S+)/(?<port>\S+) to (?<egress_interface>\S+):(?<ip_2>\S+)/(?<port_2>\S+)$,An IPv6 packet with a bad extension header has been detected.
325006,325006: IPv6 Extension Header not in order: Type (?<hdr_type>\S+) occurs after Type (?<hdr_type_2>\S+)\. (?<prot>\S+) from (?<src_int>\S+):(?<src_ipv6_addr>\S+)/(?<src_port>\d+) to (?<dst_interface>\S+):(?<dst_ipv6_addr>\S+)/(?<dst_port>\d+)$,An IPv6 packet with out-of-order extension headers has been detected.
325007,325007: IPv6 security check failed\. Dropped packet from (?<interface>\S+):(?<address>\S+)/(?<port>\S+) to (?<address_2>\S+)/(?<port_2>\S+) with source MAC address (?<mac_address>\S+) and hop limit (?<limit_value>\S+)$,Security check failed.
326001,326001: Unexpected error in the timer library: (?<error_message>.+)$,"A managed timer event was received without a context or a correct type, or no handler exists. Alternatively, if the number of events queued exceeds a system limit, an attempt to process them will occur at a later time."
326002,326002: Error in (?<error_message>.+) : (?<error_message_2>.+)$,The IGMP process failed to shut down upon request. Events that are performed in preparation for this shutdown may be out-of-sync.
326013,326013: Internal error: (?<string>\S+) in (?<string_2>\S+) line (?<d>\S+) \((?<s>\S+)\)$,A fundamental error occurred in the MRIB.
326014,326014: Initialization failed: (?<error_code>\S+) (?<error_message>.+)$,The MRIB failed to initialize.
326015,326015: Communication error: (?<error_code>\S+) (?<error_message>.+)$,The MRIB received a malformed update.
326016,326016: Failed to set un\-numbered (?<interface>\S+) for (?<interface_name>\S+) \((?<string>\S+)\)$,"The PIM tunnel is not usable without a source address. This situation occurs because a numbered interface cannot be found, or because of an internal error."
326017,326017: Interface Manager error \- (?<string>\S+) in (?<string_2>\S+) : (?<string_3>\S+)$,An error occurred while creating a PIM tunnel interface.
326019,326019: (?<string>\S+) in (?<string_2>\S+) : (?<string_3>\S+)$,An error occurred while creating a PIM RP tunnel interface.
326020,326020: List error in (?<string>\S+) : (?<string_2>\S+)$,An error occurred while processing a PIM interface list.
326021,326021: Error in (?<string>\S+) : (?<string_2>\S+)$,An error occurred while setting the SRC of a PIM tunnel interface.
326022,326022: Error in (?<string>\S+) : (?<string_2>\S+)$,The PIM process failed to shut down upon request. Events that are performed in preparation for this shutdown may be out-of-sync.
326023,326023: (?<string>\S+) \- (?<ip>(?:\[[^\]]+\]|(?:(?:25[0-5]|2[0-4]\d|1\d\d|[1-9]?\d)\.){3}(?:25[0-5]|2[0-4]\d|1\d\d|[1-9]?\d)|[0-9a-fA-F:.]+)) : (?<string_2>\S+)$,An error occurred while processing a PIM group range.
326025,326025: (?<string>\S+)$,"An internal error occurred while trying to send a message. Events scheduled to occur on the receipt of a message, such as deletion of the PIM tunnel IDB, may not occur."
326026,326026: Server unexpected error: (?<error_message>.+)$,The MRIB failed to register a client.
326027,326027: Corrupted update: (?<error_message>.+)$,The MRIB received a corrupt update.
326028,326028: Asynchronous error: (?<error_message>.+)$,An unhandled asynchronous error occurred in the MRIB API.
328001,328001: Attempt made to overwrite a set (?<stub>\S*) function in (?<string>\S+)\.$,A single function can be set as a callback for when a stub with a check registry is invoked. An attempt to set a new callback failed because a callback function has already been set.
328002,328002: Attempt made in (?<string>\S+) to register with out of bounds key\.$,"In the FASTCASE registry, the key has to be smaller than the size specified when the registry was created. An attempt was made to register with a key out-of-bounds."
329001,329001: The (?<string0>\S+) subblock named (?<string1>\S+) was not removed$,A software error has occurred. IDB subblocks cannot be removed.
331001,331001: Dynamic DNS Update for '(?<fqdn_name>\S+)' <=> (?<ip>(?:\[[^\]]+\]|(?:(?:25[0-5]|2[0-4]\d|1\d\d|[1-9]?\d)\.){3}(?:25[0-5]|2[0-4]\d|1\d\d|[1-9]?\d)|[0-9a-fA-F:.]+)) failed$,The dynamic DNS subsystem failed to update the resource records on the DNS server. This failure might occur if the Secure Firewall ASA is unable to contact the DNS server or the DNS service is not running on the destination system.
331002,331002: Dynamic DNS (?<type>\S+) RR for '(?<fqdn_name>\S+)' \-> '(?<ip>(?:\[[^\]]+\]|(?:(?:25[0-5]|2[0-4]\d|1\d\d|[1-9]?\d)\.){3}(?:25[0-5]|2[0-4]\d|1\d\d|[1-9]?\d)|[0-9a-fA-F:.]+))' successfully updated in DNS server (?<ip_2>(?:\[[^\]]+\]|(?:(?:25[0-5]|2[0-4]\d|1\d\d|[1-9]?\d)\.){3}(?:25[0-5]|2[0-4]\d|1\d\d|[1-9]?\d)|[0-9a-fA-F:.]+))$,A dynamic DNS update succeeded in the DNS server.
332003,332003: Web Cache (?<ip>(?:\[[^\]]+\]|(?:(?:25[0-5]|2[0-4]\d|1\d\d|[1-9]?\d)\.){3}(?:25[0-5]|2[0-4]\d|1\d\d|[1-9]?\d)|[0-9a-fA-F:.]+))/(?<service_id>\S+) acquired$,A service from the web cache of the Secure Firewall ASA was acquired.
332004,332004: Web Cache (?<ip>(?:\[[^\]]+\]|(?:(?:25[0-5]|2[0-4]\d|1\d\d|[1-9]?\d)\.){3}(?:25[0-5]|2[0-4]\d|1\d\d|[1-9]?\d)|[0-9a-fA-F:.]+))/(?<service_id>\S+) lost$,A service from the web cache of the Secure Firewall ASA was lost.
334001,334001: EAPoUDP association initiated \- (?<host_address>\S+)\.$,An EAPoUDP association has been initiated with a remote host.
334002,334002: EAPoUDP association successfully established \- (?<host_address>\S+)\.$,An EAPoUDP association has been successfully established with the host.
334003,334003: EAPoUDP association failed to establish \- (?<host_address>\S+)\.$,An EAPoUDP association has failed to establish with the host.
334004,334004: Authentication request for NAC Clientless host \- (?<host_address>\S+)\.$,An authentication request was made for a NAC clientless host.
334005,334005: Host put into NAC Hold state \- (?<host_address>\S+)\.$,The NAC session for the host was put into the Hold state.
334006,334006: EAPoUDP failed to get a response from host \- (?<host_address>\S+)\.$,An EAPoUDP response was not received from the host.
334007,334007: EAPoUDP association terminated \- (?<host_address>\S+)\.$,An EAPoUDP association has terminated with the host.
334009,334009: Audit request for NAC Clientless host \- (?<assigned_ip>\S+)\.$,An audit request is being sent for the specified assigned IP address.
335001,335001: NAC session initialized \- (?<host_address>\S+)\.$,A NAC session has started for a remote host.
335004,335004: NAC is disabled for host \- (?<host_address>\S+)\.$,NAC is disabled for the remote host.
335005,335005: NAC Downloaded ACL parse failure \- (?<host_address>\S+)\.$,Parsing of a downloaded ACL failed.
335006,335006: NAC Applying ACL:(?<acl_name>\S+) \- (?<host_address>\S+)\.$,The name of the ACL that is being applied as a result of NAC posture validation.
335007,335007: NAC Default ACL not configured \- (?<host_address>\S+)\.$,A NAC default ACL has not been configured.
335008,335008: NAC IPsec terminate from dynamic ACL:(?<acl_name>\S+) \- (?<host_address>\S+)\.$,A dynamic ACL obtained as a result of PV requires IPsec termination.
335009,335009: NAC 'Revalidate' request by administrative action \- (?<host_address>\S+)\.$,A NAC Revalidate action was requested by the administrator.
335010,335010: NAC 'Revalidate All' request by administrative action \- (?<num>\S+) sessions\.$,A NAC Revalidate All action was requested by the administrator.
335011,335011: NAC 'Revalidate Group' request by administrative action for (?<group_name>\S+) group \- (?<num>\S+) sessions\.$,A NAC Revalidate Group action was requested by the administrator.
335012,335012: NAC 'Initialize' request by administrative action \- (?<host_address>\S+)\.$,A NAC Initialize action was requested by the administrator.
335013,335013: NAC 'Initialize All' request by administrative action \- (?<num>\S+) sessions\.$,A NAC Initialize All action was requested by the administrator.
335014,335014: NAC 'Initialize Group' request by administrative action for (?<group_name>\S+) group \- (?<num>\S+) sessions\.$,A NAC Initialize Group action was requested by the administrator.
336001,336001: IP\-EIGRP\(AS (?<desination_network>\S+)\): (?<italic_text>.+) stuck in active state$,"The SIA state means that an EIGRP router has not received a reply to a query from one or more neighbors within the time allotted (approximately three minutes). When this happens, EIGRP clears the neighbors that did not send a reply and logs an error message for the route that became active."
336009,336009: (?<ddb_name>\S+) (?<as_id>\S+): Internal error$,An internal error occurred.
336010,336010: IP\-EIGRP\(AS (?<ddb_name>\S+)\): Neighbor (?<neighbor_address>\S+)\((?<interface_name>\S+)\) is (?<event_state>\S+): (?<event_reason>\S+)$,A neighbor went up or down.
337005,337005: (?<italic_text>.+)$,"The adaptive security appliance received an SRTP or RTP packet that was destined to go to the media termination IP address and port, but the corresponding media session to process this packet was not found."
338101,338101: Dynamic filter (?<action>\S+) whitelisted (?<transport>\S+) traffic from (?<src_interface>\S+):(?<src_ip>[0-9.]+)\/(?<src_port>[0-9]+).* to (?<dest_interface>\S+):(?<dest_ip>[0-9.]+)\/(?<dest_port>[0-9]+).*resolved from (?<list_id>\S+) list: (?<src_domain>\S+),"Traffic from a domain, which is on an allow list in the dynamic filter database, has appeared."
338102,338102: Dynamic filter (?<action>\S+) whitelisted (?<transport>\S+) traffic from (?<src_interface>\S+):(?<src_ip>[0-9.]+)\/(?<src_port>[0-9]+).* to (?<dest_interface>\S+):(?<dest_ip>[0-9.]+)\/(?<dest_port>[0-9]+).*resolved from (?<list_id>\S+) list: (?<dest_domain>\S+),"Traffic to a domain name, which is on an allow list in the dynamic filter database, has appeared."
338302,338302: Address (?<ipaddr>\S+) discovered for domain (?<name>\S+) from (?<list>\S+)\. Adding rule$,An IP address that was discovered from a DNS reply to the dynamic filter rule table was added.
338303,338303: Address (?<ipaddr>\S+) \(name)\) timed out\. Removing rule$,An IP address that was discovered from the dynamic filter rule table was removed.
338304,338304: Successfully downloaded dynamic filter data file from updater server (?<url>\S+)$,A new version of the data file has been downloaded.
338305,338305: Failed to download dynamic filter data file from updater server (?<url>\S+)$,The dynamic filter database has failed to download.
338306,338306: Failed to authenticate with dynamic filter updater server (?<url>\S+)$,The ASA failed to authenticate with the dynamic filter updater server.
338308,338308: Dynamic Filter updater server dynamically changed from (?<old_server_host>\S+):(?<old_server_port>\S+) to (?<new_server_host>\S+):(?<new_server_port>\S+)$,The ASA was directed to a new updater server host or port.
338309,338309: The license on this (?<device>\S+) does not support dynamic filter updater feature$,"The dynamic filter updater is a licensed feature; however, the license on the ASA does not support this feature."
339001,339001: DNSCRYPT certificate update failed for (?<ph_0>\S+) tries\.$,The DNSCrypt failed to receive a certificate update.
339002,339002: Umbrella device registration failed with error code (?<ph_0>\S+)$,The umbrella device registration failed.
339005,339005: Umbrella device registration failed after (?<ph_0>\S+) retries$,Umbrella device registration failed.
339006,339006: Umbrella resolver (?<current_resolver_ipv46>\S+) is reachable\. Resuming redirect$,"Umbrella had failed to open, and the resolver was unreachable. The resolver is now reacheable and service is resumed."
339012,339012: Umbrella API token request failed with error code (?<error_code>\S+)\.$,This message appears when the request for umbrella API token has failed.
339014,339014: Umbrella API token request failed after (?<retry_number>\S+) retries\.$,This message appears when the request for umbrella API token has failed after retries.
340001,340001: Vnet\-proxy handshake error (?<error_string>.+?) \- (?<context_id>\S+) \((?<version>\S+)\)$,Loopback proxy allows third-party applications running on the Secure Firewall ASA to access the network. The loopback proxy encountered an error.
340002,340002: Vnet\-proxy data relay error (?<error_string>.+?) from (?<context_id>\S+)/(?<version>\S+) to (?<request_type>\S+)/(?<address_type>\S+) \- (?<client_address_internal>\S+) \((?<client_port_internal>\S+)\)$,Loopback proxy allows third-party applications running on the Secure Firewall ASA to access the network. The loopback proxy generated debugging information for use in troubleshooting.
341001,341001: Policy Agent started successfully for VNMC (?<vnmc_ip_addr>\S+)$,"The policy agent processes (DME, ducatiAG, and commonAG) started successfully."
341002,341002: Policy Agent stopped successfully for VNMC (?<vnmc_ip_addr>\S+)$,"The policy agent processes (DME, ducatiAG, and commonAG) were stopped."
341003,341003: Policy Agent failed to start for VNMC (?<vnmc_ip_addr>\S+)$,The policy agent failed to start.
341004,341004: Storage device not available\. Attempt to shutdown module (?<module_name>\S+) failed\.$,"All SSDs have failed or been removed with the system in Up state. The system has attempted to shut down the software module, but that attempt has failed."
341005,341005: Storage device not available\. Shutdown issued for module (?<module_name>\S+)\.$,All SSDs have failed or been removed with the system in Up state. The system is shutting down the software module.
341006,341006: Storage device not available\. Failed to stop recovery of module (?<module_name>\S+)\.$,"All SSDs have failed or been removed with the system in recorvery state. The system attempted to stop the recover, but that attempt failed."
341007,341007: Storage device not available\. Further recovery of module (?<module_name>\S+) was stopped\. This may take several minutes to complete\.$,All SSDs have failed or been removed with the system in recovery state. The system is stopping the recovery of the softwaremodule.
341008,341008: Storage device not found\. Auto\-boot of module (?<module_name>\S+) cancelled\. Install drive and reload to try again\.$,"After getting the system into Up state, all SSDs have failed or been removed before reloading the system. Because the default action during boot is to auto-boot the software module, that action is blocked because there is no storage device available."
341010,341010: Storage device with serial number (?<ser_no>\S+) (?<ph_1_____ph_2>\S+) bay (?<bay_no>\S+)$,The Secure Firewall ASA has detected insertion or removal events and generates this syslog message immediately.
341011,341011: Storage device with serial number (?<ser_no>\S+) in bay (?<bay_no>\S+) faulty$,The Secure Firewall ASA polls the storage device health status every 10 minutes and generates this syslog message if the storage device is in a failed state.
342004,342004: Failed to automatically restart the REST API Agent after (?<num>\S+) unsuccessful attempts\. Use the 'no rest\-api agent' and 'rest\-api agent' commands to manually restart the Agent\.$,The REST API Agent has failed to start after many attempts.
401002,401002: Shun added: (?<ip>(?:\[[^\]]+\]|(?:(?:25[0-5]|2[0-4]\d|1\d\d|[1-9]?\d)\.){3}(?:25[0-5]|2[0-4]\d|1\d\d|[1-9]?\d)|[0-9a-fA-F:.]+)) (?<ip_2>(?:\[[^\]]+\]|(?:(?:25[0-5]|2[0-4]\d|1\d\d|[1-9]?\d)\.){3}(?:25[0-5]|2[0-4]\d|1\d\d|[1-9]?\d)|[0-9a-fA-F:.]+)) (?<port>\S+) (?<port_2>\S+)$,"A shun command was entered, where the first IP address is the shunned host. The other addresses and ports are optional and are used to terminate the connection if available. An institution to keep a record of shunning activity was allowed."
401003,401003: Shun deleted: (?<ip>(?:\[[^\]]+\]|(?:(?:25[0-5]|2[0-4]\d|1\d\d|[1-9]?\d)\.){3}(?:25[0-5]|2[0-4]\d|1\d\d|[1-9]?\d)|[0-9a-fA-F:.]+))$,A single shunned host was removed from the shun database. An institution to keep a record of shunning activity was allowed.
401004,401004: Shunned packet: (?<ip>(?:\[[^\]]+\]|(?:(?:25[0-5]|2[0-4]\d|1\d\d|[1-9]?\d)\.){3}(?:25[0-5]|2[0-4]\d|1\d\d|[1-9]?\d)|[0-9a-fA-F:.]+)) ==> (?<ip_2>(?:\[[^\]]+\]|(?:(?:25[0-5]|2[0-4]\d|1\d\d|[1-9]?\d)\.){3}(?:25[0-5]|2[0-4]\d|1\d\d|[1-9]?\d)|[0-9a-fA-F:.]+)) on (?<interface>\S+) (?<interface_name>\S+)$,"A packet was dropped because the host defined by IP SRC is a host in the shun database. A shunned host cannot pass traffic on the interface on which it is shunned. For example, an external host on the Internet can be shunned on the outside interface. A record of the activity of shunned hosts was provided. This message and message %ASA-4-401005 can be used to evaluate further risk concerning this host."
401005,401005: Shun add failed: unable to allocate resources for (?<ip>(?:\[[^\]]+\]|(?:(?:25[0-5]|2[0-4]\d|1\d\d|[1-9]?\d)\.){3}(?:25[0-5]|2[0-4]\d|1\d\d|[1-9]?\d)|[0-9a-fA-F:.]+)) (?<ip_2>(?:\[[^\]]+\]|(?:(?:25[0-5]|2[0-4]\d|1\d\d|[1-9]?\d)\.){3}(?:25[0-5]|2[0-4]\d|1\d\d|[1-9]?\d)|[0-9a-fA-F:.]+)) (?<port>\S+) (?<port_2>\S+)$,The Secure Firewall ASA is out of memory; a shun cannot be applied.
402115,402115: IPSEC: Received a packet from (?<remote_ip>\S+) to (?<local_ip>\S+) containing (?<act_prot>\S+) data instead of (?<exp_prot>\S+) data\.$,"An IPsec packet was received that is missing the expected ESP header. The peer is sending packets that do not match the negotiated security policy, which may indicate an attack. This message is rate limited to no more than one message every five seconds."
402117,402117: IPSEC: Received a non\-IPSec packet \(protocol= (?<protocol>\S+)\) from (?<remote_ip>\S+) to (?<local_ip>\S+)\.$,"The received packet matched the crypto map ACL, but it is not IPsec-encapsulated. The IPsec peer is sending unencapsulated packets. This error can occur because of a policy setup error on the peer. For example, the firewall may be configured to only accept encrypted Telnet traffic to the outside interface port 23. If you attempt to use Telnet without IPsec encryption to access the outside interface on port 23, this message appears, but not with Telnet or traffic to the outside interface on ports other than 23. This error can also indicate an attack. This message is not generated except under these conditions (for example, it is not generated for traffic to the Secure Firewall ASA interfaces themselves). See messages 710001, 710002, and 710003, which track TCP and UDP requests. This message is rate limited to no more than one message every five seconds."
402122,402122: IPSEC: Received a cleartext packet from (?<src_addr>\S+) to (?<dest_addr>\S+) that was to be encapsulated in IPSec that was dropped by IPSec \((?<drop_reason>\S+)\)\.$,A packet to be encapsulated in IPsec was received and subsequently dropped by the IPsec subsystem. This may indicate a problem with the Secure Firewall ASA configuration or with the Secure Firewall ASA itself.
402126,402126: CRYPTO: The (?<platform>\S+) created Crypto Archive File <(?<archive_filename>\S+)> as a Soft Reset was necessary\. Please forward this archived information to (?<cisco>\S+)$,"A functional problem with the hardware crypto chip was detected (see syslog messages 402124 and 402125). To further debug the crypto problem, a crypto archive file was generated that included the current crypto hardware environment (hardware registers and crypto description entries). At boot time, a crypto_archive directory was automatically created on the flash file system (if it did not exist previously). A maximum of two crypto archive files are allowed to exist in this directory."
402127,402127: CRYPTO: The (?<platform>\S+) is skipping the writing of latest Crypto Archive File as the maximum \# of files \( (?<max_number>\S+) \) allowed have been written to <(?<archive_directory>\S+)>\. Please archive remove files from < (?<italic_text>.+) > if you want more Crypto Archive Files saved$,"A functional problem with the hardware crypto chip was detected (see messages 4402124 and 4402125). This message indicates a crypto archive file was not written, because the maximum number of crypto archive files already existed."
402131,402131: CRYPTO: (?<status>\S+) changing the (?<accel_instance>\S+) hardware accelerator's configuration bias from (?<old_config_bias>\S+) to (?<new_config_bias>\S+)\.$,The hardware accelerator configuration has been changed on the Secure Firewall ASA. Some Secure Firewall ASA platforms have multiple hardware accelerators. One syslog message is generated for each hardware accelerator change.
402140,402140: CRYPTO: (?<rsa>\S+) key generation error: modulus len (?<len>\S+)$,An error occurred during an RSA public key pair generation.
402143,402143: CRYPTO: (?<alg>\S+) (?<type>\S+) key (?<op>\S+) error$,An error occurred during an asymmetric key operation.
402145,402145: CRYPTO: Hash generation error: algorithm '(?<hash>\S+)'$,A hash generation error occurred.
402147,402147: CRYPTO: HMAC generation error: algorithm '(?<alg>\S+)'$,An HMAC generation error occurred.
402149,402149: CRYPTO: Weak (?<encryption_type>\S+) \((?<length>\S+)\) provided\. Operation disallowed\. Not FIPS 140\-2 compliant$,"The Secure Firewall ASA tried to use an RSA key that is less than 2048 bits or DH groups 1, 2, or 5."
402150,402150: CRYPTO: Deprecated hash algorithm used for RSA (?<operation>\S+) \((?<hash_alg>\S+)\)\. Operation disallowed\. Not FIPS 140\-2 compliant$,An unacceptable hashing algorithm has been used for digital certificate signing or verification for FIPS 140-2 certification.
403103,403103: PPP virtual (?<interface>\S+) max (?<connections>\d+) reached$,The module cannot accept additional PPTP connections.Connections are allocated as soon as they are available.
403104,403104: PPP virtual (?<interface>\S+) (?<interface_name>\S+) requires mschap for MPPE$,"The MPPE was configured, but MS-CHAP authentication was not."
403106,403106: PPP virtual (?<interface>\S+) (?<interface_name>\S+) requires RADIUS aaa server for MPPE$,"The MPPE was configured, but RADIUS authentication was not."
403107,403107: PPP virtual (?<interface>\S+) (?<interface_name>\S+) missing aaa server group info$,The AAA server configuration information cannot be found.
403108,403108: PPP virtual (?<interface>\S+) (?<interface_name>\S+) missing client ip address option$,The client IP address pool information is missing.
403500,403500: PPPoE \- Service name 'any' not received in (?<interface_name>\S+)\. AC:(?<ac_name>\S+)\.$,"The Secure Firewall ASA requested the PPPoE service any from the access controller at the Internet service provider. The response from the service provider includes other services, but does not include the service any . This is a discrepancy in the implementation of the protocol. The PADO packet is processed normally, and connection negotiations continue."
403501,403501: PPPoE \- Bad host\-unique in PADO \- packet dropped\. AC:(?<interface_name>\S+)\.$,"The Secure Firewall ASA sent an identifier called the host-unique value to the access controller. The access controller responded with a different host-unique value. The Secure Firewall ASA was unable to identify the corresponding connection request for this response. The packet was dropped, and connection negotiations were discontinued."
403502,403502: PPPoE \- Bad host\-unique in PADS \- packet dropped\. AC:(?<interface_name>\S+)\.$,"The Secure Firewall ASA sent an identifier called the host-unique value to the access controller. The access controller responded with a different host-unique value. The Secure Firewall ASA was unable to identify the corresponding connection request for this response. The packet was dropped, and connection negotiations were discontinued."
403503,403503: (?<header_string>\S+):PPP link down\[:(?<italic_text>.+)\]$,The PPP link has gone down. There are many reasons why this can happen. The first format will display a reason if PPP provides one.
403504,403504: (?<group_name>\S+):No 'vpdn group' for PPPoE has been created!$,"PPPoE requires a dial-out configuration before starting a PPPoE session. In general, the configuration should specify a dialing policy, the PPP authentication, the username, and a password. The following example configures the Secure Firewall ASA for PPPoE dialout. The my-username and my-password commands are used to authenticate the access concentrator, using PAP if necessary. For example:"
403505,403505: (?<pppoe>\S+):PPP \- Unable to set default route to (?<ip>(?:\[[^\]]+\]|(?:(?:25[0-5]|2[0-4]\d|1\d\d|[1-9]?\d)\.){3}(?:25[0-5]|2[0-4]\d|1\d\d|[1-9]?\d)|[0-9a-fA-F:.]+)) at (?<interface_name>\S+)\. (?<interface>\S+)$,"This message is usually followed by the message, default route already exists."
403506,403506: (?<pppoe>\S+): failed to assign PPP address (?<ip>(?:\[[^\]]+\]|(?:(?:25[0-5]|2[0-4]\d|1\d\d|[1-9]?\d)\.){3}(?:25[0-5]|2[0-4]\d|1\d\d|[1-9]?\d)|[0-9a-fA-F:.]+)) netmask (?<netmask>\S+) at (?<interface>\S+) (?<interface_name>\S+)$,"This message is followed by one of the followings messages: subnet is the same as interface, or on failover channel."
403507,403507: (?<pppoe>\S+):PPPoE client on (?<interface_2>\S+) (?<interface>\S+) failed to locate PPPoE vpdn group (?<group_name>\S+)$,"You can configure the PPPoE client on an interface to use a particular VPDN group by entering the pppoe client vpdn group group_name command. If a PPPoE VPDN group of the configured name was not located during system startup, this message is generated."
405001,405001: Received ARP (?:request|response) collision from (?<ip>(?:\[[^\]]+\]|(?:(?:25[0-5]|2[0-4]\d|1\d\d|[1-9]?\d)\.){3}(?:25[0-5]|2[0-4]\d|1\d\d|[1-9]?\d)|[0-9a-fA-F:.]+))/(?<mac_address>\S+) on (?<interface>\S+) (?<interface_name>\S+) with existing ARP entry (?<ip_2>(?:\[[^\]]+\]|(?:(?:25[0-5]|2[0-4]\d|1\d\d|[1-9]?\d)\.){3}(?:25[0-5]|2[0-4]\d|1\d\d|[1-9]?\d)|[0-9a-fA-F:.]+))/(?<mac_address_2>\S+)$,"The Secure Firewall ASA received an ARP packet, and the MAC address in the packet differs from the ARP cache entry."
405002,405002: Received mac mismatch packet from (?<ip>(?:\[[^\]]+\]|(?:(?:25[0-5]|2[0-4]\d|1\d\d|[1-9]?\d)\.){3}(?:25[0-5]|2[0-4]\d|1\d\d|[1-9]?\d)|[0-9a-fA-F:.]+))/\(\?:MAC_bytes|MAC_address\) for authenticated host$,This packet appears for one of the following conditions:
405103,405103: H225 message from (?<src_ip>(?:\[[^\]]+\]|(?:(?:25[0-5]|2[0-4]\d|1\d\d|[1-9]?\d)\.){3}(?:25[0-5]|2[0-4]\d|1\d\d|[1-9]?\d)|[0-9a-fA-F:.]+))/(?<src_port>\d+) to (?<dst_ip>(?:\[[^\]]+\]|(?:(?:25[0-5]|2[0-4]\d|1\d\d|[1-9]?\d)\.){3}(?:25[0-5]|2[0-4]\d|1\d\d|[1-9]?\d)|[0-9a-fA-F:.]+))/(?<dst_port>\d+) contains bad protocol discriminator (?<hex>\S+)$,"The Secure Firewall ASA is expecting the protocol discriminator, 0x08, but it received something other than 0x08. The endpoint may be sending a bad packet, or received a message segment other than the first segment. The packet is allowed through."
405104,405104: H225 message (?<string>\S+) received from (?<dst_ip>(?:\[[^\]]+\]|(?:(?:25[0-5]|2[0-4]\d|1\d\d|[1-9]?\d)\.){3}(?:25[0-5]|2[0-4]\d|1\d\d|[1-9]?\d)|[0-9a-fA-F:.]+))/(?<dst_port>\d+) to (?<src_ip>(?:\[[^\]]+\]|(?:(?:25[0-5]|2[0-4]\d|1\d\d|[1-9]?\d)\.){3}(?:25[0-5]|2[0-4]\d|1\d\d|[1-9]?\d)|[0-9a-fA-F:.]+))/(?<src_port>\d+) before SETUP$,"An H.225 message was received out of order, before the initial SETUP message, which is not allowed. The Secure Firewall ASA must receive an initial SETUP message for that H.225 call signalling channel before accepting any other H.225 messages."
405105,405105: H323 RAS message (?<admissionconfirm>\S+) received from (?<src_ip>(?:\[[^\]]+\]|(?:(?:25[0-5]|2[0-4]\d|1\d\d|[1-9]?\d)\.){3}(?:25[0-5]|2[0-4]\d|1\d\d|[1-9]?\d)|[0-9a-fA-F:.]+))/(?<src_port>\d+) to (?<dst_ip>(?:\[[^\]]+\]|(?:(?:25[0-5]|2[0-4]\d|1\d\d|[1-9]?\d)\.){3}(?:25[0-5]|2[0-4]\d|1\d\d|[1-9]?\d)|[0-9a-fA-F:.]+))/(?<dst_port>\d+) without an (?<admissionrequest>\S+)$,"A gatekeeper has sent an ACF, but the Secure Firewall ASA did not send an ARQ to the gatekeeper."
405106,405106: H323 (?<num>\S+) channel is not created from %I/%d to %I/%d %s$,The ASA tried to create a match condition on the H.323 media-type channel. See the match media-type command for more information.
405201,405201: ILS (?<ils_message_type>\S+) from (?<src_interface>\S+):(?<source_ip_address>\S+)/(?<port>\S+) to (?<dst_interface>\S+):(?<destination_ip_address>\S+)/(?<port_2>\S+) has wrong embedded address (?<embedded_ip_address>\S+)$,The embedded address in the ILS packet payload was not the same as the source IP address of the IP packet header.
405300,405300: Radius Accounting Request received from (?<from_addr>\S+) is not allowed$,The accounting request came from a host that was not configured in the policy map. The message is logged and processing stops.
405301,405301: Attribute (?<attribute_number>\S+) does not match for (?<user>\S+) (?<user_ip>\S+)$,"When the validate-attribute command was entered, the attribute values stored in the accounting request start received do not match those stored in the entry, if it exists."
406001,406001: FTP port command low port: (?<ip>(?:\[[^\]]+\]|(?:(?:25[0-5]|2[0-4]\d|1\d\d|[1-9]?\d)\.){3}(?:25[0-5]|2[0-4]\d|1\d\d|[1-9]?\d)|[0-9a-fA-F:.]+))/(?<port>\S+) to (?<ip_2>(?:\[[^\]]+\]|(?:(?:25[0-5]|2[0-4]\d|1\d\d|[1-9]?\d)\.){3}(?:25[0-5]|2[0-4]\d|1\d\d|[1-9]?\d)|[0-9a-fA-F:.]+)) on (?<interface>\S+) (?<interface_name>\S+)$,"A client entered an FTP port command and supplied a port less than 1024 (in the well-known port range usually devoted to server ports). This is indicative of an attempt to avert the site security policy. The Secure Firewall ASA drops the packet, terminates the connection, and logs the event."
406002,406002: FTP port command different address: (?<ip>(?:\[[^\]]+\]|(?:(?:25[0-5]|2[0-4]\d|1\d\d|[1-9]?\d)\.){3}(?:25[0-5]|2[0-4]\d|1\d\d|[1-9]?\d)|[0-9a-fA-F:.]+))\((?<ip_2>(?:\[[^\]]+\]|(?:(?:25[0-5]|2[0-4]\d|1\d\d|[1-9]?\d)\.){3}(?:25[0-5]|2[0-4]\d|1\d\d|[1-9]?\d)|[0-9a-fA-F:.]+))\) to (?<ip_3>(?:\[[^\]]+\]|(?:(?:25[0-5]|2[0-4]\d|1\d\d|[1-9]?\d)\.){3}(?:25[0-5]|2[0-4]\d|1\d\d|[1-9]?\d)|[0-9a-fA-F:.]+)) on (?<interface>\S+) (?<interface_name>\S+)$,"A client entered an FTP port command and supplied an address other than the address used in the connection. An attempt to avert the site security policy occurred. For example, an attacker might attempt to hijack an FTP session by changing the packet on the way, and putting different source information instead of the correct source information. The Secure Firewall ASA drops the packet, terminates the connection, and logs the event. The address in parentheses is the address from the port command."
407002,407002: Embryonic limit for through (?<connections>\d+) exceeded (?<nconns>\S+)/(?<elimit>\S+)\. (?<dst_ip>(?:\[[^\]]+\]|(?:(?:25[0-5]|2[0-4]\d|1\d\d|[1-9]?\d)\.){3}(?:25[0-5]|2[0-4]\d|1\d\d|[1-9]?\d)|[0-9a-fA-F:.]+))/(?<dst_port>\d+) to (?<global_ip>(?:\[[^\]]+\]|(?:(?:25[0-5]|2[0-4]\d|1\d\d|[1-9]?\d)\.){3}(?:25[0-5]|2[0-4]\d|1\d\d|[1-9]?\d)|[0-9a-fA-F:.]+))\((?<src_ip>(?:\[[^\]]+\]|(?:(?:25[0-5]|2[0-4]\d|1\d\d|[1-9]?\d)\.){3}(?:25[0-5]|2[0-4]\d|1\d\d|[1-9]?\d)|[0-9a-fA-F:.]+))\)/(?<src_port>\d+) on (?<interface>\S+) (?<interface_name>\S+)$,"The number of connections from a specified foreign address over a specified global address to the specified local address exceeded the maximum embryonic limit for that static. The Secure Firewall ASA tries to accept the connection if it can allocate memory for that connection. It proxies on behalf of the local host and sends a SYN_ACK packet to the foreign host. The Secure Firewall ASA retains pertinent state information, drops the packet, and waits for the acknowledgment from the client. The message might indicate legitimate traffic or that a DoS attack is in progress."
408101,408101: KEYMAN : Type (?<encrption_type>\S+) encryption unknown\. Interpreting keystring as literal\.$,"The format type was not recognized by the system. A keystring format type value of 0 (unencrypted keystring) or 7 (hidden keystring), followed by a space, can precede the actual keystring to indicate its format. An unknown type value will be accepted, but the system will consider the keystring as being unencrypted."
408102,408102: KEYMAN : Bad encrypted keystring for key id (?<key_id>\S+)\.$,The system could not successfully decrypt an encrypted keystring. The keystring may have been corrupted during system configuration.
409014,409014: No valid authentication (?<send>\S+) key is available on (?<interface>\S+) (?<nameif>\S+)\.$,The authentication key configured on the interface is not valid.
409015,409015: Key ID (?<key_id>\S+) (?<received>\S+) on (?<interface>\S+) (?<nameif>\S+)\.$,The ID is not found in the configured key chain.
409016,409016: Key chain name (?<key_chain_name>\S+) on (?<nameif>\S+) is invalid\.$,The key-chain name configured under OSPF interface does not match global key chain configuration.
409017,409017: Key ID (?<key_id>\S+) in key chain (?<key_chain_name>\S+) is invalid\.$,The Key ID configured in the key chain is out of range for OSPF. This may happen because the key chain allows Key ID values of the range which is not acceptable for OSPF.
409023,409023: Attempting AAA Fallback method (?<method_name>\S+) for (?<request_type>\S+) request for (?<user_2>\S+) (?<user>\S+) : Auth\-server group (?<auth_server>\S+) unreachable$,An authentication or authorization attempt to an external server has failed and will be performed using the local user database.
410001,410001: Dropped UDP DNS (?<request>\S+) from (?<source_interface>\S+):(?<src_ip>(?:\[[^\]]+\]|(?:(?:25[0-5]|2[0-4]\d|1\d\d|[1-9]?\d)\.){3}(?:25[0-5]|2[0-4]\d|1\d\d|[1-9]?\d)|[0-9a-fA-F:.]+))/(?<src_port>\d+) to (?<dst_interface>\S+):(?<dst_ip>(?:\[[^\]]+\]|(?:(?:25[0-5]|2[0-4]\d|1\d\d|[1-9]?\d)\.){3}(?:25[0-5]|2[0-4]\d|1\d\d|[1-9]?\d)|[0-9a-fA-F:.]+))/(?<dst_port>\d+); label|domain-name length (?<number>\S+) bytes exceeds (?<remaining_packet_length>\S+) limit of (?<number_2>\S+) bytes$,"The label length exceeds bytes in a UDP DNS packet. See RFC 1035, section 2.3.4 for more information. ."
410002,410002: Dropped (?<num>\S+) DNS responses with mis\-matched id in the past (?<sec>\S+) second\(s\): from (?<src_interface>\S+):(?<src_ip>(?:\[[^\]]+\]|(?:(?:25[0-5]|2[0-4]\d|1\d\d|[1-9]?\d)\.){3}(?:25[0-5]|2[0-4]\d|1\d\d|[1-9]?\d)|[0-9a-fA-F:.]+))/(?<src_port>\d+) to (?<dst_interface>\S+):(?<dst_ip>(?:\[[^\]]+\]|(?:(?:25[0-5]|2[0-4]\d|1\d\d|[1-9]?\d)\.){3}(?:25[0-5]|2[0-4]\d|1\d\d|[1-9]?\d)|[0-9a-fA-F:.]+))/(?<dst_port>\d+)$,The ASA detects an excess number of DNS responses with a mismatched DNS identifier. A high rate of mismatched DNS identifiers might indicate an attack on the cache. The threshold is set by the id-mismatch DNS policy-map parameter submode command.
410003,410003: (?<action_class>\S+) DNS (?<action>\S+) from (?<query_response>\S+):(?<src_interface>\S+)/(?<src_ip>(?:\[[^\]]+\]|(?:(?:25[0-5]|2[0-4]\d|1\d\d|[1-9]?\d)\.){3}(?:25[0-5]|2[0-4]\d|1\d\d|[1-9]?\d)|[0-9a-fA-F:.]+)) to (?<src_port>\d+):(?<dst_interface>\S+)/(?<dst_ip>(?:\[[^\]]+\]|(?:(?:25[0-5]|2[0-4]\d|1\d\d|[1-9]?\d)\.){3}(?:25[0-5]|2[0-4]\d|1\d\d|[1-9]?\d)|[0-9a-fA-F:.]+)); (?<dst_port>\d+)$,"A DNS classification was performed on a DNS message and the specified criteria were satisfied. As a result, the configured action occurs."
410004,410004: (?<action_class>\S+) DNS (?<action>\S+) from (?<query_response>\S+):(?<src_interface>\S+)/(?<src_ip>(?:\[[^\]]+\]|(?:(?:25[0-5]|2[0-4]\d|1\d\d|[1-9]?\d)\.){3}(?:25[0-5]|2[0-4]\d|1\d\d|[1-9]?\d)|[0-9a-fA-F:.]+)) to (?<src_port>\d+):(?<dst_interface>\S+)/(?<dst_ip>(?:\[[^\]]+\]|(?:(?:25[0-5]|2[0-4]\d|1\d\d|[1-9]?\d)\.){3}(?:25[0-5]|2[0-4]\d|1\d\d|[1-9]?\d)|[0-9a-fA-F:.]+)); (?<dst_port>\d+)$,A DNS classification was performed on a DNS message and the specified criteria were satisfied.
411005,411005: Interface (?<variable_1>\S+) experienced a hardware transmit hang\. A software reset has been performed\.$,The interface experienced a hardware transmit freeze that required a reset of the Ethernet controller to restore the interface to full operation.
412001,412001: MAC (?<mac_address>\S+) moved from (?<interface_1>\S+) to (?<interface_2>\S+)$,"A host move was detected from one module interface to another. In a transparent Secure Firewall ASA, mapping between the host (MAC) and Secure Firewall ASA port is maintained in a Layer 2 forwarding table. The table dynamically binds packet source MAC addresses to an Secure Firewall ASA port. In this process, whenever movement of a host from one interface to another interface is detected, this message is generated."
412002,412002: Detected bridge table full while inserting MAC (?<mac_address>\S+) on (?<interface_2>\S+) (?<interface>\S+)\. Number of entries = (?<num>\S+)$,"The bridge table was full and an attempt was made to add one more entry. The Secure Firewall ASA maintains a separate Layer 2 forwarding table per context and the message is generated whenever a context exceeds its size limit. The MAC address will be added, but it will replace the oldest existing dynamic entry (if available) in the table. This might be an attempted attack."
413001,413001: Module (?<module_id>\S+) is not able to shut down\. Module Error: (?<errnum>\S+) (?<message>\S+)$,"The module identified by module_id was not able to comply with a request from the Secure Firewall ASA system module to shut down. It may be performing a task that cannot be interrupted, such as a software upgrade. The errnum and message text describes the reason why the module cannot shut down, and the recommended corrective action."
413002,413002: Module (?<module_id>\S+) is not able to reload\. Module Error: (?<errnum>\S+) (?<message>\S+)$,"The module identified by module_id was not able to comply with a request from the Secure Firewall ASA module to reload. It may be performing a task that cannot be interrupted, such as a software upgrade. The errnum and message text describes the reason why the module cannot reload, and the recommended corrective action."
413003,413003: Module (?<string_one>\S+) is not a recognized type\.$,A module was detected that is not recognized as a valid module type.
413007,413007: An unsupported configuration is detected\. The combination of an (?<mpc_description>\S+) with (?<ips_description>\S+) is not supported\.$,An unsupported Secure Firewall ASA and IPS configuration has been detected during IPS SSP setup for slot 1. The Secure Firewall ASA should continue to function normally with an unsupported configuration.
413009,413009: (?<internal_interface>\S+) =(?<italic_text>.+)$,"The firewall checks the current value of an internal interface or a data ring every one minute. When the current value of the ring falls below 10, this message is generated."
414001,414001: Failed to save logging buffer to FTP server (?<filename>\S+) using filename (?<ftp_server_address>\S+) on (?<interface>\S+) (?<interface_name>\S+): (?<fail_reason>\S+)$,The logging module failed to save the logging buffer to an external FTP server.
414002,414002: Failed to save logging buffer to (?<flash____ph_0>\S+) directory using filename (?<filename>\S+): (?<fail_reason>\S+)$,The logging module failed to save the logging buffer to system flash.
414003,414003: TCP Syslog Server (?<interface>\S+):(?<ip_address>\S+)\/(?<port>\d+) not responding.*(?<action>permitted|denied),"The TCP syslog server for remote host logging was successful, is connected to the server, and new connections are permitted or denied based on the logging permit-hostdown policy. If the logging permit-hostdown policy is configured, a new connection is permitted. If not configured, a new connection is denied."
414004,414004: TCP Syslog Server (?<interface>\S+):(?<ip_address>\S+)\/(?<port>\d+) - Connection (?<action>restored),The TCP syslog setup involves 4 channels connecting to the server. This message is generated only when one of the TCP syslog server channels become unreachable and the server is restored. This message is the first to reach the syslog server after a successful connection. This message is generated only on TCP syslog server.
414006,414006: TCP (?<syslog>.+) server configured and logging queue is full\. New (?<connections>\d+) denied based on logging permit\-hostdown policy\.$,"The logging queue is close to reaching the configured limit, so there is a risk that syslog messages will be discarded."
414007,414007: TCP (?<syslog>.+) server connection restored\. New (?<connections>\d+) allowed\.$,The TCP syslog server for remote host logging was successfully connected and new connections are permitted.
414008,414008: New (?<connections>\d+) are now allowed due to change of logging permit\-hostdown policy\.$,"An administrator changed the logging permit-hostdown policy by entering the logging permit-hostdown command at a time when new connections are being denied. Due to this change of policy, new connections will be allowed."
414009,414009: TCP (?<syslog>.+) server connection removed\. New (?<connections>\d+) allowed\.$,The system successfully removed the TCP syslog server for remote host logging. New connections are permitted.
415011,415011: HTTP \- policy\-map (?<map_name>\S+):Protocol violation (?<connection_action>\S+) (?<int_type>\S+):(?<ip>(?:\[[^\]]+\]|(?:(?:25[0-5]|2[0-4]\d|1\d\d|[1-9]?\d)\.){3}(?:25[0-5]|2[0-4]\d|1\d\d|[1-9]?\d)|[0-9a-fA-F:.]+))/(?<port_num>\S+) to (?<int_type_2>\S+):(?<ip_2>(?:\[[^\]]+\]|(?:(?:25[0-5]|2[0-4]\d|1\d\d|[1-9]?\d)\.){3}(?:25[0-5]|2[0-4]\d|1\d\d|[1-9]?\d)|[0-9a-fA-F:.]+))/(?<port_num_2>\S+)$,The HTTP parser cannot detect a valid HTTP message in the first few bytes of an HTTP message.
415013,415013: HTTP \- policy\-map (?<map_name>\S+):Malformed chunked encoding (?<connection_action>\S+) (?<int_type>\S+):(?<ip>(?:\[[^\]]+\]|(?:(?:25[0-5]|2[0-4]\d|1\d\d|[1-9]?\d)\.){3}(?:25[0-5]|2[0-4]\d|1\d\d|[1-9]?\d)|[0-9a-fA-F:.]+))/(?<port_num>\S+) to (?<int_type_2>\S+):(?<ip_2>(?:\[[^\]]+\]|(?:(?:25[0-5]|2[0-4]\d|1\d\d|[1-9]?\d)\.){3}(?:25[0-5]|2[0-4]\d|1\d\d|[1-9]?\d)|[0-9a-fA-F:.]+))/(?<port_num_2>\S+)$,"A chunked encoding was malformed, and the HTTP message cannot be parsed. In addition, logging for the protocol-violation command was configured."
415016,415016: policy\-map (?<map_name>\S+):Maximum number of unanswered HTTP requests exceeded (?<connection_action>\S+) (?<int_type>\S+):(?<ip>(?:\[[^\]]+\]|(?:(?:25[0-5]|2[0-4]\d|1\d\d|[1-9]?\d)\.){3}(?:25[0-5]|2[0-4]\d|1\d\d|[1-9]?\d)|[0-9a-fA-F:.]+))/(?<port_num>\S+) to (?<int_type_2>\S+):(?<ip_2>(?:\[[^\]]+\]|(?:(?:25[0-5]|2[0-4]\d|1\d\d|[1-9]?\d)\.){3}(?:25[0-5]|2[0-4]\d|1\d\d|[1-9]?\d)|[0-9a-fA-F:.]+))/(?<port_num_2>\S+)$,The number of unanswered HTTP requests exceeded the internal number of requests allowed.
416001,416001: Dropped UDP SNMP packet from (?<source_interface>\S+):(?<source_ip>\S+)/(?<src_port>\d+) to (?<dst_interface>\S+):(?<dst_ip>(?:\[[^\]]+\]|(?:(?:25[0-5]|2[0-4]\d|1\d\d|[1-9]?\d)\.){3}(?:25[0-5]|2[0-4]\d|1\d\d|[1-9]?\d)|[0-9a-fA-F:.]+))/(?<dst_port>\d+); (?<prot_version>\S+)$,"An SNMP packet was denied passage through the ASA because of a bad packet format or because the prot_version is not allowed through the ASA. The prot_version parameter can be one of the following values: 1, 2, 2c, or 3."
417001,417001: Unexpected event received: (?<number>\S+)$,"A process received a signal, but no handler was found for the event."
417004,417004: Filter violation error: conn (?<number>\S+) \((?<string>\S+):(?<string_2>\S+)\) in (?<string_3>\S+)$,A client tried to modify a route attribute that the client does not own.
417006,417006: No memory for (?<string>\S+) in (?<string_2>\S+) \(warning\)$,"An operation failed because of low memory, but will be handled with another mechanism."
418001,418001: Through\-the\-device packet to/from management\-only network is denied: (?<protocol_string>\S+)$,A packet from the specified source to the destination was dropped because it is traversing the Secure Firewall ASA to and from the management-only network.
418018,418018: neighbor (?<ip_address>\S+)(?<vrf_identifie>\S+)(?<topology_identifier>\S+)(?<address_family>\S+)(?<state_change>\S+) OR$,The different states of BGP peering and notification of changes on the topology DB as a result of the peering state transitions.
418019,418019: received from (?<ip_address>\S+) (?<error_code>\S+)/(?<error_subcode>\S+)\((?<error_text>\S+)\) (?<data_bytes>\S+)bytes (?<hex_data>\S+)$,
418040,418040: Unsupported or malformed message: (?<ip_address>\S+)$,"Indication of unsupported or mal-formed messages received during the BGP handshake, not necessarily only related to Graceful restart specifically."
418044,418044: Connection closed remotely by (?<ip_address>\S+)$,Indication of hold time for a BGP neighbor has expired.
419002,419002:.*uplicate TCP SYN (?:from )(?<src_interface>.*?):(?<src_ip>[0-9\.]+)\/(?<src_port>\d+) to (?<dest_interface>.*?):(?<dest_ip>[0-9\.]+)\/(?<dest_port>\d+) with different initial sequence number,A duplicate TCP SYN was received during the three-way-handshake that has a different initial sequence number from the SYN that opened the embryonic connection. This may indicate that SYNs are being spoofed. This message occurs in Release 7.0.4.1 and later.
419004,419004: TCP connection (?<id>\S+) from (?<src_interface>\S+):(?<src_ip>(?:\[[^\]]+\]|(?:(?:25[0-5]|2[0-4]\d|1\d\d|[1-9]?\d)\.){3}(?:25[0-5]|2[0-4]\d|1\d\d|[1-9]?\d)|[0-9a-fA-F:.]+))/(?<src_port>\d+) \((?<src_ip_2>(?:\[[^\]]+\]|(?:(?:25[0-5]|2[0-4]\d|1\d\d|[1-9]?\d)\.){3}(?:25[0-5]|2[0-4]\d|1\d\d|[1-9]?\d)|[0-9a-fA-F:.]+))/(?<src_port_2>\d+)\) to (?<dst_ifc>\S+):(?<dst_ip>(?:\[[^\]]+\]|(?:(?:25[0-5]|2[0-4]\d|1\d\d|[1-9]?\d)\.){3}(?:25[0-5]|2[0-4]\d|1\d\d|[1-9]?\d)|[0-9a-fA-F:.]+))/(?<dst_port>\d+) \((?<dst_ip_2>(?:\[[^\]]+\]|(?:(?:25[0-5]|2[0-4]\d|1\d\d|[1-9]?\d)\.){3}(?:25[0-5]|2[0-4]\d|1\d\d|[1-9]?\d)|[0-9a-fA-F:.]+))/(?<dst_port_2>\d+)\) is probed by DCD$,A TCP connection was probed by Dead Connection Detection (DCD) to determine if connection was still valid.
420002,420002: IPS requested to drop (?<icmp>\S+) packet from (?<ifc_in>\S+):(?<sip>\S+)/(?<port>\S+) to (?<ifc_out>\S+):(?<dip>\S+)/(?<port_2>\S+)$,IPS requested that the packet be dropped.
420003,420003: IPS requested to reset TCP connection from (?<ifc_in>\S+):(?<sip>\S+)/(?<sport>\S+) to (?<ifc_out>\S+):(?<dip>\S+)/(?<dport>\S+)$,IPS requested a reset of a TCP connection.
420004,420004: Virtual Sensor (?<sensor_name>\S+) was added on the AIP SSM$,A virtual sensor was added on the AIP SSM card.
420005,420005: Virtual Sensor (?<sensor_name>\S+) was deleted from the AIP SSM$,A virtual sensor was deleted from the AIP SSM card.
420007,420007: (?<ph_0___string>\S+) cannot be enabled for the Module in slot (?<slot_id>\S+)\. The module's current software version does not support this feature\. Please upgrade the software on the module in slot (?<slot_id_2>\S+) to support this feature\.$,This message is generated by any new feature in the ASA that needs a corresponding software version in the SSM or SSC hardware module. The message is sent each time that the ASA module manager detects state changes in the SSM or SSC hardware module.
421002,421002: TCP\|UDP flow from (?<interface_name>\S+) :(?<ip>(?:\[[^\]]+\]|(?:(?:25[0-5]|2[0-4]\d|1\d\d|[1-9]?\d)\.){3}(?:25[0-5]|2[0-4]\d|1\d\d|[1-9]?\d)|[0-9a-fA-F:.]+)) /(?<port>\S+) to (?<interface_name_2>\S+) :(?<ip_2>(?:\[[^\]]+\]|(?:(?:25[0-5]|2[0-4]\d|1\d\d|[1-9]?\d)\.){3}(?:25[0-5]|2[0-4]\d|1\d\d|[1-9]?\d)|[0-9a-fA-F:.]+)) /(?<port_2>\S+) bypassed (?<application>\S+) checking because the protocol is not supported\.$,"The connection bypassed service module security checking because the protocol that it is using cannot be scanned by the service module. For example, the CSC SSM is not capable of scanning Telnet traffic. If the user configures Telnet traffic to be scanned, the traffic will bypass the scanning service. By default, this message is rate limited to 1 message every 10 seconds."
421004,421004: Failed to inject (?:TCP|UDP) packet from (?<ip>(?:\[[^\]]+\]|(?:(?:25[0-5]|2[0-4]\d|1\d\d|[1-9]?\d)\.){3}(?:25[0-5]|2[0-4]\d|1\d\d|[1-9]?\d)|[0-9a-fA-F:.]+))/(?<port>\S+) to (?<ip_2>(?:\[[^\]]+\]|(?:(?:25[0-5]|2[0-4]\d|1\d\d|[1-9]?\d)\.){3}(?:25[0-5]|2[0-4]\d|1\d\d|[1-9]?\d)|[0-9a-fA-F:.]+))/(?<port_2>\S+)$,The ASA has failed to inject a packet as instructed by the service module. This may happen if the ASA tries to inject a packet into a flow that has already been released or when the ASA maintains its connection table independently from the service module. Normally it will not cause any problem.
421005,421005: (?<interface_name>\S+):(?<ip>(?:\[[^\]]+\]|(?:(?:25[0-5]|2[0-4]\d|1\d\d|[1-9]?\d)\.){3}(?:25[0-5]|2[0-4]\d|1\d\d|[1-9]?\d)|[0-9a-fA-F:.]+)) is counted as a (?<user>\S+) for (?<application>\S+)$,A host has been counted toward the license limit. The specified host was counted as a user of application. The total number of users in 24 hours is calculated at midnight for license validation.
421006,421006: There are (?<number>\S+) users of (?<application>\S+) accounted during the past 24 hours$,The total number of users who have used an application for the past 24 hours have been identified. This message is generated every 24 hours to give the total number of hosts that have used services provided by the service module.
421007,421007: TCP\|UDP flow from (?<interface_name>\S+) :(?<ip>(?:\[[^\]]+\]|(?:(?:25[0-5]|2[0-4]\d|1\d\d|[1-9]?\d)\.){3}(?:25[0-5]|2[0-4]\d|1\d\d|[1-9]?\d)|[0-9a-fA-F:.]+)) /(?<port>\S+) to (?<interface_name_2>\S+) :(?<ip_2>(?:\[[^\]]+\]|(?:(?:25[0-5]|2[0-4]\d|1\d\d|[1-9]?\d)\.){3}(?:25[0-5]|2[0-4]\d|1\d\d|[1-9]?\d)|[0-9a-fA-F:.]+)) /(?<port_2>\S+) is skipped because (?<application>\S+) has failed\.$,"A flow was skipped because the service module application has failed. By default, this message is rate limited to 1 message every 10 seconds."
422004,422004: IP SLA Monitor (?<number0>\S+): Duplicate event received\. Event number (?<number1>\S+)$,"The IP SLA monitor process has received a duplicate event. Currently, this message applies to destroy events. Only one destroy request will be applied. This is only a warning message."
422006,422006: IP SLA Monitor Probe (?<number>\S+): (?<string>\S+)$,The IP SLA monitor probe cannot be scheduled. Either the configured starting time has already occurred or the starting time is invalid.
423001,423001: (?:Allowed|Dropped) invalid NBNS (?<pkt_type_name>\S+) with (?<error_reason_str>\S+) from (?<ifc_name>\S+):(?<ip>(?:\[[^\]]+\]|(?:(?:25[0-5]|2[0-4]\d|1\d\d|[1-9]?\d)\.){3}(?:25[0-5]|2[0-4]\d|1\d\d|[1-9]?\d)|[0-9a-fA-F:.]+))/(?<port>\S+) to (?<ifc_name_2>\S+):(?<ip_2>(?:\[[^\]]+\]|(?:(?:25[0-5]|2[0-4]\d|1\d\d|[1-9]?\d)\.){3}(?:25[0-5]|2[0-4]\d|1\d\d|[1-9]?\d)|[0-9a-fA-F:.]+))/(?<port_2>\S+)\.$,The NBNS packet format is incorrect.
423002,423002: (?:Allowed|Dropped) mismatched NBNS (?<pkt_type_name>\S+) with (?<error_reason_str>\S+) from (?<ifc_name>\S+):(?<ip>(?:\[[^\]]+\]|(?:(?:25[0-5]|2[0-4]\d|1\d\d|[1-9]?\d)\.){3}(?:25[0-5]|2[0-4]\d|1\d\d|[1-9]?\d)|[0-9a-fA-F:.]+))/(?<port>\S+) to (?<ifc_name_2>\S+):(?<ip_2>(?:\[[^\]]+\]|(?:(?:25[0-5]|2[0-4]\d|1\d\d|[1-9]?\d)\.){3}(?:25[0-5]|2[0-4]\d|1\d\d|[1-9]?\d)|[0-9a-fA-F:.]+))/(?<port_2>\S+)$,An NBNS ID mismatch occurred.
423003,423003: (?:Allowed|Dropped) invalid NBDGM (?<pkt_type_name>\S+) with (?<error_reason_str>\S+) from (?<ifc_name>\S+):(?<ip>(?:\[[^\]]+\]|(?:(?:25[0-5]|2[0-4]\d|1\d\d|[1-9]?\d)\.){3}(?:25[0-5]|2[0-4]\d|1\d\d|[1-9]?\d)|[0-9a-fA-F:.]+))/(?<port>\S+) to (?<ifc_name_2>\S+):(?<ip_2>(?:\[[^\]]+\]|(?:(?:25[0-5]|2[0-4]\d|1\d\d|[1-9]?\d)\.){3}(?:25[0-5]|2[0-4]\d|1\d\d|[1-9]?\d)|[0-9a-fA-F:.]+))/(?<port_2>\S+)\.$,The NBDGM packet format is incorrect.
423004,423004: (?:Allowed|Dropped) mismatched NBDGM (?<pkt_type_name>\S+) with (?<error_reason_str>\S+) from (?<ifc_name>\S+):(?<ip>(?:\[[^\]]+\]|(?:(?:25[0-5]|2[0-4]\d|1\d\d|[1-9]?\d)\.){3}(?:25[0-5]|2[0-4]\d|1\d\d|[1-9]?\d)|[0-9a-fA-F:.]+))/(?<port>\S+) to (?<ifc_name_2>\S+):(?<ip_2>(?:\[[^\]]+\]|(?:(?:25[0-5]|2[0-4]\d|1\d\d|[1-9]?\d)\.){3}(?:25[0-5]|2[0-4]\d|1\d\d|[1-9]?\d)|[0-9a-fA-F:.]+))/(?<port_2>\S+)$,An NBDGM ID mismatch occurred.
423005,423005: (?:Allowed|Dropped) NBDGM (?<pkt_type_name>\S+) fragment with (?<error_reason_str>\S+) from (?<ifc_name>\S+):(?<ip>(?:\[[^\]]+\]|(?:(?:25[0-5]|2[0-4]\d|1\d\d|[1-9]?\d)\.){3}(?:25[0-5]|2[0-4]\d|1\d\d|[1-9]?\d)|[0-9a-fA-F:.]+))/(?<port>\S+) to (?<ifc_name_2>\S+):(?<ip_2>(?:\[[^\]]+\]|(?:(?:25[0-5]|2[0-4]\d|1\d\d|[1-9]?\d)\.){3}(?:25[0-5]|2[0-4]\d|1\d\d|[1-9]?\d)|[0-9a-fA-F:.]+))/(?<port_2>\S+)\.$,The NBDGM fragment format is incorrect.
424001,424001: Packet denied: (?<protocol_string>\S+)\. (?<intf_in>\S+) (?<interface>\S+) is in a backup state$,"A packet was dropped because it was traversing the Secure Firewall ASA to or from a redundant interface. Interface functionality is limited on low-end platforms. The interface specified by the backup interface command can only be a backup for the primary interface configured. If the default route to the primary interface is up, any traffic through the Secure Firewall ASA from the backup interface will be denied. Conversely, if the default route to the primary interface is down, traffic through the Secure Firewall ASA from the primary interface will be denied."
424002,424002: Connection to the backup (?<interface>\S+) is denied: (?<protocol_string>\S+)$,"A connection was dropped because it is in a backup state. Interface functionality is limited on low-end platforms. The backup interface can only be a backup for the primary interface specified by the backup interface command. If the default route to the primary interface is up, any connection to the Secure Firewall ASA through the backup interface will be denied. Conversely, if the default route to the primary interface is down, connections to the Secure Firewall ASA through the primary interface will be denied."
425001,425001: Redundant (?<interface>\S+) (?<redundant_interface_name>\S+) created\.$,The specified redundant interface was created in the configuration.
425002,425002: Redundant (?<interface>\S+) (?<redundant_interface_name>\S+) removed\.$,The specified redundant interface was removed from the configuration.
425003,425003: Interface (?<interface_name>\S+) added into redundant (?<interface>\S+) (?<redundant_interface_name>\S+)$,The specified physical interface was added to the specified redundant interface as a member interface.
425004,425004: Interface (?<interface_name>\S+) removed from redundant (?<interface>\S+) (?<redundant_interface_name>\S+)$,The specified redundant interface was removed from the specified redundant interface.
425005,425005: Interface (?<interface_name>\S+) become active in redundant (?<interface>\S+) (?<redundant_interface_name>\S+)$,"Within a redundant interface, one member interface is the active member. Traffic only passes through the active member interface. The specified physical interface became the active member of the specified redundant interface. Member interface switchover occurs when one of the following is true:"
425006,425006: Redundant (?<interface>\S+) (?<redundant_interface_name>\S+) switch active member to (?<interface_name>\S+) failed$,An error occurred when member interface switchover was attempted.
426001,426001: PORT\-CHANNEL:Interface (?<ifc_name>\S+) bundled into (?<etherchannel>\S+) (?<interface>\S+) (?<num>\S+)$,The interface port-channel num or the channel-group num mode mode command has been used on a nonexistent port channel.
426002,426002: PORT\-CHANNEL:Interface (?<ifc_name>\S+) unbundled from (?<etherchannel>\S+) (?<interface>\S+) (?<num>\S+)$,The no interface port-channel num command has been used.
426003,426003: PORT\-CHANNEL:Interface (?<ifc_name1>\S+) has become standby in (?<etherchannel>\S+) (?<interface>\S+) (?<num>\S+)$,The channel-group num mode mode command has been used.
426101,426101: PORT\-CHANNEL:Interface (?<ifc_name>\S+) is allowed to bundle into (?<etherchannel>\S+) (?<interface>\S+) (?<port___ph_1>\S+) by CLACP\.$,A port has been bundled in a span-cluster channel group.
426102,426102: PORT\-CHANNEL:Interface (?<ifc_name>\S+) is moved to standby in (?<etherchannel>\S+) (?<interface>\S+) (?<port___ph_1>\S+) by CLACP\.$,A port has been moved to hot-standby state in a span-cluster channel group.
426103,426103: PORT\-CHANNEL:Interface (?<ifc_name>\S+) is selected to move from standby to bundle in (?<etherchannel>\S+) (?<interface>\S+) (?<port___ph_1>\S+) by CLACP\.$,A standby port has been selected to move to bundled state in a span-cluster channel group.
426104,426104: PORT\-CHANNEL:Interface (?<ifc_name>\S+) is unselected in (?<etherchannel>\S+) (?<interface>\S+) (?<port___ph_1>\S+) by CLACP\.$,A bundled port has been unbundled in a span-cluster channel group to obtain space for other ports to be bundled.
429002,429002: CX requested to drop (?<protocol>\S+) packet from (?<interface_name>\S+):(?<ip>(?:\[[^\]]+\]|(?:(?:25[0-5]|2[0-4]\d|1\d\d|[1-9]?\d)\.){3}(?:25[0-5]|2[0-4]\d|1\d\d|[1-9]?\d)|[0-9a-fA-F:.]+))/(?<port>\S+) to (?<interface_name_2>\S+):(?<ip_2>(?:\[[^\]]+\]|(?:(?:25[0-5]|2[0-4]\d|1\d\d|[1-9]?\d)\.){3}(?:25[0-5]|2[0-4]\d|1\d\d|[1-9]?\d)|[0-9a-fA-F:.]+))/(?<port_2>\S+)$,The CXSC SSP requested that the ASA drop a packet of a connection.
429003,429003: CX requested to reset TCP connection from (?<interface_name>\S+):(?<ip_addr>\S+)/(?<port>\S+) to (?<interface_name_2>\S+):(?<ip_addr_2>\S+)/(?<port_2>\S+)$,The CXSC SSP requested that the ASA reset a TCP connection.
429004,429004: Unable to set up (?<rule_name>\S+) authentication\-proxy rule for the cxsc action on (?<interface>\S+) (?<interface_name>\S+) for (?<policy_type>\S+) service\-policy\.$,"The ASA could not set up to-the-box rules for authentication proxy with the CXSC action because of some internal errors, such as insufficient memory."
429005,429005: Set up (?<protocol_type>\S+) authentication\-proxy rule for the cxsc action on (?<interface>\S+) (?<interface_name>\S+) for traffic destined to (?<ip>(?:\[[^\]]+\]|(?:(?:25[0-5]|2[0-4]\d|1\d\d|[1-9]?\d)\.){3}(?:25[0-5]|2[0-4]\d|1\d\d|[1-9]?\d)|[0-9a-fA-F:.]+))/(?<port>\S+) for (?<policy_type>\S+) service\-policy$,The ASA successfully set up to-the-box rules for authentication proxy with the CXSC action.
429006,429006: Cleaned up authentication\-proxy rule for the cxsc action on (?<interface>\S+) (?<interface_name>\S+) for traffic destined to (?<ip>(?:\[[^\]]+\]|(?:(?:25[0-5]|2[0-4]\d|1\d\d|[1-9]?\d)\.){3}(?:25[0-5]|2[0-4]\d|1\d\d|[1-9]?\d)|[0-9a-fA-F:.]+)) for (?<policy_type>\S+) service\-policy$,The ASA successfully cleaned up to-the-box rules for authentication proxy with the CXSC action.
429007,429007: CXSC redirect will override Scansafe redirect for flow from (?<interface_name>\S+):(?<ip>(?:\[[^\]]+\]|(?:(?:25[0-5]|2[0-4]\d|1\d\d|[1-9]?\d)\.){3}(?:25[0-5]|2[0-4]\d|1\d\d|[1-9]?\d)|[0-9a-fA-F:.]+))/(?<port>\S+) to (?<interface_name_2>\S+):(?<ip_2>(?:\[[^\]]+\]|(?:(?:25[0-5]|2[0-4]\d|1\d\d|[1-9]?\d)\.){3}(?:25[0-5]|2[0-4]\d|1\d\d|[1-9]?\d)|[0-9a-fA-F:.]+))/(?<port_2>\S+) \[\((?<user>\S+)\)\]$,A flow matches both CXSC and Scansafe redirects. The message indicates that the CXSC redirect overrides the Scansafe redirect for the displayed flow.
429008,429008: Unable to respond to VPN query from CX for session (?<g_0x_x>\S+) \. Reason (?<s>\S+)$,"The CX sent a VPN session query to the Secure Firewall ASA, but it did not respond either because of an invalid session ID or another reason. Valid reasons can be any of the following:"
434002,434002: SFR requested to drop (?<transport>\S+) packet from (?<src_interface>.*?):(?<src_ip>[0-9\.]+)\/(?<src_port>\d+) to (?<dest_interface>.*?):(?<dest_ip>[0-9\.]+)\/(?<dest_port>\d+),A packet has been denied by the module. Your connection is not successful for a certain flow has been redirected to the module.
434003,434003: SFR requested to reset TCP connection from (?<ingress_interface>\S+):(?<source_ip_address>\S+)/(?<src_port>\d+) to (?<egress>\S+):(?<interface>\S+)/(?<destination_ip_address>\S+)$,"A TCP flow has been reset by the ASA, as requested by the module. Your TCP connection is not successful for a certain flow because it was redirected to the module."
434004,434004: SFR requested \w+ to bypass further packet redirection and process flow from (?<src_interface>.*?):(?<src_ip>[0-9\.]+)\/(?<src_port>\d+) to (?<dest_interface>.*?):(?<dest_ip>[0-9\.]+)\/(?<dest_port>\d+) locally,SourceFire (SFR) has determined not to inspect more traffic of a flow and requests the Secure Firewall ASA to stop redirecting the flow of traffic to SFR.
434007,434007: SFR redirect will override Scansafe redirect for flow from (?<src_interface>\S+):(?<source_ip_address>\S+)/(?<src_port>\d+) to (?<dst_interface>\S+):(?<destination_ip_address>\S+)/(?<dst_port>\d+) \[\((?<user>\S+)\)\]$,A flow that was inspected by Scansafe is now inspected by SourceFire (SFR) only. Scansafe and SFR cannot inspect a flow simultaneously.
444004,444004: Timebased activation key (?<xxx>\S+) (?<xxx_2>\S+) (?<xxx_3>\S+) (?<xxx_4>\S+) (?<xxx_5>\S+) has expired\. Applying (?<permanent_license>\S+) activation key (?<xxx_6>\S+) (?<xxx_7>\S+) (?<xxx_8>\S+) (?<xxx_9>\S+) (?<xxx_10>\S+)\.$,The temporary license that was installed has expired. The features that the license provided are no longer available.
444005,444005: Timebased license key (?<xxx>\S+) (?<xxx_2>\S+) (?<xxx_3>\S+) (?<xxx_4>\S+) (?<xxx_5>\S+) will expire in (?<num>\S+) days\.$,"This message is generated every 24 hours, indicating that the temporary license will expire in the number of days specified. After that date, the features that the license provided will no longer be available."
444007,444007: Timebased activation key (?<xxx>\S+) (?<xxx_2>\S+) (?<xxx_3>\S+) (?<xxx_4>\S+) (?<xxx_5>\S+) has expired\.$,The time-based activation key has expired. The specified features that the license provided are no longer available.
444009,444009: (?<license_type>\S+) license has expired 30 days ago\. The system will now reload\.$,The specific license expired 30 days ago. The system will reload.
444101,444101: Shared license service is active\. License server address: (?<address>\S+)$,The shared license server has become active.
444103,444103: Shared (?<licensetype>\S+) license usage is over 90% capacity\.$,The shared license usage on the network is over 90 percent capacity.
444104,444104: Shared (?<licensetype>\S+) license availability: (?<value>\S+)\.$,The shared license availability on the network appeared.
444105,444105: Released (?<value>\S+) shared (?<licensetype>\S+) license\(s\)\. License server has been unreachable for 24 hours\.$,"The shared license server has been unreachable for 24 hours, and all shared licenses that have been acquired by the ASA have been released. The ASA failed to register with the license server."
444106,444106: Shared license backup server (?<address>\S+) is not available$,The shared license backup server is not reachable. License server information is not synchronized with the backup device.
444107,444107: Shared license service (?<status>\S+) on (?<interface>\S+) (?<ifname>\S+)\.$,The shared license service has been enabled or disabled on the specified interface.
444108,444108: Shared license (?<state>\S+) client id (?<id>\S+)\.$,The multi-site license client ID has registered or expired with the server.
444109,444109: Shared license backup server (?<role>\S*) change to (?<state>\S+)\.\.$,The shared backup license server role has changed.
444110,444110: Shared license server backup has (?<days>\S+) day\(s\) remaining as active license server\.$,"The shared backup license server is in an active role and remains active for a specified number of days. The ASA failed to register with the license server, and needs to register with the primary license server soon."
444111,444111: Shared license backup service has been terminated due to the primary license server (?<address>\S+) being unavailable for more than (?<days>\S+) days\. The License server needs to be brought back on\-line to continue using shared licensing\.$,The shared backup license server active time has expired. The primary server needs to go online in order for the shared license service to continue.
446001,446001: Maximum TLS Proxy session limit of (?<max_sess>\S+) reached$,A configured maximum session limit for TLS proxy was reached. New sessions beyond the limit were denied.
450002,450002: Teardown (?<string>\S+) connection (?<connection>\S+) for (?<interface>\S+):(?<address>\S+)/(?<port>\S+) to (?<interface_2>\S+):(?<address_2>\S+)/(?<port_2>\S+) duration (?<duration>\d+:\d+:\d+) bytes (?<bytes>\S+) reason (?<reason_string>.+)$,Drop due to vPath license failure.
500005,500005: Connection terminated for (?<protocol>\S+) from (?<in_ifc_name>\S+):(?<src_ip>(?:\[[^\]]+\]|(?:(?:25[0-5]|2[0-4]\d|1\d\d|[1-9]?\d)\.){3}(?:25[0-5]|2[0-4]\d|1\d\d|[1-9]?\d)|[0-9a-fA-F:.]+))/(?<src_port>\d+) to (?<out_ifc_name>\S+):(?<dst_ip>(?:\[[^\]]+\]|(?:(?:25[0-5]|2[0-4]\d|1\d\d|[1-9]?\d)\.){3}(?:25[0-5]|2[0-4]\d|1\d\d|[1-9]?\d)|[0-9a-fA-F:.]+))/(?<dst_port>\d+) due to invalid combination of inspections on same flow\. Inspect (?<inspect_name>\S+) is not compatible with filter (?<filter_name>\S+)$,A connection matched with single or multiple inspection and/or single or multiple filter features that are not allowed to be applied to the same connection.
500006,500006: For flow (?<inside>\S+):(?<ip_address>\S+)/(?<port>\S+) to (?<outside>\S+):(?<ip_address_2>\S+)/(?<port_2>\S+) :(?<existing_flow_message>\S+):(?<connection_id>\d+)$,"This message is generated when staleness in pinhole flows persist due to failure to clear timeout expiry, interface flap, and so on. The flow message with connection ID in the message helps in debugging the issue:"
503002,503002: Last valid authentication key for neighbor (?<nameif>\S+) expires$,None of the security associations have a lifetime that include the current system time.
503003,503003: Expired key ID sent | received used by neighbor (?<nameif>\S+)$,The Key ID configured on the interface expired.
503004,503004: No key ID (?<key_id>\S+) for neighbor (?<key_chain_name>\S+)$,"OSPF has been configured to use cryptographic authentication, however a key or password has not been configured."
503005,503005: No crypto algorithm for neighbor (?<key_id>\S+) key ID (?<key_chain_name>\S+)$,"OSPF has been configured to use cryptographic authentication, however an algorithm has not been configured."
504001,504001: Security context (?<context_name>\S+) was added to the system$,A security context was successfully added to the Secure Firewall ASA.
504002,504002: Security context (?<context_name>\S+) was removed from the system$,A security context was successfully removed from the Secure Firewall ASA.
505001,505001: Module (?<string_one>\S+) is shutting down\. Please wait\.\.\.$,A module is being shut down.
505002,505002: Module (?<ips>\S+) is reloading\. Please wait\.\.\.$,An IPS module is being reloaded.
505003,505003: Module (?<string_one>\S+) is resetting\. Please wait\.\.\.$,A module is being reset.
505004,505004: Module (?<string_one>\S+) shutdown is complete\.$,A module has been shut down.
505005,505005: Module (?<module_name>\S+) is initializing control communication\. Please wait\.\.\.$,"A module has been detected, and the Secure Firewall ASA is initializing control channel communication with it."
505006,505006: Module (?<string_one>\S+) is Up\.$,A module has completed control channel initialization and is in the UP state.
505007,505007: *(?<object_category>\S+) +(?<object_id>\S+) +(?:(?:in\s+slot\s+)?(?<slot_num>\d+)\s+)?is\s+(?<action>[^\.\s]+)
505007,505007: *(?<object_category>\S+) +(?<object_id>\S+) +(?:(?:in\s+slot\s+)?(?<slot_num>\d+)\s+)?is\s+(?<action>[^\.\s]+),
505008,505008: *Module +(?<object_id>\S+)\s+(?:(?:in\s+slot\s+)?(?<slot_num>\d+)\s+)?(?<object_category>\S+)\s+is\s+being\s+(?<action>\S+)\s+to\s+(?<new_app_version>\S+)\s*\(\s*currently\s+(?<old_app_version>[^\s\)]+)\s*\)
505008,505008: *Module +(?<object_id>\S+)\s+(?:(?:in\s+slot\s+)?(?<slot_num>\d+)\s+)?(?<object_category>\S+)\s+is\s+being\s+(?<action>\S+)\s+to\s+(?<new_app_version>\S+)\s*\(\s*currently\s+(?<old_app_version>[^\s\)]+)\s*\),
505009,505009: *Module +(?<object_id>\S+)\s+(?<object_category>\S+)\s+was\s+(?<vendor_action>\S+)\s+to\s+(?<new_app_version>.+?)[\s\.]*$
505009,505009: *Module +(?<object_id>\S+)\s+(?<object_category>\S+)\s+was\s+(?<vendor_action>\S+)\s+to\s+(?<new_app_version>.+?)[\s\.]*$,
505009,505009: Module in slot (?<string_one>\S+) software was updated to v(?<newver>\S+) \(previously v(?<prevver>\S+)\)$,The 4GE SSM module software was successfully upgraded.
505010,505010: *Module +(?<object_id>\S+)\s+slot\s+(?<slot_num>\S+)\s+(?<action>\w+)
505010,505010: *Module +(?<object_id>\S+)\s+slot\s+(?<slot_num>\S+)\s+(?<action>\w+),
505010,505010: Module in slot (?<slot>\S+) removed$,An SSM was removed from the Secure Firewall ASA chassis.
505011,505011: *Module +(?<object>[^,"\s]+)"""
505011,505011: Module (?<ips>\S+) data channel communication is UP\.$,The data channel communication recovered from a DOWN state.
506001,506001: (?<event_source_string>\S+) (?<event_string>\S+)$,The status of a file system has changed. The event and the source of the event that caused a file system to become available or unavailable appear. Examples of sources and events that can cause a file system status change are as follows:
507001,507001: Terminating TCP\-Proxy connection from (?<interface_inside>\S+):(?<src_ip>(?:\[[^\]]+\]|(?:(?:25[0-5]|2[0-4]\d|1\d\d|[1-9]?\d)\.){3}(?:25[0-5]|2[0-4]\d|1\d\d|[1-9]?\d)|[0-9a-fA-F:.]+))/(?<src_port>\d+) to (?<interface_outside>\S+):(?<dst_ip>(?:\[[^\]]+\]|(?:(?:25[0-5]|2[0-4]\d|1\d\d|[1-9]?\d)\.){3}(?:25[0-5]|2[0-4]\d|1\d\d|[1-9]?\d)|[0-9a-fA-F:.]+))/(?<dst_port>\d+) \- reassembly limit of (?<limit>\S+) bytes exceeded$,The assembly buffer limit was exceeded during TCP segment reassembly.
509001,509001: Connection attempt was prevented by \\\ command: (?<src_intf>\S+)$,The no forward interface command was entered to block traffic from the source interface to the destination interface given in the message. This command is required on low-end platforms to allow the creation of interfaces beyond the licensed limit.
520001,520001: (?<error_string>.+?)$,A malloc failure occurred in ID Manager. The errror string can be either of the following:
520003,520003: bad id in (?<error_string>.+?) \(id: 0x(?<id_num>\S+)X\)$,An ID Manager error occurred. The error string may be any of the following:
520004,520004: (?<error_string>.+?)$,An id_get was attempted at the interrupt level.
520005,520005: (?<error_string>.+?)$,An internal error occurred with the ID Manager.
520013,520013: Regular expression access check with bad list (?<acl_id>\S+)$,A pointer to an access list is invalid.
520025,520025: No memory for radix initialization: (?<err_msg>\S+)$,The system ran out of memory during initialization. This should only occur if an image is too large for the existing dynamic memory. The error message can be either of the following:Initializing leaf nodesMask housekeeping
602303,602303: IPSEC: An (?<direction>\S+) (?<tunnel_type>\S+) SA \(SPI= (?<spi>\S+)\) between (?<local_ip>\S+) and (?<remote_ip>\S+) \(user= (?<user>\S+)\) has been created\.$,A new SA was created.
602304,602304: IPSEC: An (?<direction>\S+) (?<tunnel_type>\S+) SA \(SPI= (?<spi>\S+)\) between (?<local_ip>\S+) and (?<remote_ip>\S+) \(user= (?<user>\S+)\) has been deleted\.$,An SA was deleted.
603102,603102: PPP virtual (?<interface>\S+) (?<interface_name>\S+) \- (?<user_2>\S+): (?<user>\S+) aaa authentication started$,The ASA sent an authentication request to the AAA server.
603103,603103: PPP virtual (?<interface>\S+) (?<interface_name>\S+) \- (?<user_2>\S+): (?<user>\S+) aaa authentication (?<status>\S+)$,The ASA received an authentication response from the AAA server.
604102,604102: DHCP client (?<interface>\S+) (?<interface_name>\S+): address released$,The Secure Firewall ASA DHCP client released an allocated IP address back to the DHCP server.
604103,604103: DHCP daemon (?<interface>\S+) (?<interface_name>\S+): address granted (?<mac_address>\S+) \((?<ip>(?:\[[^\]]+\]|(?:(?:25[0-5]|2[0-4]\d|1\d\d|[1-9]?\d)\.){3}(?:25[0-5]|2[0-4]\d|1\d\d|[1-9]?\d)|[0-9a-fA-F:.]+))\)$,The Secure Firewall ASA DHCP server granted an IP address to an external client.
604104,604104: DHCP daemon (?<interface>\S+) (?<interface_name>\S+): address released (?<build_number>\S+) \((?<ip>(?:\[[^\]]+\]|(?:(?:25[0-5]|2[0-4]\d|1\d\d|[1-9]?\d)\.){3}(?:25[0-5]|2[0-4]\d|1\d\d|[1-9]?\d)|[0-9a-fA-F:.]+))\)$,An external client released an IP address back to the Secure Firewall ASA DHCP server.
604105,604105: Unable to send DHCP reply to client (?<hardware_address>\S+) on (?<interface>\S+) (?<interface_name>\S+)\. Reply exceeds options field size \((?<options_field_size>\S+)\) by (?<number_of_octets>\S+) octets\.$,"An administrator can configure the DHCP options to return to the DHCP client. Depending on the options that the DHCP client requests, the DHCP options for the offer could exceed the message length limits. A DHCP offer cannot be sent, because it will not fit within the message limits."
604201,604201: DHCPv6 PD client on (?<interface>\S+) (?<pd_client_iface>\S+) received delegated prefix (?<prefix>\S+)/(?<prefix_2>\S+) from DHCPv6 PD server (?<server_address>\S+) with preferred lifetime (?<in_seconds>\S+) seconds and valid lifetime (?<in_seconds_2>\S+) seconds$,"This syslog is displayed whenever DHCPv6 PD client is received with delegated prefix from PD server as part of initial 4-way exchange. In the case of multiple prefixes, the syslog is displayed for each prefix."
604202,604202: DHCPv6 PD client on (?<interface>\S+) (?<pd_client_iface>\S+) releasing delegated prefix (?<prefix>\S+)/(?<prefix_2>\S+) received from DHCPv6 PD server (?<server_address>\S+)$,"This syslog is displayed whenever DHCPv6 PD Client is releasing delegated prefix(s) received from PD Server upon no configuration. In the case of multiple prefixes, the syslog is displayed for each prefix."
604203,604203: DHCPv6 PD client on (?<interface>\S+) (?<pd_client_iface>\S+) renewed delegated prefix (?<prefix>\S+)/(?<prefix_2>\S+) from DHCPv6 PD server (?<server_address>\S+) with preferred lifetime (?<in_seconds>\S+) seconds and valid lifetime (?<in_seconds_2>\S+) seconds$,"This syslog is displayed whenever DHCPv6 PD Client initiate renewal of previously allocated delegated prefix from PD Server and upon successful. In the case of multiple prefixes, the syslog is displayed for each prefix."
604205,604205: DHCPv6 client on (?<interface>\S+) (?<client_iface>\S+) allocated address (?<ipv6_address>\S+) from DHCPv6 server (?<server_address>\S+) with preferred lifetime (?<in_seconds>\S+) seconds and valid lifetime (?<in_seconds_2>\S+) seconds$,"This syslog is displayed whenever DHCPv6 Client address is received from DHCPv6 Server as part of initial 4-way exchange and is valid. In the case of multiple addresses, the syslog is displayed for each received address."
604206,604206: DHCPv6 client on (?<interface>\S+) (?<client_iface>\S+) releasing address (?<ipv6_address>\S+) received from DHCPv6 server (?<server_address>\S+)$,"DHCPv6 Client is releasing received client address whenever no configuration of DHCPv6 client address is performed. In the case of multiple addresses release, the syslog is displayed for each address."
604207,604207: DHCPv6 client on (?<interface>\S+) (?<client_iface>\S+) renewed address (?<ipv6_address>\S+) from DHCPv6 server (?<server_address>\S+) with preferred lifetime (?<in_seconds>\S+) seconds and valid lifetime (?<in_seconds_2>\S+) seconds$,"This syslog is displayed whenever DHCPv6 client initiates renewal of previously allocated address from DHCPv6 server. In the case of multiple addresses, the syslog is displayed for each renewed address."
606001,606001: ASDM session number (?<session_id>\S+) from (?<src_ip>\S+) (?<action>started),"An administrator has been authenticated successfully, and an ASDM session started."
606002,606002: ASDM session number (?<session_id>\S+) from (?<src_ip>\S+) (?<action>ended),An ASDM session ended.
606003,606003: ASDM logging session number (?<session_id>\S+) from (?<src_ip>\S+) (?<action>started),An ASDM logging connection was started by a remote management client.
606004,606004: ASDM logging session number (?<session_id>\S+) from (?<src_ip>\S+) (?<action>ended),An ASDM logging connection was terminated.
607001,607001:.*SIP (?<connection_type>.*) secondary channel for (?<dest_interface>\S+):(?<dest_ip>[0-9.]+)\/(?<dest_port>\d+) to (?<src_interface>\S+):(?<src_ip>[0-9.]+) from (?<message>.*) message,The fixup sip command preallocated a SIP connection after inspecting a SIP message . The connection_type is one of the following strings:
607002,607002: (?<action_class>\S+) SIP (?<action>\S+) (?<req_resp>\S+) from (?<req_resp_info>\S+):(?<src_interface>\S+)/(?<src_ip>(?:\[[^\]]+\]|(?:(?:25[0-5]|2[0-4]\d|1\d\d|[1-9]?\d)\.){3}(?:25[0-5]|2[0-4]\d|1\d\d|[1-9]?\d)|[0-9a-fA-F:.]+)) to (?<src_port>\d+):(?<dst_interface>\S+)/(?<dst_ip>(?:\[[^\]]+\]|(?:(?:25[0-5]|2[0-4]\d|1\d\d|[1-9]?\d)\.){3}(?:25[0-5]|2[0-4]\d|1\d\d|[1-9]?\d)|[0-9a-fA-F:.]+)); (?<dst_port>\d+)$,"A SIP classification was performed on a SIP message, and the specified criteria were satisfied. As a result, the configured action occurs."
607003,607003: (?<action_class>\S+) SIP (?<req_resp>\S+) (?<req_resp_info>\S+) from (?<src_interface>\S+):(?<src_ip>(?:\[[^\]]+\]|(?:(?:25[0-5]|2[0-4]\d|1\d\d|[1-9]?\d)\.){3}(?:25[0-5]|2[0-4]\d|1\d\d|[1-9]?\d)|[0-9a-fA-F:.]+))/(?<src_port>\d+) to (?<dst_interface>\S+):(?<dst_ip>(?:\[[^\]]+\]|(?:(?:25[0-5]|2[0-4]\d|1\d\d|[1-9]?\d)\.){3}(?:25[0-5]|2[0-4]\d|1\d\d|[1-9]?\d)|[0-9a-fA-F:.]+))/(?<dst_port>\d+); (?<further_info>.+)$,"A SIP classification was performed on a SIP message, and the specified criteria were satisfied. As a result, the standalone log action occurs."
607004,607004: Phone Proxy: Dropping SIP message from (?<src_if>\S+):(?<src_ip>(?:\[[^\]]+\]|(?:(?:25[0-5]|2[0-4]\d|1\d\d|[1-9]?\d)\.){3}(?:25[0-5]|2[0-4]\d|1\d\d|[1-9]?\d)|[0-9a-fA-F:.]+))/(?<src_port>\d+) to (?<dest_if>\S+):(?<dest_ip>\S+)/(?<dst_port>\d+) with source MAC (?<mac_address>\S+) due to secure phone database mismatch$,"The MAC address in the SIP message is compared with the secure database entries in addition to the IP address and interface. If they do not match, then the particular message is dropped."
608001,608001: Pre\-allocate Skinny(?<connection_type>\S+) secondary channel for (?<ph_1_____ph_2>\S+) to (?<ph_4_____ph_5>\S+) from (?<string>\S+) message$,The inspect skinny command preallocated a Skinny connection after inspecting a Skinny message . The connection_type is one of the following strings:
609001,609002: Built local-host (?<zone>\S+)\/*:(?<ip_address>[0-9.]+) (?<duration>.*),A network state container was reserved for host ip_address connected to zone zone_name. The zone_name/* parameter is used if the interface on which the host is created is part of a zone. The asterisk symbolizes all interfaces because hosts do not belong to any one interface.
609002,609002: Teardown local\-host (?<zone_name>\S+):(?<ip>(?:\[[^\]]+\]|(?:(?:25[0-5]|2[0-4]\d|1\d\d|[1-9]?\d)\.){3}(?:25[0-5]|2[0-4]\d|1\d\d|[1-9]?\d)|[0-9a-fA-F:.]+)) duration (?<time>\S+)$,A network state container for host ip_address connected to zone zone_name was removed. The zone_name/* parameter is used if the interface on which the host is created is part of a zone. The asterisk symbolizes all interfaces because hosts do not belong to any one interface.
610001,610001: NTP daemon (?<interface>\S+) (?<interface_name>\S+): Packet denied from (?<ip>(?:\[[^\]]+\]|(?:(?:25[0-5]|2[0-4]\d|1\d\d|[1-9]?\d)\.){3}(?:25[0-5]|2[0-4]\d|1\d\d|[1-9]?\d)|[0-9a-fA-F:.]+))$,An NTP packet was received from a host that does not match one of the configured NTP servers. The ASA is only an NTP client; it is not a time server and does not respond to NTP requests.
610002,610002: NTP daemon (?<interface>\S+) (?<interface_name>\S+): Authentication failed for packet from (?<ip>(?:\[[^\]]+\]|(?:(?:25[0-5]|2[0-4]\d|1\d\d|[1-9]?\d)\.){3}(?:25[0-5]|2[0-4]\d|1\d\d|[1-9]?\d)|[0-9a-fA-F:.]+))$,The received NTP packet failed the authentication check.
610101,610101: Authorization failed: Cmd: (?<command>\S+) Cmdtype: (?<command_modifier>\S+)$,Command authorization failed for the specified command. The command_modifier is one of the following strings:
611103,611103: User logged out: Uname: (?<user>\S+)$,The specified user logged out.
611301,611301: VPNClient: NAT configured for Client Mode with no split tunneling: NAT addr: (?<mapped_ip>(?:\[[^\]]+\]|(?:(?:25[0-5]|2[0-4]\d|1\d\d|[1-9]?\d)\.){3}(?:25[0-5]|2[0-4]\d|1\d\d|[1-9]?\d)|[0-9a-fA-F:.]+))$,The VPN client policy for client mode with no split tunneling was installed.
611303,611303: VPNClient: NAT configured for Client Mode with split tunneling: NAT addr: (?<mapped_ip>(?:\[[^\]]+\]|(?:(?:25[0-5]|2[0-4]\d|1\d\d|[1-9]?\d)\.){3}(?:25[0-5]|2[0-4]\d|1\d\d|[1-9]?\d)|[0-9a-fA-F:.]+)) Split Tunnel Networks: (?<ip>(?:\[[^\]]+\]|(?:(?:25[0-5]|2[0-4]\d|1\d\d|[1-9]?\d)\.){3}(?:25[0-5]|2[0-4]\d|1\d\d|[1-9]?\d)|[0-9a-fA-F:.]+))$,The VPN client policy for client mode with split tunneling was installed.
611304,611304: VPNClient: NAT exemption configured for Network Extension Mode with split tunneling: Split Tunnel Networks: (?<ip>(?:\[[^\]]+\]|(?:(?:25[0-5]|2[0-4]\d|1\d\d|[1-9]?\d)\.){3}(?:25[0-5]|2[0-4]\d|1\d\d|[1-9]?\d)|[0-9a-fA-F:.]+))$,The VPN client policy for network extension mode with split tunneling was installed.
611305,611305: VPNClient: DHCP Policy installed: (?<ip>(?:\[[^\]]+\]|(?:(?:25[0-5]|2[0-4]\d|1\d\d|[1-9]?\d)\.){3}(?:25[0-5]|2[0-4]\d|1\d\d|[1-9]?\d)|[0-9a-fA-F:.]+))$,The VPN client policy for DHCP was installed.
611307,611307: VPNClient: Head end : (?<ip>(?:\[[^\]]+\]|(?:(?:25[0-5]|2[0-4]\d|1\d\d|[1-9]?\d)\.){3}(?:25[0-5]|2[0-4]\d|1\d\d|[1-9]?\d)|[0-9a-fA-F:.]+))$,The VPN client is connected to the specified headend.
611308,611308: VPNClient: Split DNS Policy installed: List of domains: (?<string_string>\S+)$,A split DNS policy was installed as part of the VPN client downloaded policy.
611309,611309: VPNClient: Disconnecting from head end and uninstalling previously downloaded policy: Head End : (?<ip>(?:\[[^\]]+\]|(?:(?:25[0-5]|2[0-4]\d|1\d\d|[1-9]?\d)\.){3}(?:25[0-5]|2[0-4]\d|1\d\d|[1-9]?\d)|[0-9a-fA-F:.]+))$,A VPN client is disconnecting and uninstalling a previously installed policy.
611310,611310: VPNClient: XAUTH Succeeded: Peer: (?<ip>(?:\[[^\]]+\]|(?:(?:25[0-5]|2[0-4]\d|1\d\d|[1-9]?\d)\.){3}(?:25[0-5]|2[0-4]\d|1\d\d|[1-9]?\d)|[0-9a-fA-F:.]+))$,The VPN client Xauth succeeded with the specified headend.
611311,611311: VPNClient: XAUTH Failed: Peer: (?<ip>(?:\[[^\]]+\]|(?:(?:25[0-5]|2[0-4]\d|1\d\d|[1-9]?\d)\.){3}(?:25[0-5]|2[0-4]\d|1\d\d|[1-9]?\d)|[0-9a-fA-F:.]+))$,The VPN client Xauth failed with the specified headend.
611312,611312: VPNClient: Backup Server List: (?<reason>\S+)$,"When the Secure Firewall ASA is an Easy VPN remote device, the Easy VPN server downloaded a list of backup servers to the Secure Firewall ASA. This list overrides any backup servers that you have configured locally. If the downloaded list is empty, then the Secure Firewall ASA uses no backup servers. The reason is one of the following messages:"
611313,611313: VPNClient: Backup Server List Error: (?<reason>\S+)$,"When the Secure Firewall ASA is an Easy VPN remote device, and the Easy VPN server downloads a backup server list to the Secure Firewall ASA, the list includes an invalid IP address or a hostname. The Secure Firewall ASA does not support DNS, and therefore does not support hostnames for servers, unless you manually map a name to an IP address using the name command."
611314,611314: VPNClient: Load Balancing Cluster with Virtual IP: (?<ip>(?:\[[^\]]+\]|(?:(?:25[0-5]|2[0-4]\d|1\d\d|[1-9]?\d)\.){3}(?:25[0-5]|2[0-4]\d|1\d\d|[1-9]?\d)|[0-9a-fA-F:.]+)) has redirected firewall to server (?<ip_2>(?:\[[^\]]+\]|(?:(?:25[0-5]|2[0-4]\d|1\d\d|[1-9]?\d)\.){3}(?:25[0-5]|2[0-4]\d|1\d\d|[1-9]?\d)|[0-9a-fA-F:.]+))$,"When the Secure Firewall ASA is an Easy VPN remote device, the director server of the load balancing group redirected the Secure Firewall ASA to connect to a particular server."
611315,611315: VPNClient: Disconnecting from Load Balancing Cluster member (?<ip>(?:\[[^\]]+\]|(?:(?:25[0-5]|2[0-4]\d|1\d\d|[1-9]?\d)\.){3}(?:25[0-5]|2[0-4]\d|1\d\d|[1-9]?\d)|[0-9a-fA-F:.]+))\.$,"When the Secure Firewall ASA is an Easy VPN remote device, it disconnected from a load balancing cluster server."
611318,611318: VPNClient: User Authentication Enabled: Auth Server IP: (?<ip>(?:\[[^\]]+\]|(?:(?:25[0-5]|2[0-4]\d|1\d\d|[1-9]?\d)\.){3}(?:25[0-5]|2[0-4]\d|1\d\d|[1-9]?\d)|[0-9a-fA-F:.]+)) Auth Server Port: (?<port>\S+) Idle Timeout: (?<time>\S+)$,"When the Secure Firewall ASA is an Easy VPN remote device, the downloaded VPN policy enabled IUA for users on the Secure Firewall ASA inside network."
611323,611323: VPNClient: Ignoring duplicate split network entry (?<network_address>\S+)/(?<network_mask>\S+)$,"When the Secure Firewall ASA is an Easy VPN remote device, the downloaded VPN policy included duplicate split network entries. An entry is considered a duplicate if it matches both the network address and the network mask."
613001,613001: Bad checksum (?<string>\S+) from (?<ip>(?:\[[^\]]+\]|(?:(?:25[0-5]|2[0-4]\d|1\d\d|[1-9]?\d)\.){3}(?:25[0-5]|2[0-4]\d|1\d\d|[1-9]?\d)|[0-9a-fA-F:.]+)) on (?<number>\S+)$,OSPF has detected a checksum error in the database because of memory corruption.
613002,613002: Interface (?<interface_name>\S+) has zero bandwidth configuration$,The interface reported its bandwidth as zero.
613003,613003: Network range (?<italic_text>.+) changed from area (?<string>\S+) to (?<string_2>\S+)$,An OSPF configuration change has caused a network range to change areas.
613007,613007: area string lsid (?<ip>(?:\[[^\]]+\]|(?:(?:25[0-5]|2[0-4]\d|1\d\d|[1-9]?\d)\.){3}(?:25[0-5]|2[0-4]\d|1\d\d|[1-9]?\d)|[0-9a-fA-F:.]+)) mask netmask type number$,OSPF is trying to add an existing LSA to the database.
613008,613008: if inside (?<if_state>\S+) number$,An internal error occurred.
613013,613013: OSPF LSID (?<ip>(?:\[[^\]]+\]|(?:(?:25[0-5]|2[0-4]\d|1\d\d|[1-9]?\d)\.){3}(?:25[0-5]|2[0-4]\d|1\d\d|[1-9]?\d)|[0-9a-fA-F:.]+)) adv (?<ip_2>(?:\[[^\]]+\]|(?:(?:25[0-5]|2[0-4]\d|1\d\d|[1-9]?\d)\.){3}(?:25[0-5]|2[0-4]\d|1\d\d|[1-9]?\d)|[0-9a-fA-F:.]+)) type number gateway (?<ip_3>(?:\[[^\]]+\]|(?:(?:25[0-5]|2[0-4]\d|1\d\d|[1-9]?\d)\.){3}(?:25[0-5]|2[0-4]\d|1\d\d|[1-9]?\d)|[0-9a-fA-F:.]+)) metric number forwarding addr route (?<ip_4>(?:\[[^\]]+\]|(?:(?:25[0-5]|2[0-4]\d|1\d\d|[1-9]?\d)\.){3}(?:25[0-5]|2[0-4]\d|1\d\d|[1-9]?\d)|[0-9a-fA-F:.]+))/mask type number has no corresponding LSA$,OSPF found inconsistency between its database and the IP routing table.
613014,613014: Base topology enabled on (?<interface>\S+) string attached to MTR compatible mode area string$,OSPF interfaces attached to MTR-compatible OSPF areas require the base topology to be enabled.
613015,613015: Process 1 flushes LSA ID (?<ip>(?:\[[^\]]+\]|(?:(?:25[0-5]|2[0-4]\d|1\d\d|[1-9]?\d)\.){3}(?:25[0-5]|2[0-4]\d|1\d\d|[1-9]?\d)|[0-9a-fA-F:.]+)) type\-number adv\-rtr (?<ip_2>(?:\[[^\]]+\]|(?:(?:25[0-5]|2[0-4]\d|1\d\d|[1-9]?\d)\.){3}(?:25[0-5]|2[0-4]\d|1\d\d|[1-9]?\d)|[0-9a-fA-F:.]+)) in area mask$,A router is extensively re-originating or flushing the LSA reported by this error message.
613027,613027: OSPF process number removed from (?<interface>\S+) (?<interface_name>\S+)$,The OSPF process was removed from the interface because of an IP VRF.
613028,613028: Unrecognized virtual (?<interface>\S+) (?<intetface_name>\S+)\. Treat it as loopback (?<stub>\S*) route$,"The virtual interface type was not recognized by OSPF, so it is treated as a loopback interface stub route."
613029,613029: Router\-ID (?<ip>(?:\[[^\]]+\]|(?:(?:25[0-5]|2[0-4]\d|1\d\d|[1-9]?\d)\.){3}(?:25[0-5]|2[0-4]\d|1\d\d|[1-9]?\d)|[0-9a-fA-F:.]+)) is in use by ospf process number$,The Secure Firewall ASA attempted to assign a router ID that is in use by another process.
613030,613030: Router is currently an ASBR while having only one area which is a (?<stub>\S*) area$,An ASBR must be attached to an area that can carry AS external or NSSA LSAs.
613031,613031: No (?<ip>(?:\[[^\]]+\]|(?:(?:25[0-5]|2[0-4]\d|1\d\d|[1-9]?\d)\.){3}(?:25[0-5]|2[0-4]\d|1\d\d|[1-9]?\d)|[0-9a-fA-F:.]+)) for (?<interface>\S+) inside$,The interface is not point-to-point and is unnumbered.
613034,613034: Neighbor (?<ip>(?:\[[^\]]+\]|(?:(?:25[0-5]|2[0-4]\d|1\d\d|[1-9]?\d)\.){3}(?:25[0-5]|2[0-4]\d|1\d\d|[1-9]?\d)|[0-9a-fA-F:.]+)) not configured$,The configured neighbor options are not valid.
613035,613035: Could not allocate or find neighbor (?<ip>(?:\[[^\]]+\]|(?:(?:25[0-5]|2[0-4]\d|1\d\d|[1-9]?\d)\.){3}(?:25[0-5]|2[0-4]\d|1\d\d|[1-9]?\d)|[0-9a-fA-F:.]+))$,An internal error occurred.
613039,613039: Can not use configured neighbor: (?<neighbor>.*) command is allowed only on NBMA and point\-to\-multipoint networks$,The configured neighbor was found on a network for which the network type was neither NBMA nor point-to-multipoint.
613042,613042: OSPF process number lacks forwarding address for type 7 LSA (?<ip>(?:\[[^\]]+\]|(?:(?:25[0-5]|2[0-4]\d|1\d\d|[1-9]?\d)\.){3}(?:25[0-5]|2[0-4]\d|1\d\d|[1-9]?\d)|[0-9a-fA-F:.]+)) in NSSA string \- P\-bit cleared$,"There is no viable forwarding address in the NSSA area. As a result, the P-bit must be cleared and the Type 7 LSA is not translated into a Type 5 LSA by the NSSA translator. See RFC 3101."
613104,613104: Unrecognized virtual (?<interface>\S+) (?<if_name>\S+) \.$,"The virtual interface type was not recognized by OSPFv3, so it is treated as a loopback interface stub route."
614001,614001: Split DNS: request patched from server: (?<ip>(?:\[[^\]]+\]|(?:(?:25[0-5]|2[0-4]\d|1\d\d|[1-9]?\d)\.){3}(?:25[0-5]|2[0-4]\d|1\d\d|[1-9]?\d)|[0-9a-fA-F:.]+)) to server: (?<ip_2>(?:\[[^\]]+\]|(?:(?:25[0-5]|2[0-4]\d|1\d\d|[1-9]?\d)\.){3}(?:25[0-5]|2[0-4]\d|1\d\d|[1-9]?\d)|[0-9a-fA-F:.]+))$,Split DNS is redirecting DNS queries from the original destination server to the primary enterprise DNS server.
614002,614002: Split DNS: reply from server: (?<ip>(?:\[[^\]]+\]|(?:(?:25[0-5]|2[0-4]\d|1\d\d|[1-9]?\d)\.){3}(?:25[0-5]|2[0-4]\d|1\d\d|[1-9]?\d)|[0-9a-fA-F:.]+)) reverse patched back to original server: (?<ip_2>(?:\[[^\]]+\]|(?:(?:25[0-5]|2[0-4]\d|1\d\d|[1-9]?\d)\.){3}(?:25[0-5]|2[0-4]\d|1\d\d|[1-9]?\d)|[0-9a-fA-F:.]+))$,Split DNS is redirecting DNS queries from the enterprise DNS server to the original destination server.
615001,615001: vlan (?<number>\S+) not available for firewall (?<interface>\S+)$,The switch removed the VLAN from the Secure Firewall ASA.
615002,615002: vlan (?<number>\S+) available for firewall (?<interface>\S+)$,The switch added the VLAN to the Secure Firewall ASA.
616001,616001: Pre\-allocate MGCP (?<data_channel>\S+) connection for (?<src_interface>\S+):(?<src_ip>(?:\[[^\]]+\]|(?:(?:25[0-5]|2[0-4]\d|1\d\d|[1-9]?\d)\.){3}(?:25[0-5]|2[0-4]\d|1\d\d|[1-9]?\d)|[0-9a-fA-F:.]+)) to (?<dst_interface>\S+):(?<dst_ip>(?:\[[^\]]+\]|(?:(?:25[0-5]|2[0-4]\d|1\d\d|[1-9]?\d)\.){3}(?:25[0-5]|2[0-4]\d|1\d\d|[1-9]?\d)|[0-9a-fA-F:.]+))/(?<port>\S+) from (?<message_type_message>\S+) message$,"An MGCP data channel connection, RTP, or RTCP was preallocated. The message text also specifies which message has triggered the connection preallocation."
617003,617003: GTP Tunnel created from (?<source_interface>\S+):(?<src_ip>(?:\[[^\]]+\]|(?:(?:25[0-5]|2[0-4]\d|1\d\d|[1-9]?\d)\.){3}(?:25[0-5]|2[0-4]\d|1\d\d|[1-9]?\d)|[0-9a-fA-F:.]+))/0 to (?<src_port>\d+):(?<source_interface_2>\S+)/(?<dst_ip>(?:\[[^\]]+\]|(?:(?:25[0-5]|2[0-4]\d|1\d\d|[1-9]?\d)\.){3}(?:25[0-5]|2[0-4]\d|1\d\d|[1-9]?\d)|[0-9a-fA-F:.]+))$,A GTP tunnel was created after receiving a Create PDP Context Response that accepted the request.
617004,617004: GTP connection created for response from (?<source_interface>\S+):(?<src_ip>(?:\[[^\]]+\]|(?:(?:25[0-5]|2[0-4]\d|1\d\d|[1-9]?\d)\.){3}(?:25[0-5]|2[0-4]\d|1\d\d|[1-9]?\d)|[0-9a-fA-F:.]+))/0 to (?<g_0>\S+):(?<source_interface_2>\S+)/(?<dst_ip>(?:\[[^\]]+\]|(?:(?:25[0-5]|2[0-4]\d|1\d\d|[1-9]?\d)\.){3}(?:25[0-5]|2[0-4]\d|1\d\d|[1-9]?\d)|[0-9a-fA-F:.]+))$,"The SGSN or GGSN signaling address in the Create PDP Context Request or Response, respectively, was different from the SGSN/GGSN sending it."
617100,617100: Teardown (?<num_conns>\S+) connection\(s\) for (?<user>\S+) (?<user_ip>\S+)$,"The connections for this user were torn down because either a RADIUS accounting stop or RADIUS accounting start was received, which includes attributes that were configured in the policy map for a match. The attributes did not match those stored for the user entry, if the user entry exists."
621003,621003: The event queue size has exceeded (?<threshold_value>\S+)(?<number>\S+)$,The number of event managers created has exceeded the expected amount.
701001,701001: (?<alloc_user>\S+)\(\) out of Tcp_user objects (?<alloc_user_2>\S+)\(\) out of Tcp_user objects$,A AAA message that appears if the user authentication rate is too high for the module to handle new AAA requests.
701002,701002: (?<alloc_proxy>\S+)\(\) out of Tcp_proxy objects$,A AAA message that appears if the user authentication rate is too high for the module to handle new AAA requests.
702305,702305: IPSEC: An (?<direction>\S+) (?<tunnel_type>\S+) SA \(SPI= (?<spi>\S+)\) between \\s\* and (?<local_ip>\S+) \(user= (?<remote_ip>\S+)\) is rekeying due to sequence number rollover\.$,"More than four billion packets have been received in the IPsec tunnel, and a new tunnel is being negotiated."
702307,702307: IPSEC: An (?<direction>\S+) (?<tunnel_type>\S+) SA \(SPI= (?<spi>\S+)\) between \\s\* and (?<local_ip>\S+) \(user= (?<remote_ip>\S+)\) is rekeying due to data rollover\.$,An SA data life span expired. An IPsec SA is rekeying as a result of the amount of data transmitted with that SA. This information is useful for debugging rekeying issues.
703001,703001: H\.225 message received from (?<interface_name>\S+):(?<ip>(?:\[[^\]]+\]|(?:(?:25[0-5]|2[0-4]\d|1\d\d|[1-9]?\d)\.){3}(?:25[0-5]|2[0-4]\d|1\d\d|[1-9]?\d)|[0-9a-fA-F:.]+))/(?<port>\S+) to (?<interface_name_2>\S+):(?<ip_2>(?:\[[^\]]+\]|(?:(?:25[0-5]|2[0-4]\d|1\d\d|[1-9]?\d)\.){3}(?:25[0-5]|2[0-4]\d|1\d\d|[1-9]?\d)|[0-9a-fA-F:.]+))/(?<port_2>\S+) is using an unsupported version (?<number>\S+)$,The Secure Firewall ASA received an H.323 packet with an unsupported version number. The Secure Firewall ASA might reencode the protocol version field of the packet to the highest supported version.
703002,703002: Received H\.225 Release Complete with newConnectionNeeded for (?<interface_name>\S+):(?<ip>(?:\[[^\]]+\]|(?:(?:25[0-5]|2[0-4]\d|1\d\d|[1-9]?\d)\.){3}(?:25[0-5]|2[0-4]\d|1\d\d|[1-9]?\d)|[0-9a-fA-F:.]+)) to (?<interface_name_2>\S+):(?<ip_2>(?:\[[^\]]+\]|(?:(?:25[0-5]|2[0-4]\d|1\d\d|[1-9]?\d)\.){3}(?:25[0-5]|2[0-4]\d|1\d\d|[1-9]?\d)|[0-9a-fA-F:.]+))/(?<port>\S+)$,"The Secure Firewall ASA received the specified H.225 message, and the Secure Firewall ASA opened a new signaling connection object for the two specified H.323 endpoints."
703008,703008: Allowing early\-message: (?<msg_str>\S+) before SETUP from (?<src_int_name>\S+):(?<src_ip>(?:\[[^\]]+\]|(?:(?:25[0-5]|2[0-4]\d|1\d\d|[1-9]?\d)\.){3}(?:25[0-5]|2[0-4]\d|1\d\d|[1-9]?\d)|[0-9a-fA-F:.]+))/(?<src_port>\d+) to (?<dest_int_name>\S+):(?<dest_ip>\S+)/(?<dst_port>\d+)$,This message indicates that an outside endpoint requested an incoming call to an inside host and wants the inside host to send FACILITY message before SETUP message towards Gatekeeper and wants to follow H.460.18.
709007,709007: Configuration replication failed for command (?<command_name>\S+)$,A failover message that appears when the standby unit is unable to complete replication of a configuration sent by the active unit. The command that caused the failure appears at the end of the message.
709008,709008: \(Primary \| Secondary\) Configuration sync in progress\. Command: ‘(?<command>\S+) ’ executed from \(terminal/http\) will not be replicated to or executed by the standby unit\.$,"A command was issued during the configuration sync, which triggered an interactive prompt to indicate that this command would not be issued on the standby unit. To continue, note that the command will be issued on the active unit only and will not be replicated on the standby unit."
709009,709009: \(unit\-(?<role>\S*)\) Configuration on Active and Standby is matching\. No config sync\. Time elapsed (?<time_elapsed>\S+) ms$,"This message is generated when the hash computed on both the active and joining unit matches. It also displays the time elapsed, from the time of sending the hash request to the time of getting and comparing the hash response.."
709010,709010: Configuration between units doesn't match\. Going for config sync \((?<sync_string>\S+)\)\. Time elapsed (?<time_elapsed>\S+) ms$,"This syslog message is generated when the hash that is computed on both the active and joining unit does not match. It also displays the time elapsed, from the time of sending the hash request to the time of getting and comparing the hash response."
709011,709011: Failover configuration replication completed in (?<time>\S+) ms$,"This message displays the time taken to synchronize the config, in the case of hash not matching, and therefore going for a full configuration sync process."
709013,709013: Failover configuration replication hash comparison timeout expired (?<failover_state>\S+)\.$,"This syslog message is generated when the hash computation, transfer, and comparison has timed out. Due to the timeout, the full configuration sync operation is trigerred. The timeout value is 60 secs and you cannot modify this value."
710001,710001: (?<tcp>\S+) access requested from (?<src_ip>(?:\[[^\]]+\]|(?:(?:25[0-5]|2[0-4]\d|1\d\d|[1-9]?\d)\.){3}(?:25[0-5]|2[0-4]\d|1\d\d|[1-9]?\d)|[0-9a-fA-F:.]+))/(?<src_port>\d+) to (?<interface_name>\S+):(?<dst_ip>(?:\[[^\]]+\]|(?:(?:25[0-5]|2[0-4]\d|1\d\d|[1-9]?\d)\.){3}(?:25[0-5]|2[0-4]\d|1\d\d|[1-9]?\d)|[0-9a-fA-F:.]+))/(?<service>\S+)$,"The first TCP packet destined to the Secure Firewall ASA requests to establish a TCP session. This packet is the first SYN packet of the three-way handshake. This message appears when the respective (Telnet, HTTP, or SSH) has permitted the packet. However, the SYN cookie verification is not yet completed and no state is reserved."
710002,710002: (?:TCP|UDP) access permitted from (?<src_ip>(?:\[[^\]]+\]|(?:(?:25[0-5]|2[0-4]\d|1\d\d|[1-9]?\d)\.){3}(?:25[0-5]|2[0-4]\d|1\d\d|[1-9]?\d)|[0-9a-fA-F:.]+))/(?<src_port>\d+) to (?<interface_name>\S+):(?<dst_ip>(?:\[[^\]]+\]|(?:(?:25[0-5]|2[0-4]\d|1\d\d|[1-9]?\d)\.){3}(?:25[0-5]|2[0-4]\d|1\d\d|[1-9]?\d)|[0-9a-fA-F:.]+))/(?<service>\S+)$,"For a TCP connection, the second TCP packet destined for the Secure Firewall ASA requested to establish a TCP session. This packet is the final ACK of the three-way handshake. The respective (Telnet, HTTP, or SSH) has permitted the packet. Also, the SYN cookie verification was successful and the state is reserved for the TCP session. For a UDP connection, the connection was permitted. For example, the module received an SNMP request from an authorized SNMP management station, and the request has been processed. This message is rate limited to one message every 10 seconds."
710003,710003: (?<transport>\S+) access denied by ACL from (?<src_ip>[0-9.]+)\/(?<src_port>\d+) to (?<dest_interface>\S+):(?<dest_ip>[0-9.]+)\/(?<dest_port>\S+),"The Secure Firewall ASA denied an attempt to connect to the interface service. For example, the Secure Firewall ASA received an SNMP request from an unauthorized SNMP management station. If this message appears frequently, it can indicate an attack. For example:"
710004,710004: (?<tcp>\S+) connection limit exceeded from (?<src_ip>\S+)/(?<src_port>\S+) to (?<in_name>\S+):(?<dest_ip>\S+)/(?<dest_port>\S+) \(current (?<connections>\d+)/connection limit = (?<curr_conn>\S+)/(?<conn_lmt>\S+)\)$,"The maximum number of Secure Firewall ASA management connections for the service was exceeded. The Secure Firewall ASA permits at most five concurrent management connections per management service. Alternatively, an error may have occurred in the to-the-box connection counter."
710005,710005: (?<transport>\S+) request discarded from (?<src_ip>[0-9.]+)\/(?<src_port>\d+) to (?<dest_interface>\S+):(?<dest_ip>[0-9.]+)\/(?<dest_port>\S+),"The Secure Firewall ASA does not have a UDP server that services the UDP request. Also, a TCP packet that does not belong to any session on the Secure Firewall ASA may have been discarded. In addition, this message appears (with the SNMP service) when the Secure Firewall ASA receives an SNMP request with an empty payload, even if it is from an authorized host. When the service is SNMP, this message occurs a maximum of once every 10 seconds so that the log receiver is not overwhelmed. This message is also applicable for SCTP packets."
710006,710006: (?<protocol>\S+) request discarded from (?<src_ip>(?:\[[^\]]+\]|(?:(?:25[0-5]|2[0-4]\d|1\d\d|[1-9]?\d)\.){3}(?:25[0-5]|2[0-4]\d|1\d\d|[1-9]?\d)|[0-9a-fA-F:.]+)) to (?<interface_name>\S+):(?<dst_ip>(?:\[[^\]]+\]|(?:(?:25[0-5]|2[0-4]\d|1\d\d|[1-9]?\d)\.){3}(?:25[0-5]|2[0-4]\d|1\d\d|[1-9]?\d)|[0-9a-fA-F:.]+))$,"The Secure Firewall ASA does not have an IP server that services the IP protocol request; for example, the Secure Firewall ASA receives IP packets that are not TCP or UDP, and the Secure Firewall ASA cannot service the request."
710007,710007: NAT\-T keepalive received from (?<inside_ip_addr>\S+)/(?<port>\S+) to (?<outside>\S+):(?<ip_addr>\S+)/(?<port_2>\S+)$,The Secure Firewall ASA received NAT-T keepalive messages.
711001,711001: (?<debug_trace_msg>\S+)$,"You have entered the logging debug-trace command for the logging feature. When the logging debug-trace command is enabled, all debugging messages will be redirected to the message for processing. For security reasons, the message output must be encrypted or sent over a secure out-of-band network."
711003,711003: Unknown/Invalid (?<interface>\S+) identifier\((?<vpifnum>\S+) \) detected\.$,"An internal inconsistency that should not occur during normal operation has occurred. However, this message is not harmful if it rarely occurs. If it occurs frequently, it might be worthwhile debugging."
711005,711005: (?<call_stack>\S+)$,"An internal software error that should not occur has occurred. The device can usually recover from this error, and no harmful effect to the device results."
711006,711006: CPU profiling has started for (?<n_samples>\S+) samples\. Reason: (?<reason_string>.+)\.$,CPU profiling has started.
713008,713008: IP = (?<peerip>\S+) Key ID in ID payload too big for pre\-shared IKE tunnel$,"A key ID value was received in the ID payload, which was longer than the maximum allowed size of a group name for this IKE session using preshared keys authentication. This is an invalid value, and the session is rejected. Note that the key ID specified would never work because a group name of that size cannot be created in the Secure Firewall ASA."
713009,713009: IP = (?<peerip>\S+) OU in DN in ID payload too big for Certs IKE tunnel$,"An OU value in the DN was received in the ID payload, which was longer than the maximum allowed size of a group name for this IKE session using Certs authentication. This OU is skipped, and another OU or other criteria may find a matching group."
713020,713020: IP = (?<peerip>\S+) No Group found by matching OU\(s\) from ID payload: (?<ou_value>\S+)$,Tn internal software error has occurred.
713022,713022: IP = (?<peerip>\S+) No Group found matching (?<italic_text>.+) for Pre\-shared key peer (?<ip_2>(?:\[[^\]]+\]|(?:(?:25[0-5]|2[0-4]\d|1\d\d|[1-9]?\d)\.){3}(?:25[0-5]|2[0-4]\d|1\d\d|[1-9]?\d)|[0-9a-fA-F:.]+))$,group exists in the group database with the same name as the value (key ID or IP address) specified by the peer.
713043,713043: Cookie/peer address (?<ip>(?:\[[^\]]+\]|(?:(?:25[0-5]|2[0-4]\d|1\d\d|[1-9]?\d)\.){3}(?:25[0-5]|2[0-4]\d|1\d\d|[1-9]?\d)|[0-9a-fA-F:.]+)) session already in progress$,IKE has been triggered again while the original tunnel is in progress.
713062,713062: IKE Peer address same as our (?<interface>\S+) address (?<ip>(?:\[[^\]]+\]|(?:(?:25[0-5]|2[0-4]\d|1\d\d|[1-9]?\d)\.){3}(?:25[0-5]|2[0-4]\d|1\d\d|[1-9]?\d)|[0-9a-fA-F:.]+))$,The IP address configured as the IKE peer is the same as the IP address configured on one of the Secure Firewall ASA IP interfaces.
713063,713063: IKE Peer address not configured for destination (?<ip>(?:\[[^\]]+\]|(?:(?:25[0-5]|2[0-4]\d|1\d\d|[1-9]?\d)\.){3}(?:25[0-5]|2[0-4]\d|1\d\d|[1-9]?\d)|[0-9a-fA-F:.]+))$,The IKE peer address is not configured for an L2L tunnel.
713065,713065: IKE Remote Peer did not negotiate the following: (?<italic_text>.+)$,An internal software error has occurred.
713076,713076: Overriding Initiator's IPsec rekeying duration from (?<larger_value>\S+) to (?<smaller_value>\S+) Kbs$,Rekeying durations are always set to the lower of the values proposed by IKE peers. The value of the responder is the lower one.
713081,713081: Unsupported certificate encoding type (?<encoding_type>\S+)$,"One of the loaded certificates is unreadable, and may be an unsupported encoding scheme."
713084,713084: Received invalid phase 1 port value \((?<port>\S+) \) in ID payload$,The port value received in the IKE phase 1 ID payload was incorrect. Acceptable values are 0 or 500 (ISAKMP is also known as IKE).
713085,713085: Received invalid phase 1 protocol \((?<protocol>\S+) \) in ID payload$,The protocol value received in the IKE phase 1 ID payload was incorrect. Acceptable values are 0 or 17 (UDP).
713088,713088: Set Cert filehandle failure: no IPsec SA in group (?<group_name>\S+)$,"The tunnel group cannot be found, based on the digital certificate information."
713094,713094: Cert validation failure: handle invalid for (?<main>\S+) /(?<italic_text>.+) /(?<responder>\S+) !$,An internal software error has occurred.
713098,713098: Aborting: No identity cert specified in IPsec SA \((?<sa_name>\S+) \)!$,"An attempt was made to establish a certificate-based IKE session, but no identity certificate has been specified in the crypto policy."
713099,713099: Tunnel Rejected: Received NONCE length (?<number>\S+) is out of range!$,An internal software error has occurred.
713102,713102: Phase 1 ID Data length (?<number>\S+) too long \- reject tunnel!$,IKE has received an ID payload that includes an identification data field of 2 K or larger.
713104,713104: Attempt to get Phase 1 ID data failed while (?<italic_text>.+)$,An internal software error has occurred.
713121,713121: IP = (?<peerip>\S+) Keep\-alive type for this connection: (?<keepalive_type>\S+)$,The type of keepalive mechanism that is being used for this tunnel is specified.
713122,713122: IP = (?<peerip>\S+) Keep\-alives configured (?<keepalive_type>\S+) but peer (?<ip>(?:\[[^\]]+\]|(?:(?:25[0-5]|2[0-4]\d|1\d\d|[1-9]?\d)\.){3}(?:25[0-5]|2[0-4]\d|1\d\d|[1-9]?\d)|[0-9a-fA-F:.]+)) support keep\-alives \(type = (?<keepalive_type_2>\S+) \)$,"Keepalives were configured on or off for this device, but the IKE peer does or does not support keepalives."
713128,713128: IP = (?<peerip>\S+) Connection attempt to VCPIP redirected to VCA peer (?<ip>(?:\[[^\]]+\]|(?:(?:25[0-5]|2[0-4]\d|1\d\d|[1-9]?\d)\.){3}(?:25[0-5]|2[0-4]\d|1\d\d|[1-9]?\d)|[0-9a-fA-F:.]+)) via load balancing$,A connection attempt has been made to the VCPIP and has been redirected to a less loaded peer using load balancing.
713138,713138: IP = (?<peerip>\S+) Group (?<group_name>\S+) not found and BASE GROUP default preshared key not configured$,"No group exists in the group database with the same name as the IP address of the peer. In Main Mode, the Secure Firewall ASA will fall back and try to use the default preshared key configured in one of the default groups. The default preshared key is not configured."
713144,713144: IP = (?<peerip>\S+) Ignoring received malformed firewall record; reason \- (?<error_reason>\S+) TLV type (?<italic_text>.+)$,Bad Secure Firewall ASA information was received from the client.
713155,713155: DNS lookup for Primary VPN Server \[(?<server_name>\S+) \] successfully resolved after a previous failure\. Resetting any Backup Server init\.$,A previous DNS lookup failure for the primary server might have caused the Secure Firewall ASA to initialize a backup peer. This message indicates that a later DNS lookup on the primary server finally succeeded and is resetting any backup server initializations. A tunnel initiated after this point will be aimed at the primary server.
713156,713156: Initializing Backup Server \[(?<server_name>\S+) or (?<ip>(?:\[[^\]]+\]|(?:(?:25[0-5]|2[0-4]\d|1\d\d|[1-9]?\d)\.){3}(?:25[0-5]|2[0-4]\d|1\d\d|[1-9]?\d)|[0-9a-fA-F:.]+)) \]$,"The client is failing over to a backup server, or a failed DNS lookup for the primary server caused the Secure Firewall ASA to initialize a backup server. A tunnel initiated after this point will be aimed at the specified backup server."
713157,713157: IP = (?<peerip>\S+) Timed out on initial contact to server \[(?<server_name>\S+) or (?<ip>(?:\[[^\]]+\]|(?:(?:25[0-5]|2[0-4]\d|1\d\d|[1-9]?\d)\.){3}(?:25[0-5]|2[0-4]\d|1\d\d|[1-9]?\d)|[0-9a-fA-F:.]+)) \] Tunnel could not be established\.$,"The client tried to initiate a tunnel by sending out IKE MSG1, but did not receive a response from the Secure Firewall ASA on the other end. If backup servers are available, the client will attempt to connect to one of them."
713164,713164: The Firewall Server has requested a list of active (?<user>\S+) sessions$,The Secure Firewall ASA server will request the session information if it detects that it has stale data or if it loses the session data (because of a reboot).
713186,713186: Invalid secondary domain name list received from the authentication server\. List Received: (?<list_text>\S+) Character (?<index>\S+) \((?<value>\S+) \) is illegal$,"An invalid secondary domain name list was received from an external RADIUS authentication server. When split tunnelling is used, this list identifies the domains that the client should resolve through the tunnel."
713191,713191: IP = (?<ip>(?:\[[^\]]+\]|(?:(?:25[0-5]|2[0-4]\d|1\d\d|[1-9]?\d)\.){3}(?:25[0-5]|2[0-4]\d|1\d\d|[1-9]?\d)|[0-9a-fA-F:.]+)) Maximum concurrent IKE negotiations exceeded!$,"To minimize CPU-intensive cryptographic calculations, the Secure Firewall ASA limits the number of connection negotiations in progress. When a new negotiation is requested and the Secure Firewall ASA is already at its limit, the new negotiation is rejected. When an existing connection negotiation completes, new connection negotiation will again be permitted."
713199,713199: *[\S\s]*\s+counter\s*\(\s*(?<counter>\d+)\s*\)\!,The Reaper corrected an internal software error.
713202,713202: IP = (?<ip>(?:\[[^\]]+\]|(?:(?:25[0-5]|2[0-4]\d|1\d\d|[1-9]?\d)\.){3}(?:25[0-5]|2[0-4]\d|1\d\d|[1-9]?\d)|[0-9a-fA-F:.]+)) Duplicate (?<ip_addr>\S+) packet detected\.\\s\*$,"The Secure Firewall ASA has received a duplicate first packet for a tunnel that the Secure Firewall ASA is already aware of and negotiating, which indicates that the Secure Firewall ASA probably received a retransmission of a packet from the peer."
713208,713208: Cannot create dynamic rule for Backup L2L entry rule (?<rule_id>\S+)$,"A failure occurred in creating the ACLs that trigger IKE and allow IPsec data to be processed properly. The failure was specific to the backup L2L configuration, which may indicate a configuration error, a capacity error, or an internal software error."
713210,713210: Cannot create dynamic map for Backup L2L entry (?<rule_id>\S+)$,"A failure occurred in creating a run-time instance of the dynamic crypto map associated with backup L2L configuration. This may indicate a configuration error, a capacity error, or an internal software error."
713233,713233: \(VPN\-(?<unit>\S+) \) Remote network \((?<italic_text>.+) \) validated for network extension mode\.$,"The remote network received during the Phase 2 negotiation was validated. The message indicates the results of the remote network check during Phase 2 negotiations for Network Extension Mode clients. This is part of an existing feature that prevents users from misconfiguring their hardware client network (for example, configuring overlapping networks or the same network on multiple clients)."
713234,713234: \(VPN\-(?<unit>\S+)\) Remote network \((?<italic_text>.+) \) from network extension mode client mismatches AAA configuration \((?<italic_text_2>.+) \)\.$,The remote network received during the Phase 2 negotiation does not match the framed-ip-address and framed-subnet-mask that were returned from the AAA server for this session.
713241,713241: IE Browser Proxy Method (?<setting_number>\S+) is Invalid$,An invalid proxy setting was found during ModeCfg processing. P1 negotiation will fail.
713243,713243: (?<meta_data>\S+) Unable to find the requested certificate$,"The IKE peer requested a certificate from the cert-req payload. However, no valid identity certificate issued by the requested DN was found."
713257,713257: Phase (?<var1>\S+) failure: Mismatched attribute types for class (?<var2>\S+) : Rcv'd: (?<var3>\S+) Cfg'd: (?<var4>\S+)$,"An Secure Firewall ASA has acted as the responder in a LAN-to-LAN connection. It indicates that the Secure Firewall ASA crypto configuration does not match the configuration of the initiator. The message specifies during which phase the mismatch occurred, and which attributes both the responder and the initiator had that were different."
713260,713260: Output (?<interface>\S+) (?<d>\S+) to peer was not found$,"When trying to create a Phase 1 SA, the interface database could not be found for the interface ID."
713261,713261: IPV6 address on output (?<interface>\S+) (?<interface_number>\S+) was not found$,"When trying to create a Phase 1 SA, no IPv6 address is specified on the local interface."
713276,713276: IP = (?<ip>(?:\[[^\]]+\]|(?:(?:25[0-5]|2[0-4]\d|1\d\d|[1-9]?\d)\.){3}(?:25[0-5]|2[0-4]\d|1\d\d|[1-9]?\d)|[0-9a-fA-F:.]+)) Dropping new negotiation \- IKEv1 in\-negotiation context limit of %u reached$,This syslog message is displayed for ikev1 in multi context when maximum in negotiation limit is reached.
714001,714001: (?<description_of_event_or_packet>\S+)$,A description of an IKE protocol event or packet was provided.
714003,714003: IP = (?<ip>(?:\[[^\]]+\]|(?:(?:25[0-5]|2[0-4]\d|1\d\d|[1-9]?\d)\.){3}(?:25[0-5]|2[0-4]\d|1\d\d|[1-9]?\d)|[0-9a-fA-F:.]+)) IKE Responder starting QM: msg id = (?<message_number>\S+)$,The Secure Firewall ASA has received the first packet of the Quick mode exchange as the Phase 2 responder.
715001,715001: (?<italic_text>.+)$,A description of an event or problem encountered by the Secure Firewall ASA appears.
715004,715004: subroutine (?<name>\S+) \(\) Q Send failure: (?<retcode>\S+) \((?<return_code>\S+) \)$,An internal error occurred when attempting to put messages in a queue.
715005,715005: subroutine name\(\) Bad message code: Code \((?<message_code>\S+) \)$,An internal subroutine received a bad message code.
715034,715034: IP = (?<ip>\S+) action IOS keep alive payload: proposal=(?<italic_text>.+) /(?<italic_text_2>.+) sec\.$,Processing for sending or receiving a keepalive payload message is being performed.
715035,715035: IP = (?<ip>\S+) Starting IOS keepalive monitor: (?<seconds>\S+) sec\.$,The keepalive timer will monitor for a variable number of seconds for keepalive messages.
715040,715040: Deleting active auth handle during SA deletion: handle = (?<internal_authentication_handle>\S+)$,
715044,715044: IP = (?<ip>\S+) Ignoring Keepalive payload from vendor not support (?<keepalive>\S+) capability$,A Cisco IOS keepalive payload from a vendor was received without keepalive capabilities being set. The payload is ignored.
715051,715051: IP = (?<ip>(?:\[[^\]]+\]|(?:(?:25[0-5]|2[0-4]\d|1\d\d|[1-9]?\d)\.){3}(?:25[0-5]|2[0-4]\d|1\d\d|[1-9]?\d)|[0-9a-fA-F:.]+)) Received unexpected TLV type (?<tlv_type>\S+) while processing FWTYPE (?<modecfg>\S+) Reply$,An unknown TLV was received in an Secure Firewall ASA record while an FWTYPE ModeCfg Reply was being processed. The TLV will be discarded. This might occur either because of packet corruption or because the connecting client supports a later version of the Secure Firewall ASA protocol.
715054,715054: MODE_CFG: Received (?<attribute_name>\S+) reply: (?<value>\S+)$,The Secure Firewall ASA received a mode configuration reply message from the remote peer.
715064,715064: IKE Peer included IKE fragmentation capability flags: Main Mode: (?<true>\S+) /(?<false>\S+) Aggressive Mode: (?<true_2>\S+) /(?<false_2>\S+)$,The peer supports IKE fragmentation based on the information provided in the message.
716001,716001: Group (?<group>.*?) User (?<user>.*?) IP (?<vpn_client_ip>.*?) WebVPN session started,"The WebVPN session has started for the user in this group at the specified IP address. When the user logs in via the WebVPN login page, the WebVPN session starts."
716002,716002: Group (?<group>.*?) User (?<user>.*?) IP (?<vpn_client_ip>.*?) WebVPN session terminated,The WebVPN session has been terminated by a user request. Possible reasons include:
716003,716003: Group (?<group>\S+) User (?<user>\S+) IP (?<ip>\S+) (?<webvpn>\S+) access GRANTED: (?<url>\S+)://(?<string>\S+)/(?<string_2>\S+)$,The WebVPN user in this group at the specified IP address has been granted access to this URL. The user access to various locations can be controlled using WebVPN-specific ACLs.
716004,716004: Group (?<group>\S+) User (?<user>\S+) IP (?<ip>\S+) (?<webvpn>\S+) access DENIED to specified location: (?<url>\S+)://(?<string>\S+)/(?<string_2>\S+)$,"The WebVPN user in this group has been denied access to this URL. The WebVPN user access to various locations can be controlled using WebVPN-specific ACLs. In this case, a particular entry is denying access to this URL."
716005,716005: Group (?<group>\S+) User (?<user>\S+) IP (?<ip>\S+) (?<webvpn>\S+) ACL Parse Error: (?<reason>\S+) (?<string>\S+)$,The ACL for the WebVPN user in the specified group failed to parse correctly.
716006,716006: Group (?<group>.*?) User (?<user>.*?) WebVPN session terminated,The WebVPN session was not created for the user in the specified group because the VPN tunnel protocol is not set to WebVPN.
716007,716007: Group (?<group>.*?) User (?<user>.*?) WebVPN Unable to create session,"The WebVPN session was not created for the user in the specified group because of resource issues. For example, the user may have reached the maximum login limit."
716008,716008: (?<webvpn>\S+) ACL: (?<action>\S+) (?<string>\S+)$,"The WebVPN ACL has begun performing an action (for example, begin parsing)."
716009,716009: Group (?<group>.*?) User (?<user>.*?) WebVPN session not allowed,The WebVPN session for the specified user in this group is not allowed because the associated ACL did not parse. The user will not be allowed to log in via WebVPN until this error has been corrected.
716010,716010: Group (?<group>\S+) User (?<user>\S+) IP (?<ip>\S+) Browse network\.$,The WebVPN user in the specified group browsed the network.
716011,716011: Group (?<group>\S+) User (?<user>\S+) IP (?<ip>\S+) Browse domain (?<domain>\S+)\.$,The WebVPN specified user in this group browsed the specified domain.
716012,716012: Group (?<group>\S+) User (?<user>\S+) IP (?<ip>\S+) Browse directory (?<directory>\S+)\.$,The specified WebVPN user browsed the specified directory.
716013,716013: Group (?<group>\S+) User (?<user>\S+) IP (?<ip>\S+) Close file (?<filename>\S+)\.$,The specified WebVPN user closed the specified file.
716014,716014: Group (?<group>\S+) User (?<user>\S+) IP (?<ip>\S+) View file (?<filename>\S+)\.$,The specified WebVPN user viewed the specified file.
716015,716015: Group (?<group>\S+) User (?<user>\S+) IP (?<ip>\S+) Remove file (?<filename>\S+)\.$,The WebVPN user in the specified group removed the specified file.
716016,716016: Group (?<group>\S+) User (?<user>\S+) IP (?<ip>\S+) Rename file (?<old_filename>\S+) to (?<new_filename>\S+)\.$,The specified WebVPN user renamed the specified file.
716017,716017: Group (?<group>\S+) User (?<user>\S+) IP (?<ip>\S+) Modify file (?<filename>\S+)\.$,The specified WebVPN user modified the specified file.
716018,716018: Group (?<group>\S+) User (?<user>\S+) IP (?<ip>\S+) Create file (?<filename>\S+)\.$,The specified WebVPN user created the specified file.
716019,716019: Group (?<group>\S+) User (?<user>\S+) IP (?<ip>\S+) Create directory (?<directory>\S+)\.$,The specified WebVPN user created the specified directory.
716020,716020: Group (?<group>\S+) User (?<user>\S+) IP (?<ip>\S+) Remove directory (?<directory>\S+)\.$,The specified WebVPN user removed the specified directory.
716022,716022: Unable to connect to proxy server (?<reason>\S+)\.$,The WebVPN HTTP/HTTPS redirect failed for the specified reason.
716023,716023: Group (?<name>\S+) User (?<user>\S+) IP (?<ip>\S+) Session could not be established: session limit of (?<maximum_sessions>\S+) reached\.$,The user session cannot be established because the current number of sessions exceeds the maximum session load.
716024,716024: Group (?<name>\S+) User (?<user>\S+) IP (?<ip>\S+) Unable to browse the network\.Error: (?<description>\S+)$,"The user was unable to browse the Windows network using the CIFS protocol, as indicated by the description. For example, “Unable to contact necessary server” indicates that the remote server is unavailable or unreachable. This might be a transient condition or may require further troubleshooting."
716025,716025: Group (?<name>\S+) User (?<user>\S+) IP (?<ip>\S+) Unable to browse domain (?<domain>\S+)\.Error: (?<description>\S+)$,The user was unable to browse the remote domain using the CIFS protocol.
716026,716026: Group (?<name>\S+) User (?<user>\S+) IP (?<ip>\S+) Unable to browse directory (?<directory>\S+)\.Error: (?<description>\S+)$,The user was unable to browse the remote directory using the CIFS protocol.
716027,716027: Group (?<name>\S+) User (?<user>\S+) IP (?<ip>\S+) Unable to view file (?<filename>\S+)\.Error: (?<description>\S+)\.$,The user was unable to view the remote file using the CIFS protocol.
716028,716028: Group (?<name>\S+) User (?<user>\S+) IP (?<ip>\S+) Unable to remove file (?<filename>\S+)\.Error: (?<description>\S+)$,"The user was unable to remove the remote file using the CIFS protocol, probably caused by a lack of file permissions."
716029,716029: Group (?<name>\S+) User (?<user>\S+) IP (?<ip>\S+) Unable to rename file (?<filename>\S+)\.Error: (?<description>\S+)$,"The user was unable to rename the remote file using the CIFS protocol, probably caused by lack of file permissions."
716030,716030: Group (?<name>\S+) User (?<user>\S+) IP (?<ip>\S+) Unable to modify file (?<filename>\S+)\.Error: (?<description>\S+)$,"A problem occurred when a user attempted to modify an existing file using the CIFS protocol, probably caused by a lack of file permissions."
716031,716031: Group (?<name>\S+) User (?<user>\S+) IP (?<ip>\S+) Unable to create file (?<filename>\S+)\.Error: (?<description>\S+)$,"A problem occurred when a user attempted to create a file using the CIFS protocol, probably caused by a file permissions problem."
716032,716032: Group (?<name>\S+) User (?<user>\S+) IP (?<ip>\S+) Unable to create folder (?<folder>\S+)\.Error: (?<description>\S+)$,"A problem occurred when a user attempted to create a folder using the CIFS protocol, probably caused by a file permissions problem."
716033,716033: Group (?<name>\S+) User (?<user>\S+) IP (?<ip>\S+) Unable to remove folder (?<folder>\S+)\.Error: (?<description>\S+)$,"A problem occurred when a user of the CIFS protocol attempted to remove a folder, which probably occurred because of a permissions problem or a problem communicating with the server on which the file resides."
716034,716034: Group (?<name>\S+) User (?<user>\S+) IP (?<ip>\S+) Unable to write to file (?<filename>\S+)\.$,"A problem occurred when a user attempted to write to a file using the CIFS protocol, probably caused by a permissions problem or a problem communicating with the server on which the file resides."
716035,716035: Group (?<name>\S+) User (?<user>\S+) IP (?<ip>\S+) Unable to read file (?<filename>\S+)\.$,"A problem occurred when a user of the CIFS protocol tried to read a file, probably caused by a file permissions problem."
716036,716036: Group (?<name>\S+) User (?<user>\S+) IP (?<ip>\S+) File Access: User (?<user_2>\S+) logged into the (?<server>\S+) server\.$,A user successfully logged into the server using the CIFS protocol
716037,716037: Group (?<name>\S+) User (?<user>\S+) IP (?<ip>\S+) File Access: User (?<user_2>\S+) failed to login into the (?<server>\S+) server\.$,"A user attempted to log in to a server using the CIFS protocol, but was unsuccessful."
716041,716041: access\-list (?<acl_id>\S+) (?<action>\S+) (?<url_2>\S+) (?<url>\S+) (?<hit_cnt>\S+) (?<count>\S+)$,"The WebVPN URL named acl_ID has been hit count times for location url, whose action is permitted or denied."
716042,716042: access\-list (?<acl_id>\S+) (?<action>\S+) tcp (?<source_interface>\S+)/(?<src_ip>(?:\[[^\]]+\]|(?:(?:25[0-5]|2[0-4]\d|1\d\d|[1-9]?\d)\.){3}(?:25[0-5]|2[0-4]\d|1\d\d|[1-9]?\d)|[0-9a-fA-F:.]+))\((?<src_port>\d+)\) \-> (?<dst_interface>\S+)/(?<dst_ip>(?:\[[^\]]+\]|(?:(?:25[0-5]|2[0-4]\d|1\d\d|[1-9]?\d)\.){3}(?:25[0-5]|2[0-4]\d|1\d\d|[1-9]?\d)|[0-9a-fA-F:.]+))\((?<dst_port>\d+)\) (?<hit_cnt>\S+) (?<count>\S+)$,"The WebVPN TCP named acl_ID has been hit count times for packet received on the source interface source_interface/source_address and source port source_port forwarded to dest_interface/dest_address destination dest_port, whose action is permitted or denied."
716043,716043: Group <(?<group_name>\S+)> User <(?<user>\S+)> IP <(?<ip>(?:\[[^\]]+\]|(?:(?:25[0-5]|2[0-4]\d|1\d\d|[1-9]?\d)\.){3}(?:25[0-5]|2[0-4]\d|1\d\d|[1-9]?\d)|[0-9a-fA-F:.]+))> (?<webvpn>\S+) Port Forwarding Java applet started\. Created new hosts file mappings\.$,The user has launched a TCP port-forwarding applet from a WebVPN session.
716044,716044: Group (?<group_name>\S+) User (?<user>\S+) IP (?<ip>(?:\[[^\]]+\]|(?:(?:25[0-5]|2[0-4]\d|1\d\d|[1-9]?\d)\.){3}(?:25[0-5]|2[0-4]\d|1\d\d|[1-9]?\d)|[0-9a-fA-F:.]+)) AAA parameter (?<param_name>\S+) value (?<param_value>\S+) out of range\.$,The given parameter has a bad value.
716045,716045: Group (?<group_name>\S+) User (?<user>\S+) IP (?<ip>(?:\[[^\]]+\]|(?:(?:25[0-5]|2[0-4]\d|1\d\d|[1-9]?\d)\.){3}(?:25[0-5]|2[0-4]\d|1\d\d|[1-9]?\d)|[0-9a-fA-F:.]+)) AAA parameter (?<param_name>\S+) value invalid\.$,The given parameter has a bad value. The value is not shown because it might be very long.
716048,716048: Group (?<group_name>\S+) User (?<user>\S+) IP (?<ip>(?:\[[^\]]+\]|(?:(?:25[0-5]|2[0-4]\d|1\d\d|[1-9]?\d)\.){3}(?:25[0-5]|2[0-4]\d|1\d\d|[1-9]?\d)|[0-9a-fA-F:.]+)) No memory to parse ACL\.$,There was not enough memory to parse the ACL.
716049,716049: Group (?<group_name>\S+) User (?<user>\S+) IP (?<ip>(?:\[[^\]]+\]|(?:(?:25[0-5]|2[0-4]\d|1\d\d|[1-9]?\d)\.){3}(?:25[0-5]|2[0-4]\d|1\d\d|[1-9]?\d)|[0-9a-fA-F:.]+)) Empty SVC ACL\.$,The ACL to be used by the client was empty.
716050,716050: Error adding to ACL: (?<ace_command_line>\S+)$,The ACL entry had a syntax error.
716051,716051: Group (?<group_name>\S+) User (?<user>\S+) IP (?<ip>(?:\[[^\]]+\]|(?:(?:25[0-5]|2[0-4]\d|1\d\d|[1-9]?\d)\.){3}(?:25[0-5]|2[0-4]\d|1\d\d|[1-9]?\d)|[0-9a-fA-F:.]+)) Error adding dynamic ACL for (?<user_2>\S+)\.$,There is not enough memory to perform the action.
716052,716052: Group (?<group_name>\S+) User (?<user>\S+) IP (?<ip>(?:\[[^\]]+\]|(?:(?:25[0-5]|2[0-4]\d|1\d\d|[1-9]?\d)\.){3}(?:25[0-5]|2[0-4]\d|1\d\d|[1-9]?\d)|[0-9a-fA-F:.]+)) Pending session terminated\.$,A user did not complete login and the pending session was terminated. This may be due to an SVC that was unable to connect.
716053,716053: SAML Server added: Name: (?<name>\S+) Type: (?<sp>\S+)$,A SAML IDP server entry has been added to the webvpn configuration.
716054,716054: SAML Server deleted: Name: (?<name>\S+) Type: (?<sp>\S+)$,A SAML IDP server entry has been removed from the webvpn configuration. .
716058,716058: Group (?<group>.*?) User (?<user>.*?) IP (?<vpn_client_ip>.*?) AnyConnect session lost,"The SSL tunnel was dropped and the AnyConnect session enters the inactive state, which can be caused by a hibernating host, a standby host, or a loss of network connectivity."
716059,716059: Group (?<group>.*?) User (?<user>.*?) IP (?<vpn_client_ip>.*?) AnyConnect session resumed,An AnyConnect session resumed from the inactive state.
716060,716060: Group (?<group>\S+) User (?<user>\S+) IP (?<ip>\S+) Terminated (?<anyconnect>\S+) session in inactive state to accept a new connection: License limit reached\.$,An AnyConnect session in the inactive state was logged out to allow a new incoming SSL VPN (AnyConnect or clientless) connection.
716159,716159: Failed to process SAML logout request\. reason: (?<reason>\S+)\.$,"The device encountered an error while processing a SAML logout request initiated by the IDP. The reasons could be NameID is invalid, could not create logout object, and so on."
716160,716160: Failed to create SAML authentication request\. reason: (?<reason>\S+)\.$,"The device was unable to authenticate a user with the SAML IDP because it encountered an error while creating the SAML authn request. The reasons could be NameIDPolicy is invalid, could not create new login instance, and so on."
716162,716162: Failed to consume SAML assertion\. reason: (?<reason>\S+)\.$,"The device encountered an error while processing an authentication response from a SAML IDP. The reasons could be response or assertion is empty, could not create new login instance, assertion is expired or not valid, assertion is empty, issuer is empty, subject is empty, issuer content is empty, name_id or content is empty, and so on."
716163,716163: SAML response relay state failed data integrity check\. Client IP: (?<ip>(?:\[[^\]]+\]|(?:(?:25[0-5]|2[0-4]\d|1\d\d|[1-9]?\d)\.){3}(?:25[0-5]|2[0-4]\d|1\d\d|[1-9]?\d)|[0-9a-fA-F:.]+))\. Local\-base\-(?<url>\S+): (?<italic_text>.+)\.$,"This syslog is generated when the relay state failed the data integrity validation. The local-base-url from SAML response RelayState helps to differentiate between the device that originally generated the SAML request from the device that received the response. If the local-base-url is not specified in the response, the message displays 'not received'."
716164,716164: SAML response relay state missing data integrity hash\. Client IP: (?<ip>(?:\[[^\]]+\]|(?:(?:25[0-5]|2[0-4]\d|1\d\d|[1-9]?\d)\.){3}(?:25[0-5]|2[0-4]\d|1\d\d|[1-9]?\d)|[0-9a-fA-F:.]+))\. Local\-base\-(?<url>\S+): (?<italic_text>.+)\.$,"This syslog is generated when the relay state is missing the data integrity hash. The local-base-url from SAML response RelayState helps to differentiate between the device that originally generated the SAML request from the device that received the response. If the local-base-url is not specified in the response, the message displays 'not received'."
716526,716526: (?<webvpn>\S+) session load failed: Failure to attach to a configured permanent storage server$,A failure in the mounting of the permanent storage server directory occurred.
716527,716527: (?<webvpn>\S+) session store failed: Failure to attach to a configured permanent storage server$,A failure in the mounting of the permanent storage file occurred.
716600,716600: Rejected (?<size_recv>\S+) Hostscan data from IP (?<src_ip>\S+)\. Hostscan results exceed (?<default>\S+) limit of (?<configured>\S+)\.$,"When the size of the received Hostscan data exceeds the limit configured on the Secure Firewall ASA, the data is discarded."
716601,716601: Rejected (?<size_recv>\S+) Hostscan data from IP (?<src_ip>\S+)\. System\-wide limit on the amount of Hostscan data stored on (?<default>\S+) reached the limit of (?<configured>\S+)$,"When the amount of Hostscan data stored on the Secure Firewall ASA exceeds the limit, new Hostscan results are rejected."
716602,716602: Memory allocation error\. Rejected (?<size_recv>\S+) Hostscan data from IP (?<src_ip>\S+)\.$,An error occurred while memory was being allocated for Hostscan data.
716603,716603:\s*Received\s+(?<bytes_in>\d+)\s+KB\s+Hostscan\s+data\s+from\s+IP\s+(?:\<\s*)?(?:(?<src_ip>(?:\d+\.\d+\.\d+\.\d+|[0-9A-Za-f]*:[0-9A-Za-f]*:[0-9A-Za-f:]*))|(?<src_host>[^\s\>]+)),The Hostscan data of a specified size was successfully received.
717002,717002: Certificate enrollment failed for trustpoint (?<trustpoint_name>\S+)\. Reason: (?<reason_string>.+)\.$,An enrollment request for this trustpoint has failed.
717003,717003: Certificate received from Certificate Authority for trustpoint (?<trustpoint_name>\S+)\.$,A certificate was successfully received from the CA for this trustpoint.
717004,717004: PKCS \#12 export failed for trustpoint (?<trustpoint_name>\S+)\.$,"The trustpoint failed to export, because of one of the following: only a CA certificate exists, and an identity certificate does not exist for the trustpoint, or a required keypair is missing."
717005,717005: PKCS \#12 export succeeded for trustpoint (?<trustpoint_name>\S+)\.$,The trustpoint was successfully exported.
717006,717006: PKCS \#12 import failed for trustpoint (?<trustpoint_name>\S+)\.$,Import of the requested trustpoint failed to be processed.
717007,717007: PKCS \#12 import succeeded for trustpoint (?<trustpoint_name>\S+)\.$,Import of the requested trustpoint was successfully completed.
717008,717008: Insufficient memory to (?<process_requiring_memory>\S+)\.$,An internal error occurred while attempting to allocate memory for the process that reqires memory. Other processes may experience problems allocating memory and prevent further processing.
717009,717009: Certificate validation failed\. (?<reason_string>.+)\.$,"A certificate validation failed, which might be caused by a validation attempt of a revoked certificate, invalid certificate attributes, or configuration issues."
717010,717010: CRL polling failed for trustpoint (?<trustpoint_name>\S+)\.$,.CRL polling has failed and may cause connections to be denied if CRL checking is required.
717011,717011: Unexpected event: (?<event>\S+) (?<event_id>\S+)$,An event that is not expected under normal conditions has occurred.
717012,717012: Failed to refresh CRL cache entry from the server for trustpoint (?<trustpoint_name>\S+) at (?<time_of_failure>\S+)$,"An attempt to refresh a cached CRL entry has failed for the specified trustpoint at the indicated time of failure. This may result in obsolete CRLs on the Secure Firewall ASA, which may cause connections that require a valid CRL to be denied."
717013,717013: Removing a cached CRL to accommodate an incoming CRL Issuer: (?<issuer>\S+)$,"When the device is configured to authenticate IPsec tunnels using digital certificates, CRLs may be cached in memory to avoid requiring a CRL download during each connection. If the cache fills to the point where an incoming CRL cannot be accommodated, older CRLs will be removed until the required space is made available. This message is generated for each purged CRL."
717016,717016: Removing expired CRL from the CRL cache\. Issuer: (?<issuer>\S+)$,"When the Secure Firewall ASA is configured to authenticate IPsec tunnels using digital certificates, CRLs may be cached in memory to avoid requiring a CRL download during each connection. This message is generated when either the CA specified expiration time or the configured cache time has lapsed and the CRL is removed from the cache."
717017,717017: Failed to query CA certificate for trustpoint (?<trustpoint_name>\S+) from (?<enrollment_url>\S+)\.$,An error occurred when an attempt was made to authenticate a trustpoint by requesting a CA certificate from a certificate authority.
717019,717019: Failed to insert CRL for trustpoint (?<trustpoint_name>\S+)\. Reason: (?<failure_reason>\S+)\.$,"A CRL is retrieved, but found to be invalid and cannot be inserted into the cache because of the failure_reason."
717020,717020: Failed to install device certificate for trustpoint (?<label>\S+)\. Reason: (?<reason_string>.+)\.$,A failure occurred while trying to enroll or import an enrolled certificate into a trustpoint.
717022,717022: Certificate was successfully validated\. (?<certificate_identifiers>\S+)\.$,The identified certificate was successfully validated.
717023,717023: SSL failed to set device certificate for trustpoint (?<trustpoint_name>\S+)\. Reason: (?<reason_string>.+)\.$,A failure occurred while trying to set an Secure Firewall ASA certificate for the given trustpoint for authenticating the SSL connection.
717024,717024: Checking CRL from trustpoint: (?<italic_text>.+) for (?<purpose>\S+)$,A CRL is being retrieved.
717025,717025: Validating certificate chain containing (?<number_of_certs>\S+) certificate\(s\)\.$,A certificate chain is being validated.
717026,717026: Name lookup failed for hostname (?<hostname>\S+) during PKI operation\.$,The given hostname cannot be resolved while attempting a PKI operation.
717027,717027: Certificate chain failed validation\. (?<reason_string>.+)\.$,A certificate chain cannot be validated.
717028,717028: Certificate chain was successfully validated (?<additional_info>\S+)\.$,A certificate chain was successfully validated.
717029,717029: Identified client certificate within certificate chain\. (?<serial_number>\S+)\.$,The certificate specified as the client certificate is identified.
717030,717030: Found a suitable trustpoint (?<trustpoint_name>\S+) to validate certificate\.$,A suitable or usable trustpoint is found that can be used to validate the certificate.
717031,717031: Failed to find a suitable trustpoint for the issuer: (?<issuer>\S+) Reason: (?<reason_string>.+)$,"A usable trustpoint cannot be found. During certificate validation, a suitable trustpoint must be available in order to validate a certificate."
717032,717032: OCSP status check failed\. Reason: (?<reason_string>.+)\.$,"When the OCSP status check fails, this message is generated with the reason for the failure. The following list mentions the failure reasons:"
717035,717035: OCSP status is being checked for certificate\. (?<ph_0>\S+)\.$,The certificate for which an OCSP status check occurs is identified.
717036,717036: Looking for a tunnel group match based on certificate maps for peer certificate with (?<certificate_identifier>\S+)\.$,The peer certificate identified by the certificate identifier is being processed through the configured certificate maps to attempt a possible tunnel group match.
717037,717037: Tunnel group search using certificate maps failed for peer certificate: (?<certificate_identifier>\S+)\.$,"The peer certificate identified by the certificate identifier was processed through the configured certificate maps to attempt a possible tunnel group match, but no match can be found."
717039,717039: Local CA Server internal error detected: (?<error>\S+)\.$,An internal processing error has occurred with the local CA server.
717040,717040: Local CA Server has failed and is being disabled\. Reason: (?<reason>\S+)\.$,The local CA server is being disabled because of an error.
717041,717041: Local CA Server event: (?<event_info>\S+)\.$,"Event details that have occurred on the CA server are reported to allow you to track or debug the CA server health, including when the CA server is created, enabled, or disabled, or when the CA server certificate is rolled over."
717042,717042: Failed to enable Local CA Server\. Reason: (?<reason>\S+)\.$,Errors occurred when an attempt was made to enable the local CA server.
717043,717043: Local CA Server certificate enrollment related info for (?<user_2>\S+): (?<user>\S+)\. Info: (?<info>\S+)\.$,"Enrollment-related activities for a user are being monitored. The username and specific enrollment information are reported so that enrollments, e-mail invitation generation, and renewal reminder generation can be monitored."
717044,717044: Local CA Server certificate enrollment related error for (?<user_2>\S+): (?<user>\S+)\. Error: (?<error>\S+)\.$,"Errors that occur in the processing of certificate enrollment are reported, which may include errors in notifying users via e-mail for renewal reminders, errors during issuance of a certificate to complete enrollment, invalid username or OTP, and expired enrollment attempts."
717045,717045: Local CA Server CRL info: (?<info>\S+)\.$,The CRL file is monitored when it is generated and regenerated.
717046,717046: Local CA Server CRL error: (?<error>\S+)\.$,Errors that are encountered while trying to generate and reissue the local CA server CRL file are reported.
717047,717047: Revoked certificate issued to (?<user_2>\S+): (?<ph_0>\S+) with serial number (?<serial_number>\S+)\.$,Any certificates issued by the local CA server that have been revoked are being monitored.
717048,717048: Unrevoked certificate issued to (?<user_2>\S+): (?<ph_0>\S+) with serial number (?<serial_number>\S+)\.$,"Any certificates that were issued by the local CA server that were previously revoked, and that are now being unrevoked and removed from the CRL are being monitored."
717049,717049: Local CA Server certificate is due to expire in (?<number>\S+) days and a replacement certificate is available for export\.$,The administrator is alerted to an upcoming CA certificate expiration so that the administrator can take action to export the replacement certificate to all ASAs that will require the new certificate.
717052,717052: Group (?<group_name>\S+) User (?<user>\S+) IP (?<ip_address>\S+) Session disconnected due to periodic certificate authentication failure\. Subject Name (?<id_subject_name>\S+) Issuer Name (?<id_issuer_name>\S+) Serial Number (?<id_serial_number>\S+)$,"Periodic certificate authentication failed, and the session was disconnected."
717053,717053: Group (?<group_name>\S+) User (?<user>\S+) IP (?<ip_address>\S+) Periodic certificate authentication succeeded\. Subject Name (?<id_subject_name>\S+) Issuer Name (?<id_issuer_name>\S+) Serial Number (?<id_serial_number>\S+)$,Periodic certificate authentication succeeded.
717054,717054: The (?<type>\S+) certificate in the trustpoint (?<tp_name>\S+) is due to expire in (?<number>\S+) days\. Expiration (?<date_and_time>\S+) Subject Name (?<subject_name>\S+) Issuer Name (?<issuer_name>\S+) Serial Number (?<serial_number>\S+)$,The specified certificate in the trustpoint is about to expire.
717055,717055: The (?<type>\S+) certificate in the trustpoint (?<tp_name>\S+) has expired\. Expiration (?<date_and_time>\S+) Subject Name (?<subject_name>\S+) Issuer Name (?<issuer_name>\S+) Serial Number (?<serial_number>\S+)$,The specified certificate in the trustpoint has expired.
717056,717056: Attempting (?<type>\S+) revocation check from (?<src>\S+):(?<interface>\S+)/(?<src_2>\S+) to (?<ip>\S+)/(?<src_port>\S+) using (?<dst_ip>\S+)\.$,The CA was attempting to download a CRL or send an OCSP revocation check request.
717059,717059: Peer certificate with (?<ph_0___serial_subject___ph_1___issuer___ph_2>\S+) matched the configured certificate map (?<map_name>\S+)$,This log is generated when an ASDM connection is authenticated via certificates and allowed based on the configured certificate map rules.
717060,717060: Peer certificate with (?<ph_0___serial_subject___ph_1___issuer___ph_2>\S+) failed to match the configured certificate map (?<map_name>\S+)$,This log is generated when an ASDM connection is authenticated via certificates and not allowed based on the configured certificate map rules.
717061,717061: Starting (?<protocol>\S+) certificate enrollment for the trustpoint (?<tpname>\S+) with the CA (?<ca_name>\S+)\. Request Type (?<type>\S+) Mode (?<mode>\S+)$,A CMP enrollment request has been triggered.
717062,717062: (?<protocol>\S+) Certificate enrollment succeeded for the trustpoint (?<tpname>\S+) with the CA (?<ca>\S+) using CMP\. Received a new certificate with Subject Name (?<subject>\S+) Issuer Name (?<issuer>\S+) Serial Number (?<serial>\S+)$,CMP enrollment request succeeded. New certificate received.
717063,717063: (?<protocol>\S+) Certificate enrollment failed for the trustpoint (?<tpname>\S+) with the CA (?<ca>\S+)$,CMP enrollment request failed.
717064,717064: Keypair (?<keyname>\S+) in the trustpoint (?<tpname>\S+) is regenerated for (?<mode>\S+) (?<protocol>\S+) certificate enrollment$,The keypair in the trustpoint is regenerated for certificate enrollment using CMP.
717067,717067: Starting ACME certificate enrollment for trustpoint (?<tpname>\S+) with CA (?<ca_name>\S+)\. Mode (?<mode>\S+)\.​$,The enrollment is triggered for ACME trustpoint.
717069,717069: ACME Certificate enrollment failed for trustpoint (?<tpname>\S+) with CA (?<ca>\S+)\.$,The ACME certificate enrollment failed for the trustpoint.
717070,717070: Keypair (?<keyname>\S+) in trustpoint (?<tpname>\S+) is regenerated for (?<mode>\S+) ACME certificate renewal\.$,Sucessful regeneration of the ACME keypair for the trustpoint.
717071,717071: CRL signature validation failed\. Issuer: (?<italic_text>.+)\. Last Update: (?<italic_text_2>.+)\. Next Update: (?<italic_text_3>.+)\.$,"This syslog is generated during the X509 certificate verification process when an error is detected, where the message displays a certificate revocation list (CRL) information for the failed signature validation."
718001,718001: Internal interprocess communication queue send failure: code \[(?<error_code>\S+)\]\.$,An internal software error has occurred while attempting to enqueue a message on the VPN load balancing queue.
718004,718004: Got unknown internal message \[(?<message_number>\S+)\]$,An internal software error occurred.
718006,718006: Invalid load balancing state transition \[cur=(?<state_number>\S+)\]\[event=(?<event_number>\S+)\]$,A state machine error has occurred. This might indicate an internal software error.
718007,718007: Socket open failure \[(?<failure_code>\S+)\]: (?<failure_text>\S+)$,An error occurred when the load-balancing socket tried to open. This might indicate a network problem or an internal software error.
718008,718008: Socket bind failure \[(?<failure_code>\S+)\]: (?<failure_text>\S+)$,An error occurred when the Secure Firewall ASA tried to bind to the load-balancing socket. This might indicate a network problem or an internal software error.
718009,718009: Send HELLO response failure to \[(?<ip>(?:\[[^\]]+\]|(?:(?:25[0-5]|2[0-4]\d|1\d\d|[1-9]?\d)\.){3}(?:25[0-5]|2[0-4]\d|1\d\d|[1-9]?\d)|[0-9a-fA-F:.]+))\]$,An error occurred when the Secure Firewall ASA tried to send a hello response message to one of the load-balancing peers. This might indicate a network problem or an internal software error.
718010,718010: Sent HELLO response to \[(?<ip>(?:\[[^\]]+\]|(?:(?:25[0-5]|2[0-4]\d|1\d\d|[1-9]?\d)\.){3}(?:25[0-5]|2[0-4]\d|1\d\d|[1-9]?\d)|[0-9a-fA-F:.]+))\]$,The Secure Firewall ASA transmitted a hello response message to a load-balancing peer.
718011,718011: Send HELLO request failure to \[(?<ip>(?:\[[^\]]+\]|(?:(?:25[0-5]|2[0-4]\d|1\d\d|[1-9]?\d)\.){3}(?:25[0-5]|2[0-4]\d|1\d\d|[1-9]?\d)|[0-9a-fA-F:.]+))\]$,An error occurred when the Secure Firewall ASA tried to send a hello request message to one of the load-balancing peers. This may indicate a network problem or an internal software error.
718012,718012: Sent HELLO request to \[(?<ip>(?:\[[^\]]+\]|(?:(?:25[0-5]|2[0-4]\d|1\d\d|[1-9]?\d)\.){3}(?:25[0-5]|2[0-4]\d|1\d\d|[1-9]?\d)|[0-9a-fA-F:.]+))\]$,The Secure Firewall ASA transmitted a hello request message to a load-balancing peer.
718013,718013: Peer\[(?<ip>(?:\[[^\]]+\]|(?:(?:25[0-5]|2[0-4]\d|1\d\d|[1-9]?\d)\.){3}(?:25[0-5]|2[0-4]\d|1\d\d|[1-9]?\d)|[0-9a-fA-F:.]+))\] is not answering HELLO$,The load-balancing peer is not answering a hello request message.
718014,718014: Master peer\[(?<ip>(?:\[[^\]]+\]|(?:(?:25[0-5]|2[0-4]\d|1\d\d|[1-9]?\d)\.){3}(?:25[0-5]|2[0-4]\d|1\d\d|[1-9]?\d)|[0-9a-fA-F:.]+))\] is not answering HELLO$,The load balancing director peer is not answering the hello request message.
718015,718015: Received HELLO request from \[(?<ip>(?:\[[^\]]+\]|(?:(?:25[0-5]|2[0-4]\d|1\d\d|[1-9]?\d)\.){3}(?:25[0-5]|2[0-4]\d|1\d\d|[1-9]?\d)|[0-9a-fA-F:.]+))\]$,The Secure Firewall ASA received a hello request message from the load balancing peer.
718016,718016: Received HELLO response from \[(?<ip>(?:\[[^\]]+\]|(?:(?:25[0-5]|2[0-4]\d|1\d\d|[1-9]?\d)\.){3}(?:25[0-5]|2[0-4]\d|1\d\d|[1-9]?\d)|[0-9a-fA-F:.]+))\]$,The Secure Firewall ASA received a Hello Response packet from a load balancing peer.
718017,718017: Got timeout for unknown peer\[(?<ip>(?:\[[^\]]+\]|(?:(?:25[0-5]|2[0-4]\d|1\d\d|[1-9]?\d)\.){3}(?:25[0-5]|2[0-4]\d|1\d\d|[1-9]?\d)|[0-9a-fA-F:.]+))\] msg type\[(?<message_type>\S+)\]$,The Secure Firewall ASA processed a timeout for an unknown peer. The message was ignored because the peer may have already been removed from the active list.
718018,718018: Send KEEPALIVE request failure to \[(?<ip>(?:\[[^\]]+\]|(?:(?:25[0-5]|2[0-4]\d|1\d\d|[1-9]?\d)\.){3}(?:25[0-5]|2[0-4]\d|1\d\d|[1-9]?\d)|[0-9a-fA-F:.]+))\]$,An error has occurred while attempting to send a Keepalive Request message to one of the load balancing peers. This t indicate a network problem or an internal software error.
718019,718019: Sent KEEPALIVE request to \[(?<ip>(?:\[[^\]]+\]|(?:(?:25[0-5]|2[0-4]\d|1\d\d|[1-9]?\d)\.){3}(?:25[0-5]|2[0-4]\d|1\d\d|[1-9]?\d)|[0-9a-fA-F:.]+))\]$,The Secure Firewall ASA transmitted a Keepalive Request message to a load balancing peer.
718020,718020: Send KEEPALIVE response failure to \[(?<ip>(?:\[[^\]]+\]|(?:(?:25[0-5]|2[0-4]\d|1\d\d|[1-9]?\d)\.){3}(?:25[0-5]|2[0-4]\d|1\d\d|[1-9]?\d)|[0-9a-fA-F:.]+))\]$,An error has occurred while attempting to send a Keepalive Response message to one of the load balancing peers. This may indicate a network problem or an internal software error.
718021,718021: Sent KEEPALIVE response to \[(?<ip>(?:\[[^\]]+\]|(?:(?:25[0-5]|2[0-4]\d|1\d\d|[1-9]?\d)\.){3}(?:25[0-5]|2[0-4]\d|1\d\d|[1-9]?\d)|[0-9a-fA-F:.]+))\]$,The Secure Firewall ASA transmitted a Keepalive Response message to a load balancing peer.
718022,718022: Received KEEPALIVE request from \[(?<ip>(?:\[[^\]]+\]|(?:(?:25[0-5]|2[0-4]\d|1\d\d|[1-9]?\d)\.){3}(?:25[0-5]|2[0-4]\d|1\d\d|[1-9]?\d)|[0-9a-fA-F:.]+))\]$,The Secure Firewall ASA received a Keepalive Request message from a load balancing peer.
718023,718023: Received KEEPALIVE response from \[(?<ip>(?:\[[^\]]+\]|(?:(?:25[0-5]|2[0-4]\d|1\d\d|[1-9]?\d)\.){3}(?:25[0-5]|2[0-4]\d|1\d\d|[1-9]?\d)|[0-9a-fA-F:.]+))\]$,The Secure Firewall ASA received a Keepalive Response message from a load balancing peer.
718024,718024: Send CFG UPDATE failure to \[(?<ip>(?:\[[^\]]+\]|(?:(?:25[0-5]|2[0-4]\d|1\d\d|[1-9]?\d)\.){3}(?:25[0-5]|2[0-4]\d|1\d\d|[1-9]?\d)|[0-9a-fA-F:.]+))\]$,An error has occurred while attempting to send a Configuration Update message to one of the load balancing peers. This might indicate a network problem or an internal software error.
718025,718025: Sent CFG UPDATE to \[(?<ip>(?:\[[^\]]+\]|(?:(?:25[0-5]|2[0-4]\d|1\d\d|[1-9]?\d)\.){3}(?:25[0-5]|2[0-4]\d|1\d\d|[1-9]?\d)|[0-9a-fA-F:.]+))\]$,The Secure Firewall ASA transmitted a Configuration Update message to a load balancing peer.
718026,718026: Received CFG UPDATE from \[(?<ip>(?:\[[^\]]+\]|(?:(?:25[0-5]|2[0-4]\d|1\d\d|[1-9]?\d)\.){3}(?:25[0-5]|2[0-4]\d|1\d\d|[1-9]?\d)|[0-9a-fA-F:.]+))\]$,The Secure Firewall ASA received a Configuration Update message from a load balancing peer.
718027,718027: Received unexpected KEEPALIVE request from \[(?<ip>(?:\[[^\]]+\]|(?:(?:25[0-5]|2[0-4]\d|1\d\d|[1-9]?\d)\.){3}(?:25[0-5]|2[0-4]\d|1\d\d|[1-9]?\d)|[0-9a-fA-F:.]+))\]$,The Secure Firewall ASA received an unexpected Keepalive request message from a load balancing peer.
718028,718028: Send OOS indicator failure to \[(?<ip>(?:\[[^\]]+\]|(?:(?:25[0-5]|2[0-4]\d|1\d\d|[1-9]?\d)\.){3}(?:25[0-5]|2[0-4]\d|1\d\d|[1-9]?\d)|[0-9a-fA-F:.]+))\]$,An error has occurred while attempting to send an OOS indicator message to one of the load balancing peers. This might indicate a network problem or an internal software error.
718029,718029: Sent OOS indicator to \[(?<ip>(?:\[[^\]]+\]|(?:(?:25[0-5]|2[0-4]\d|1\d\d|[1-9]?\d)\.){3}(?:25[0-5]|2[0-4]\d|1\d\d|[1-9]?\d)|[0-9a-fA-F:.]+))\]$,The Secure Firewall ASA transmitted an OOS indicator message to a load balancing peer.
718030,718030: Received planned OOS from \[(?<ip>(?:\[[^\]]+\]|(?:(?:25[0-5]|2[0-4]\d|1\d\d|[1-9]?\d)\.){3}(?:25[0-5]|2[0-4]\d|1\d\d|[1-9]?\d)|[0-9a-fA-F:.]+))\]$,The Secure Firewall ASA received a planned OOS message from a load balancing peer.
718031,718031: Received OOS obituary for \[(?<ip>(?:\[[^\]]+\]|(?:(?:25[0-5]|2[0-4]\d|1\d\d|[1-9]?\d)\.){3}(?:25[0-5]|2[0-4]\d|1\d\d|[1-9]?\d)|[0-9a-fA-F:.]+))\]$,The Secure Firewall ASA received an OOS obituary message from a load balancing peer.
718032,718032: Received OOS indicator from \[(?<ip>(?:\[[^\]]+\]|(?:(?:25[0-5]|2[0-4]\d|1\d\d|[1-9]?\d)\.){3}(?:25[0-5]|2[0-4]\d|1\d\d|[1-9]?\d)|[0-9a-fA-F:.]+))\]$,The Secure Firewall ASA received an OOS indicator message from a load balancing peer.
718033,718033: Send TOPOLOGY indicator failure to \[(?<ip>(?:\[[^\]]+\]|(?:(?:25[0-5]|2[0-4]\d|1\d\d|[1-9]?\d)\.){3}(?:25[0-5]|2[0-4]\d|1\d\d|[1-9]?\d)|[0-9a-fA-F:.]+))\]$,An error has occurred while attempting to send a Topology indicator message to one of the load balancing peers. This might indicate a network problem or an internal software error.
718034,718034: Sent TOPOLOGY indicator to \[(?<ip>(?:\[[^\]]+\]|(?:(?:25[0-5]|2[0-4]\d|1\d\d|[1-9]?\d)\.){3}(?:25[0-5]|2[0-4]\d|1\d\d|[1-9]?\d)|[0-9a-fA-F:.]+))\]$,The Secure Firewall ASA sent a Topology indicator message to a load balancing peer.
718035,718035: Received TOPOLOGY indicator from \[(?<ip>(?:\[[^\]]+\]|(?:(?:25[0-5]|2[0-4]\d|1\d\d|[1-9]?\d)\.){3}(?:25[0-5]|2[0-4]\d|1\d\d|[1-9]?\d)|[0-9a-fA-F:.]+))\]$,The Secure Firewall ASA received a Topology indicator message from a load balancing peer.
718037,718037: Master processed (?<number_of_timeouts>\S+) timeouts$,The Secure Firewall ASA in the director role processed the specified number of peer timeouts.
718038,718038: Slave processed (?<number_of_timeouts>\S+) timeouts$,The Secure Firewall ASA in the member role processed the specified number of peer timeouts.
718039,718039: Process dead peer\[(?<ip>(?:\[[^\]]+\]|(?:(?:25[0-5]|2[0-4]\d|1\d\d|[1-9]?\d)\.){3}(?:25[0-5]|2[0-4]\d|1\d\d|[1-9]?\d)|[0-9a-fA-F:.]+))\]$,The Secure Firewall ASA has detected a dead peer.
718040,718040: Timed\-out exchange ID\[(?<exchange_id>\S+)\] not found$,"The Secure Firewall ASA has detected a dead peer, but the exchange ID is not recognized."
718041,718041: Timeout \[msgType=(?<type>\S+)\] processed with no callback$,"The Secure Firewall ASA has detected a dead peer, but a call back was not used in the processing."
718042,718042: Unable to ARP for \[(?<ip>(?:\[[^\]]+\]|(?:(?:25[0-5]|2[0-4]\d|1\d\d|[1-9]?\d)\.){3}(?:25[0-5]|2[0-4]\d|1\d\d|[1-9]?\d)|[0-9a-fA-F:.]+))\]\.$,The Secure Firewall ASA experienced an ARP failure when attempting to contact a peer.
718043,718043: Updating/removing duplicate peer entry \[(?<ip>(?:\[[^\]]+\]|(?:(?:25[0-5]|2[0-4]\d|1\d\d|[1-9]?\d)\.){3}(?:25[0-5]|2[0-4]\d|1\d\d|[1-9]?\d)|[0-9a-fA-F:.]+))\]$,The Secure Firewall ASA found and is removing a duplicate peer entry.
718044,718044: Deleted peer\[(?<ip>(?:\[[^\]]+\]|(?:(?:25[0-5]|2[0-4]\d|1\d\d|[1-9]?\d)\.){3}(?:25[0-5]|2[0-4]\d|1\d\d|[1-9]?\d)|[0-9a-fA-F:.]+))\]$,The Secure Firewall ASA is deleting a load balancing peer.
718045,718045: Created peer\[(?<ip>(?:\[[^\]]+\]|(?:(?:25[0-5]|2[0-4]\d|1\d\d|[1-9]?\d)\.){3}(?:25[0-5]|2[0-4]\d|1\d\d|[1-9]?\d)|[0-9a-fA-F:.]+))\]$,The Secure Firewall ASA has detected a load balancing peer.
718046,718046: Create group policy \[(?<policy_name>\S+)\]$,The Secure Firewall ASA has created a group policy to securely communicate with the load balancing peers.
718047,718047: Fail to create group policy \[(?<policy_name>\S+)\]$,The Secure Firewall ASA experienced a failure when attempting to create a group policy for securing the communication between load balancing peers.
718048,718048: Create of secure tunnel failure for peer \[(?<ip>(?:\[[^\]]+\]|(?:(?:25[0-5]|2[0-4]\d|1\d\d|[1-9]?\d)\.){3}(?:25[0-5]|2[0-4]\d|1\d\d|[1-9]?\d)|[0-9a-fA-F:.]+))\]$,The Secure Firewall ASA experienced a failure when attempting to establish an IPsec tunnel to a load balancing peer.
718049,718049: Created secure tunnel to peer\[(?<ip>(?:\[[^\]]+\]|(?:(?:25[0-5]|2[0-4]\d|1\d\d|[1-9]?\d)\.){3}(?:25[0-5]|2[0-4]\d|1\d\d|[1-9]?\d)|[0-9a-fA-F:.]+))\]$,The Secure Firewall ASA successfully established an IPsec tunnel to a load balancing peer.
718050,718050: Delete of secure tunnel failure for peer \[(?<ip>(?:\[[^\]]+\]|(?:(?:25[0-5]|2[0-4]\d|1\d\d|[1-9]?\d)\.){3}(?:25[0-5]|2[0-4]\d|1\d\d|[1-9]?\d)|[0-9a-fA-F:.]+))\]$,The Secure Firewall ASA experienced a failure when attempting to terminate an IPsec tunnel to a load balancing peer.
718051,718051: Deleted secure tunnel to peer\[(?<ip>(?:\[[^\]]+\]|(?:(?:25[0-5]|2[0-4]\d|1\d\d|[1-9]?\d)\.){3}(?:25[0-5]|2[0-4]\d|1\d\d|[1-9]?\d)|[0-9a-fA-F:.]+))\]$,The Secure Firewall ASA successfully terminated an IPsec tunnel to a load balancing peer.
718052,718052: Received GRAT\-ARP from duplicate control node\[(?<mac_address>\S+)\]$,The Secure Firewall ASA received a gratuitous ARP from a duplicate director.
718054,718054: Detected duplicate control node\[(?<mac_address>\S+)\] and going to SLAVE$,The Secure Firewall ASA detected a duplicate director and is switching to member mode.
718055,718055: Detected duplicate control node\[(?<mac_address>\S+)\] and staying MASTER$,The Secure Firewall ASA detected a duplicate director and is staying in member mode.
718060,718060: Inbound socket select fail: context=(?<context_id>\S+)\.$,The socket select call returned an error and the socket cannot be read. This might indicate an internal software error.
718061,718061: Inbound socket read fail: context=(?<context_id>\S+)\.$,The socket read failed after data was detected through the select call. This might indicate an internal software error.
718062,718062: Inbound thread is awake \(context=(?<context_id>\S+)\)\.$,The load balancing process is awakened and begins processing.
718063,718063: Interface (?<interface_name>\S+) is down\.$,The load balancing process found the interface down.
718064,718064: Admin\. (?<interface>\S+) (?<interface_name>\S+) is down\.$,The load balancing process found the administrative interface down.
718068,718068: Start VPN Load Balancing in context (?<context_id>\S+)\.$,The load balancing process has been started and initialized.
718069,718069: Stop VPN Load Balancing in context (?<context_id>\S+)\.$,The load balancing process has been stopped.
718070,718070: Reset VPN Load Balancing in context (?<context_id>\S+)\.$,The LB process has been reset.
718071,718071: Terminate VPN Load Balancing in context (?<context_id>\S+)\.$,The LB process has been terminated.
718072,718072: Becoming control node of Load Balancing in context (?<context_id>\S+)\.$,The Secure Firewall ASA has become the LB director.
718073,718073: Becoming data node of Load Balancing in context (?<context_id>\S+)\.$,The Secure Firewall ASA has become the LB member.
718074,718074: Fail to create access list for peer (?<context_id>\S+)\.$,ACLs are used to create secure tunnels over which the LB peers can communicate. The Secure Firewall ASA was unable to create one of these ACLs. This might indicate an addressing problem or an internal software problem.
718075,718075: Peer (?<ip>(?:\[[^\]]+\]|(?:(?:25[0-5]|2[0-4]\d|1\d\d|[1-9]?\d)\.){3}(?:25[0-5]|2[0-4]\d|1\d\d|[1-9]?\d)|[0-9a-fA-F:.]+)) access list not set\.$,"While removing a secure tunnel, the Secure Firewall ASA detected a peer entry that did not have an associated ACL."
718076,718076: Fail to create tunnel group for peer (?<ip>(?:\[[^\]]+\]|(?:(?:25[0-5]|2[0-4]\d|1\d\d|[1-9]?\d)\.){3}(?:25[0-5]|2[0-4]\d|1\d\d|[1-9]?\d)|[0-9a-fA-F:.]+))\.$,The Secure Firewall ASA experienced a failure when trying to create a tunnel group for securing the communication between load balancing peers.
718077,718077: Fail to delete tunnel group for peer (?<ip>(?:\[[^\]]+\]|(?:(?:25[0-5]|2[0-4]\d|1\d\d|[1-9]?\d)\.){3}(?:25[0-5]|2[0-4]\d|1\d\d|[1-9]?\d)|[0-9a-fA-F:.]+))\.$,The Secure Firewall ASA experienced a failure when attempting to delete a tunnel group for securing the communication between load balancing peers.
718078,718078: Fail to create crypto map for peer (?<ip>(?:\[[^\]]+\]|(?:(?:25[0-5]|2[0-4]\d|1\d\d|[1-9]?\d)\.){3}(?:25[0-5]|2[0-4]\d|1\d\d|[1-9]?\d)|[0-9a-fA-F:.]+))\.$,The Secure Firewall ASA experienced a failure when attempting to create a crypto map for securing the communication between load balancing peers.
718079,718079: Fail to delete crypto map for peer (?<ip>(?:\[[^\]]+\]|(?:(?:25[0-5]|2[0-4]\d|1\d\d|[1-9]?\d)\.){3}(?:25[0-5]|2[0-4]\d|1\d\d|[1-9]?\d)|[0-9a-fA-F:.]+))\.$,The Secure Firewall ASA experienced a failure when attempting to delete a crypto map for securing the communication between load balancing peers.
718080,718080: Fail to create crypto policy for peer (?<ip>(?:\[[^\]]+\]|(?:(?:25[0-5]|2[0-4]\d|1\d\d|[1-9]?\d)\.){3}(?:25[0-5]|2[0-4]\d|1\d\d|[1-9]?\d)|[0-9a-fA-F:.]+))\.$,The Secure Firewall ASA experienced a failure when attempting to create a transform set to be used in securing the communication between load balancing peers. This might indicate an internal software problem.
718081,718081: Fail to delete crypto policy for peer (?<ip>(?:\[[^\]]+\]|(?:(?:25[0-5]|2[0-4]\d|1\d\d|[1-9]?\d)\.){3}(?:25[0-5]|2[0-4]\d|1\d\d|[1-9]?\d)|[0-9a-fA-F:.]+))\.$,The Secure Firewall ASA experienced a failure when attempting to delete a transform set used in securing the communication between load balancing peers.
718082,718082: Fail to create crypto ipsec for peer (?<ip>(?:\[[^\]]+\]|(?:(?:25[0-5]|2[0-4]\d|1\d\d|[1-9]?\d)\.){3}(?:25[0-5]|2[0-4]\d|1\d\d|[1-9]?\d)|[0-9a-fA-F:.]+))\.$,"When cluster encryption for VPN load balancing is enabled, the VPN load balancing device creates a set of site-to-site tunnels for every other device in the load balancing cluster. For each tunnel, a set of crypto parameters (access list, crypto maps, and transform set) is created dynamically. One or more crypto parameters failed to be created or configured."
718083,718083: Fail to delete crypto ipsec for peer (?<ip>(?:\[[^\]]+\]|(?:(?:25[0-5]|2[0-4]\d|1\d\d|[1-9]?\d)\.){3}(?:25[0-5]|2[0-4]\d|1\d\d|[1-9]?\d)|[0-9a-fA-F:.]+))\.$,"When the local VPN load balancing device is removed from the cluster, crypto parameters are removed. One or more crypto parameters failed to be deleted."
718085,718085: Interface (?<interface_name>\S+) has no (?<ip>(?:\[[^\]]+\]|(?:(?:25[0-5]|2[0-4]\d|1\d\d|[1-9]?\d)\.){3}(?:25[0-5]|2[0-4]\d|1\d\d|[1-9]?\d)|[0-9a-fA-F:.]+)) defined\.$,The interface does not have an IP address configured.
718088,718088: Possible VPN LB misconfiguration\. Offending device MAC \[(?<mac_address>\S+)\]\.$,The presence of a duplicate director indicates that one of the load balancing peers may be misconfigured.
719001,719001: Email Proxy session could not be established: session limit of (?<maximum_sessions>\S+) has been reached\.$,The incoming e-mail proxy session cannot be established because the maximum session limit has been reached.
719002,719002: Email Proxy session pointer from (?<src_ip>(?:\[[^\]]+\]|(?:(?:25[0-5]|2[0-4]\d|1\d\d|[1-9]?\d)\.){3}(?:25[0-5]|2[0-4]\d|1\d\d|[1-9]?\d)|[0-9a-fA-F:.]+)) has been terminated due to (?<reason>\S+) error\.$,"The session has been terminated because of an error. The possible errors are failure to add a session to the session database, failure to allocate memory, and failure to write data to a channel."
719003,719003: Email Proxy session (?<pointer>\S+) resources have been freed for (?<src_ip>(?:\[[^\]]+\]|(?:(?:25[0-5]|2[0-4]\d|1\d\d|[1-9]?\d)\.){3}(?:25[0-5]|2[0-4]\d|1\d\d|[1-9]?\d)|[0-9a-fA-F:.]+)) \.$,The dynamic allocated session structure has been freed and set to NULL after the session terminated.
719004,719004: Email Proxy session pointer has been successfully established for (?<src_ip>(?:\[[^\]]+\]|(?:(?:25[0-5]|2[0-4]\d|1\d\d|[1-9]?\d)\.){3}(?:25[0-5]|2[0-4]\d|1\d\d|[1-9]?\d)|[0-9a-fA-F:.]+)) \.$,A new incoming e-mail client session has been established.
719005,719005: FSM NAME has been created using (?<protocol>\S+) for session (?<pointer>\S+) from (?<src_ip>(?:\[[^\]]+\]|(?:(?:25[0-5]|2[0-4]\d|1\d\d|[1-9]?\d)\.){3}(?:25[0-5]|2[0-4]\d|1\d\d|[1-9]?\d)|[0-9a-fA-F:.]+)) \.$,The FSM has been created for an incoming new session.
719006,719006: Email Proxy session (?<pointer>\S+) has timed out for (?<src_ip>(?:\[[^\]]+\]|(?:(?:25[0-5]|2[0-4]\d|1\d\d|[1-9]?\d)\.){3}(?:25[0-5]|2[0-4]\d|1\d\d|[1-9]?\d)|[0-9a-fA-F:.]+)) because of network congestion\.$,"Network congestion is occurring, and data cannot be sent to either an e-mail client or an e-mail server. This condition starts the block timer. After the block timer is timed out, the session expires."
719007,719007: Email Proxy session (?<pointer>\S+) cannot be found for (?<src_ip>(?:\[[^\]]+\]|(?:(?:25[0-5]|2[0-4]\d|1\d\d|[1-9]?\d)\.){3}(?:25[0-5]|2[0-4]\d|1\d\d|[1-9]?\d)|[0-9a-fA-F:.]+)) \.$,A matching session cannot be found in the session database. The session pointer is bad.
719010,719010: (?<protocol>\S+) Email Proxy feature is disabled on (?<interface>\S+) (?<interface_name>\S+) \.$,"The e-mail proxy feature is disabled on a specific entry point, invoked from the CLI. This is the main off switch for the user. When all protocols are turned off for all interfaces, the main shut-down routine is invoked to clean up global resources and threads."
719011,719011: Protocol Email Proxy feature is enabled on (?<interface>\S+) (?<interface_name>\S+) \.$,"The e-mail proxy feature is enabled on a specific entry point, invoked from the CLI. This is the main on switch for the user. When it is first used, the main startup routine is invoked to allocate global resources and threads. Subsequent calls only need to start listening threads for the particular protocol."
719012,719012: Email Proxy server listening on port (?<port>\S+) for mail protocol (?<protocol>\S+) \.$,A listening channel is opened for a specific protocol on a configured port and has added it to a TCP select group.
719013,719013: Email Proxy server closing port (?<port>\S+) for mail protocol (?<protocol>\S+) \.$,A listening channel is closed for a specific protocol on a configured port and has removed it from the TCP select group.
719014,719014: Email Proxy is changing listen port from (?<old_port>\S+) to (?<new_port>\S+) for mail protocol (?<protocol>\S+) \.$,A change is signaled in the listening port for the specified protocol. All enabled interfaces for that port have their listening channels closed and have restarted listening on the new port. This action is invoked from the CLI.
719017,719017: (?<webvpn>\S+) (?<user>\S+): (?<vpnuser>\S+) invalid dynamic ACL\.$,"The WebVPN session is aborted because the ACL has failed to parse for this user. The ACL determines what the user restrictions are on e-mail account access. The ACL is downloaded from the AAA server. Because of this error, it is unsafe to proceed with login."
719018,719018: (?<webvpn>\S+) (?<user>\S+): (?<vpnuser>\S+) ACL ID (?<acl_id>\S+) not found$,"The ACL cannot be found at the local maintained ACL list. The ACL determines what the user restrictions are on e-mail account access. The ACL is configured locally. Because of this error, you cannot be authorized to proceed."
719019,719019: (?<webvpn>\S+) (?<user>\S+): (?<vpnuser>\S+) authorization failed\.$,The ACL determines what the user restrictions are on e-mail account access. The user cannot access the e-mail account because the authorization check fails.
719020,719020: (?<webvpn>\S+) (?<user>\S+) (?<vpnuser>\S+) authorization completed successfully\.$,The ACL determines what the user restrictions are on e-mail account access. The user is authorized to access the e-mail account.
719021,719021: (?<webvpn>\S+) (?<user>\S+): (?<vpnuser>\S+) is not checked against ACL\.$,The ACL determines what the user restrictions are on e-mail account access. The authorization checking using the ACL is not enabled.
719022,719022: (?<webvpn>\S+) (?<user>\S+) (?<vpnuser>\S+) has been authenticated\.$,The username is authenticated by the AAA server.
719023,719023: (?<webvpn>\S+) (?<user>\S+) (?<vpnuser>\S+) has not been successfully authenticated\. Access denied\.$,The username is denied by the AAA server. The session will be aborted. The user is not allowed to access the e-mail account.
719024,719024: Email Proxy piggyback auth fail: session = (?<pointer>\S+) (?<user>\S+)=(?<vpnuser>\S+) addr=(?<src_ip>(?:\[[^\]]+\]|(?:(?:25[0-5]|2[0-4]\d|1\d\d|[1-9]?\d)\.){3}(?:25[0-5]|2[0-4]\d|1\d\d|[1-9]?\d)|[0-9a-fA-F:.]+))$,"The Piggyback authentication is using an established WebVPN session to verify the username and IP address matching in the WebVPN session database. This is based on the assumption that the WebVPN session and e-mail proxy session are initiated by the same user, and a WebVPN session is already established. Because the authentication has failed, the session will be aborted. The user is not allowed to access the e-mail account."
719025,719025: Email Proxy DNS name resolution failed for (?<hostname>\S+) \.$,"The hostname cannot be resolved with the IP address because it is not valid, or no DNS server is available."
719026,719026: Email Proxy DNS name (?<hostname>\S+) resolved to (?<ip>(?:\[[^\]]+\]|(?:(?:25[0-5]|2[0-4]\d|1\d\d|[1-9]?\d)\.){3}(?:25[0-5]|2[0-4]\d|1\d\d|[1-9]?\d)|[0-9a-fA-F:.]+)) \.$,The hostname has successfully been resolved with the IP address.
720001,720001: \(VPN\-(?<unit>\S+) \) Failed to initialize with Chunk Manager\.$,"The VPN failover subsystem fails to initialize with the memory buffer management subsystem. A system-wide problem has occurred, and the VPN failover subsystem cannot be started."
720002,720002: \(VPN\-(?<unit>\S+) \) Starting VPN Stateful Failover Subsystem\.\.\.$,The VPN failover subsystem is starting and booting up.
720003,720003: \(VPN\-(?<unit>\S+) \) Initialization of VPN Stateful Failover Component completed successfully$,The VPN failover subsystem initialization is completed at boot time.
720004,720004: \(VPN\-(?<unit>\S+) \) VPN failover main thread started\.$,The VPN failover main processing thread is started at boot time.
720005,720005: \(VPN\-(?<unit>\S+) \) VPN failover timer thread started\.$,The VPN failover timer processing thread is started at boot time.
720006,720006: \(VPN\-(?<unit>\S+) \) VPN failover sync thread started\.$,The VPN failover bulk synchronization processing thread is started at boot time.
720007,720007: \(VPN\-(?<unit>\S+) \) Failed to allocate chunk from Chunk Manager\.$,The set of preallocated memory buffers is running out. The Secure Firewall ASA has a resource issue. The Secure Firewall ASA may be under heavy load when too many messages are being processed.
720008,720008: \(VPN\-(?<unit>\S+) \) Failed to register to High Availability Framework\.$,"The VPN failover subsystem failed to register to the core failover subsystem. The VPN failover subsystem cannot be started, which may be caused by initialization problems of other subsystems."
720009,720009: \(VPN\-(?<unit>\S+) \) Failed to create version control block\.$,"The VPN failover subsystem failed to create a version control block. This step is required for the VPN failover subsystem to find out the backward compatible firmware versions for the current release. The VPN failover subsystem cannot be started, which may be caused by initialization problems of other subsystems."
720010,720010: \(VPN\-(?<unit>\S+) \) VPN failover client is being disabled$,"An operator enabled failover without defining a failover key. In order to use a VPN failover, a failover key must be defined."
720011,720011: \(VPN\-(?<unit>\S+) \) Failed to allocate memory$,"The VPN failover subsystem cannot allocate a memory buffer, which indicates a system-wide resource problem. The Secure Firewall ASA may be under heavy load."
720012,720012: \(VPN\-(?<unit>\S+) \) Failed to update IPsec failover runtime data on the standby unit\.$,The VPN failover subsystem cannot update IPsec-related runtime data because the corresponding IPsec tunnel has been deleted on the standby unit.
720013,720013: \(VPN\-(?<unit>\S+) \) Failed to insert certificate in trustpoint (?<trustpoint_name>\S+)$,The VPN failover subsystem tried to insert a certificate in the trustpoint.
720016,720016: \(VPN\-unit\) Failed to initialize default timer (?<index>\S+) \.$,The VPN failover subsystem failed to initialize the given timer event. The VPN failover subsystem cannot be started at boot time.
720017,720017: \(VPN\-(?<unit>\S+) \) Failed to update LB runtime data$,The VPN failover subsystem failed to update the VPN load balancing runtime data.
720018,720018: \(VPN\-(?<unit>\S+) \) Failed to get a buffer from the underlying core high availability subsystem\. Error code code\.$,The Secure Firewall ASA may be under heavy load. The VPN failover subsystem failed to obtain a failover buffer.
720019,720019: \(VPN\-(?<unit>\S+) \) Failed to update cTCP statistics\.$,The VPN failover subsystem failed to update the IPsec/cTCP-related statistics.
720020,720020: \(VPN\-(?<unit>\S+) \) Failed to send type timer message\.$,The VPN failover subsystem failed to send a periodic timer message to the standby unit.
720021,720021: \(VPN\-(?<unit>\S+) \) HA non\-block send failed for peer msg (?<message_number>\S+) \. HA error (?<code>\S+) \.$,The VPN failover subsystem failed to send a nonblock message. This is a temporary condition caused by the Secure Firewall ASA being under load or out of resources.
720022,720022: \(VPN\-(?<unit>\S+) \) Cannot find trustpoint (?<trustpoint>\S+)$,An error occurred when the VPN failover subsystem tried to look up a trustpoint by name.
720023,720023: \(VPN\-(?<unit>\S+) \) HA status callback: Peer is (?<not>\S+) present\.$,The VPN failover subsystem is notified by the core failover subsystem when the local Secure Firewall ASA detected that a peer is available or becomes unavailable.
720024,720024: \(VPN\-(?<unit>\S+) \) HA status callback: Control channel is (?<status>\S+) \.$,"The failover control channel is either up or down. The failover control channel is defined by the failover link and show failover commands, which indicate whether the failover link channel is up or down."
720025,720025: \(VPN\-(?<unit>\S+) \) HA status callback: Data channel is (?<status>\S+) \.$,The failover data channel is up or down.
720026,720026: \(VPN\-(?<unit>\S+) \) HA status callback: Current progression is being aborted\.$,"An operator or other external condition has occurred and has caused the current failover progression to abort before the failover peer agrees on the role (either active or standby). For example, when the failover active command is entered on the standby unit during the negotiation, or when the active unit is being rebooted."
720027,720027: \(VPN\-(?<unit>\S+) \) HA status callback: My state (?<state>\S+) \.$,The state of the local failover device is changed.
720028,720028: \(VPN\-(?<unit>\S+) \) HA status callback: Peer state (?<state>\S+) \.$,The current state of the failover peer is reported.
720029,720029: \(VPN\-(?<unit>\S+) \) HA status callback: Start VPN bulk sync state\.$,The active unit is ready to send all the state information to the standby unit.
720030,720030: \(VPN\-(?<unit>\S+) \) HA status callback: Stop bulk sync state\.$,The active unit finished sending all the state information to the standby unit.
720031,720031: \(VPN\-(?<unit>\S+) \) HA status callback: Invalid event received\. event=(?<event_id>\S+) \.$,The VPN failover subsystem received an invalid callback event from the underlying failover subsystem.
720033,720033: \(VPN\-(?<unit>\S+) \) Failed to queue add to message queue\.$,"System resources may be running low. An error occurred when the VPN failover subsystem tried to queue an internal message. This may be a temporary condition indicating that the Secure Firewall ASA is under heavy load, and the VPN failover subsystem cannot allocate resource to handle incoming traffic."
720034,720034: \(VPN\-(?<unit>\S+) \) Invalid type \((?<type>\S+) \) for message handler\.$,An error occurred when the VPN failover subsystem tried to process an invalid message type.
720035,720035: \(VPN\-(?<unit>\S+) \) Fail to look up CTCP flow handle$,The cTCP flow may be deleted on the standby unit before the VPN failover subsystem tries to do a lookup.
720036,720036: \(VPN\-(?<unit>\S+) \) Failed to process state update message from the active peer\.$,An error occurred when the VPN failover subsystem tried to process a state update message received by the standby unit.
720038,720038: \(VPN\-(?<unit>\S+) \) Corrupted message from active unit\.$,"The standby unit received a corrupted message from the active unit. Messages from the active unit are corrupted, which may be caused by incompatible firmware running between the active and standby units. The local unit has become the active unit of the failover pair."
720039,720039: \(VPN\-(?<unit>\S+) \) VPN failover client is transitioning to active state$,The local unit has become the active unit of the failover pair.
720040,720040: \(VPN\-(?<unit>\S+) \) VPN failover client is transitioning to standby state\.$,The local unit has become the standby unit of the failover pair.
720041,720041: \(VPN\-(?<unit>\S+) \) Sending (?<type>\S+) message (?<id>\S+) to standby unit$,A message has been sent from the active unit to the standby unit.
720042,720042: \(VPN\-(?<unit>\S+) \) Receiving (?<type>\S+) message (?<id>\S+) from active unit$,A message has been received from the active unit by the standby unit.
720043,720043: \(VPN\-(?<unit>\S+) \) Failed to send (?<type>\S+) message (?<id>\S+) to standby unit$,"An error occurred when the VPN failover subsystem tried to send a message from the active unit to the standby unit. The error may be caused by message 720018, in which the core failover subsystem runs out of failover buffer or the failover LAN link is down."
720044,720044: \(VPN\-(?<unit>\S+) \) Failed to receive message from active unit$,An error occurred when the VPN failover subsystem tried to receive a message on the standby unit. The error may be caused by a corrupted message or an inadequate amount of memory allocated for storing the incoming message.
720045,720045: \(VPN\-(?<unit>\S+) \) Start bulk syncing of state information on standby unit\.$,The standby unit has been notified to start receiving bulk synchronization information from the active unit.
720046,720046: \(VPN\-(?<unit>\S+) \) End bulk syncing of state information on standby unit$,The standby unit has been notified that bulk synchronization from the active unit is completed.
720047,720047: \(VPN\-(?<unit>\S+) \) Failed to sync SDI node secret file for server (?<ip>(?:\[[^\]]+\]|(?:(?:25[0-5]|2[0-4]\d|1\d\d|[1-9]?\d)\.){3}(?:25[0-5]|2[0-4]\d|1\d\d|[1-9]?\d)|[0-9a-fA-F:.]+)) on the standby unit\.$,An error occurred when the VPN failover subsystem tried to synchronize a node secret file for the SDI server on the standby unit. The SDI node secret file is stored in flash. The error may indicate that the flash file system is full or corrupted.
720050,720050: \(VPN\-(?<unit>\S+) \) Failed to remove timer\. ID = (?<id>\S+) \.$,A timer cannot be removed from the timer processing thread.
720051,720051: \(VPN\-(?<unit>\S+) \) Failed to add new SDI node secret file for server (?<id>\S+) on the standby unit\.$,An error occurred when the VPN failover subsystem tried to add a node secret file for the SDI server on the standby unit. The SDI node secret file is stored in flash. The error may indicate that the flash file system is full or corrupted.
720052,720052: \(VPN\-(?<unit>\S+) \) Failed to delete SDI node secret file for server (?<id>\S+) on the standby unit\.$,"An error occurred when the VPN failover subsystem tried to delete a node secret file on the active unit. The node secret file being deleted may not exist in the flash file system, or there was problem reading the flash file system."
720055,720055: \(VPN\-(?<unit>\S+) \) VPN Stateful failover can only be run in single/non\-transparent mode\.$,The VPN subsystem does not start unless it is running in single (nontransparent) mode.
720056,720056: \(VPN\-(?<unit>\S+) \) VPN Stateful failover Message Thread is being disabled\.$,"The VPN failover subsystem main message processing thread is disabled when you have tried to enable failover, but a failover key is not defined. A failover key is required for VPN failover."
720057,720057: \(VPN\-(?<unit>\S+) \) VPN Stateful failover Message Thread is enabled\.$,The VPN failover subsystem main message processing thread is enabled when failover is enabled and a failover key is defined.
720058,720058: \(VPN\-(?<unit>\S+) \) VPN Stateful failover Timer Thread is disabled\.$,The VPN failover subsystem main timer processing thread is disabled when the failover key is not defined and failover is enabled.
720059,720059: \(VPN\-(?<unit>\S+) \) VPN Stateful failover Timer Thread is enabled\.$,The VPN failover subsystem main timer processing thread is enabled when the failover key is defined and failover is enabled.
720060,720060: \(VPN\-(?<unit>\S+) \) VPN Stateful failover Sync Thread is disabled\.$,"The VPN failover subsystem main bulk synchronization processing thread is disabled when failover is enabled, but the failover key is not defined."
720061,720061: \(VPN\-(?<unit>\S+) \) VPN Stateful failover Sync Thread is enabled\.$,The VPN failover subsystem main bulk synchronization processing thread is enabled when failover is enabled and the failover key is defined.
720062,720062: \(VPN\-(?<unit>\S+) \) Active unit started bulk sync of state information to standby unit\.$,The VPN failover subsystem active unit has started bulk synchronization of state information to the standby unit.
720063,720063: \(VPN\-(?<unit>\S+) \) Active unit completed bulk sync of state information to standby\.$,The VPN failover subsystem active unit has completed bulk synchronization of state information to the standby unit.
720066,720066: \(VPN\-(?<unit>\S+) \) Failed to activate IKE database\.$,An error occurred when the VPN failover subsystem tried to activate the IKE security association database while the standby unit was transitioning to the active state. There may be resource-related issues on the standby unit that prevent the IKE security association database from activating.
720067,720067: \(VPN\-(?<unit>\S+) \) Failed to deactivate IKE database\.$,An error occurred when the VPN failover subsystem tried to deactivate the IKE security association database while the active unit was transitioning to the standby state. There may be resource-related issues on the active unit that prevent the IKE security association database from deactivating.
720068,720068: \(VPN\-(?<unit>\S+) \) Failed to parse peer message\.$,An error occurred when the VPN failover subsystem tried to parse a peer message received on the standby unit. The peer message received on the standby unit cannot be parsed.
720069,720069: \(VPN\-(?<unit>\S+) \) Failed to activate cTCP database\.$,An error occurred when the VPN failover subsystem tried to activate the cTCP database while the standby unit was transitioning to the active state. There may be resource-related issues on the standby unit that prevent the cTCP database from activating.
720070,720070: \(VPN\-(?<unit>\S+) \) Failed to deactivate cTCP database\.$,An error occurred when the VPN failover subsystem tried to deactivate the cTCP database while the active unit was transitioning to the standby state. There may be resource-related issues on the active unit that prevent the cTCP database from deactivating.
720071,720071: \(VPN\-(?<unit>\S+) \) Failed to update cTCP dynamic data\.$,An error occurred while the VPN failover subsystem tried to update cTCP dynamic data.
720073,720073: VPN Session failed to replicate \- ACL (?<acl_name>\S+) not found$,"When replicating VPN sessions to the standby unit, the standby unit failed to find the associated filter ACL."
721001,721001: (?<device>\S+) (?<webvpn>\S+) Failover (?<subsystem>\S+) started successfully\.$,"The WebVPN failover subsystem in the current failover unit, either primary or secondary, has been started successfully."
721004,721004: (?<device>\S+) Create access list (?<list_name>\S+) on standby unit\.$,A WebVPN-specific access list is replicated from the active unit to the standby unit. A successful installation of the WebVPN access list on the standby unit has occurred.
721005,721005: (?<device>\S+) Fail to create access list (?<list_name>\S+) on standby unit\.$,"When a WebVPN-specific access list is installed on the active unit, a copy is installed on the standby unit. The access list failed to be installed on the standby unit. The access list may have existed on the standby unit already."
721006,721006: (?<device>\S+) Update access list (?<list_name>\S+) on standby unit\.$,The content of the access list has been updated on the standby unit.
721007,721007: (?<device>\S+) Fail to update access list (?<list_name>\S+) on standby unit\.$,An error occurred while the standby unit tried to update a WebVPN-specific access list. The access list cannot be located on the standby unit.
721008,721008: (?<device>\S+) Delete access list (?<list_name>\S+) on standby unit\.$,"When a WebVPN-specific access list is removed from the active unit, a message is sent to the standby unit requesting that the same access list be removed. As a result, a WebVPN-specific access list has been removed from the standby unit."
721009,721009: (?<device>\S+) Fail to delete access list (?<list_name>\S+) on standby unit\.$,"When a WebVPN-specific access list is removed on the active unit, a message is sent to the standby unit requesting the same access list be removed. An error condition occurred when an attempt was made to remove the corresponding access list on the standby unit. The access list did not exist on the standby unit."
721010,721010: (?<device>\S+) Add access list (?<list_name>\S+) on standby unit\.$,"When an access list rule is added to the active unit, the same rule is added on the standby unit. A new access list rule was added successfully on the standby unit."
721011,721011: (?<device>\S+) Fail to add access list (?<list_name>\S+) on standby unit\.$,"When an access list rule is added to the active unit, an attempt is made to add the same access list rule to the standby unit. An error occurred when an attempt is made to add a new access list rule to the standby unit. The same access list rule may exist on the standby unit."
721012,721012: (?<device>\S+) Enable APCF XML file (?<file_name>\S+) on the standby unit\.$,"When an APCF XML file is installed on the active unit, an attempt is made to install the same file on the standby unit. An APCF XML file was installed successfully on the standby unit. Use the dir command on the standby unit to show that the XML file exists in the flash file system."
721013,721013: (?<device>\S+) Fail to enable APCF XML file (?<file_name>\S+) on the standby unit\.$,"When an APCF XML file is installed on the active unit, an attempt is made to install the same file on the standby unit. An APCF XML file failed to install on the standby unit."
721014,721014: (?<device>\S+) Disable APCF XML file (?<file_name>\S+) on the standby unit\.$,"When an APCF XML file is removed on the active unit, an attempt is made to remove the same file on the standby unit. An APCF XML file was removed from the standby unit successfully."
721015,721015: (?<device>\S+) Fail to disable APCF XML file (?<file_name>\S+) on the standby unit\.$,"When an APCF XML file is removed on the active unit, an attempt is made to remove the same file on the standby unit. An error occurred when an attempt was made to remove an APCF XML file from the standby unit. The file may not be installed on the standby unit."
721016,721016: (?<device>\S+) (?<webvpn>\S+) session for client (?<user>\S+) has been created\.$,A remote WebVPN user has logged in successfully and the login information has been installed on the standby unit.
721017,721017: (?<device>\S+) \.Fail to create (?<webvpn>\S+) session for client (?<user>\S+)\.$,"When a WebVPN user logs in to the active unit, the login information is replicated to the standby unit. An error occurred while replicating the login information to the standby unit."
721018,721018: (?<device>\S+) (?<webvpn>\S+) session for client (?<user>\S+) has been deleted\.$,"When a WebVPN user logs out on the active unit, a logout message is sent to the standby unit to remove the user session from the standby unit. A WebVPN user record was removed from the standby unit successfully."
721019,721019: (?<device>\S+) \.Fail to delete (?<webvpn>\S+) session for client (?<user>\S+)\.$,"When a WebVPN user logs out on the active unit, a logout message is sent to the standby unit to remove the user session from the standby unit. An error occurred when an attempt was made to remove a WebVPN user record from the standby unit."
722002,722002: IP (?<ip>(?:\[[^\]]+\]|(?:(?:25[0-5]|2[0-4]\d|1\d\d|[1-9]?\d)\.){3}(?:25[0-5]|2[0-4]\d|1\d\d|[1-9]?\d)|[0-9a-fA-F:.]+)) Error consolidating SVC connect request\.$,There is not enough memory to perform the action.
722004,722004: Group (?<group>\S+) User (?<user>\S+) IP (?<ip>(?:\[[^\]]+\]|(?:(?:25[0-5]|2[0-4]\d|1\d\d|[1-9]?\d)\.){3}(?:25[0-5]|2[0-4]\d|1\d\d|[1-9]?\d)|[0-9a-fA-F:.]+)) Error responding to SVC connect request\.$,There is not enough memory to perform the action.
722005,722005: Group (?<group>\S+) User (?<user>\S+) IP (?<ip>(?:\[[^\]]+\]|(?:(?:25[0-5]|2[0-4]\d|1\d\d|[1-9]?\d)\.){3}(?:25[0-5]|2[0-4]\d|1\d\d|[1-9]?\d)|[0-9a-fA-F:.]+)) Unable to update session information for SVC connection\.$,There is not enough memory to perform the action.
722006,722006: Group (?<group>\S+) User (?<user>\S+) IP (?<ip>(?:\[[^\]]+\]|(?:(?:25[0-5]|2[0-4]\d|1\d\d|[1-9]?\d)\.){3}(?:25[0-5]|2[0-4]\d|1\d\d|[1-9]?\d)|[0-9a-fA-F:.]+)) Invalid address (?<ip_2>(?:\[[^\]]+\]|(?:(?:25[0-5]|2[0-4]\d|1\d\d|[1-9]?\d)\.){3}(?:25[0-5]|2[0-4]\d|1\d\d|[1-9]?\d)|[0-9a-fA-F:.]+)) assigned to SVC connection\.$,An invalid address was assigned to the user.
722007,722007: Group (?<group>\S+) User (?<user>\S+) IP (?<ip>(?:\[[^\]]+\]|(?:(?:25[0-5]|2[0-4]\d|1\d\d|[1-9]?\d)\.){3}(?:25[0-5]|2[0-4]\d|1\d\d|[1-9]?\d)|[0-9a-fA-F:.]+)) SVC Message: (?<type_num>\S+)/EMERGENCY: (?<message>\S+)\.$,The SVC issued a message.
722008,722008: Group (?<group>\S+) User (?<user>\S+) IP (?<ip>(?:\[[^\]]+\]|(?:(?:25[0-5]|2[0-4]\d|1\d\d|[1-9]?\d)\.){3}(?:25[0-5]|2[0-4]\d|1\d\d|[1-9]?\d)|[0-9a-fA-F:.]+)) SVC Message: (?<type_num>\S+)/ALERT: (?<message>\S+)\.$,The SVC issued a message.
722009,722009: Group (?<group>\S+) User (?<user>\S+) IP (?<ip>(?:\[[^\]]+\]|(?:(?:25[0-5]|2[0-4]\d|1\d\d|[1-9]?\d)\.){3}(?:25[0-5]|2[0-4]\d|1\d\d|[1-9]?\d)|[0-9a-fA-F:.]+)) SVC Message: (?<type_num>\S+)/CRITICAL: (?<message>\S+)\.$,The SVC issued a message.
722013,722013: Group (?<group>\S+) User (?<user>\S+) IP (?<ip>(?:\[[^\]]+\]|(?:(?:25[0-5]|2[0-4]\d|1\d\d|[1-9]?\d)\.){3}(?:25[0-5]|2[0-4]\d|1\d\d|[1-9]?\d)|[0-9a-fA-F:.]+)) SVC Message: (?<type_num>\S+)/INFO: (?<message>\S+)\.$,The SVC issued a message.
722014,722014: Group (?<group>\S+) User (?<user>\S+) IP (?<ip>(?:\[[^\]]+\]|(?:(?:25[0-5]|2[0-4]\d|1\d\d|[1-9]?\d)\.){3}(?:25[0-5]|2[0-4]\d|1\d\d|[1-9]?\d)|[0-9a-fA-F:.]+)) SVC Message: (?<type_num>\S+)/DEBUG: (?<message>\S+)\.$,The SVC issued a message.
722015,722015: Group (?<group>\S+) User (?<user>\S+) IP (?<ip>(?:\[[^\]]+\]|(?:(?:25[0-5]|2[0-4]\d|1\d\d|[1-9]?\d)\.){3}(?:25[0-5]|2[0-4]\d|1\d\d|[1-9]?\d)|[0-9a-fA-F:.]+)) Unknown SVC frame type: (?<type_num>\S+)$,"The SVC sent an invalid frame type to the device, which might be caused by an SVC version incompatibility."
722016,722016: Group (?<group>\S+) User (?<user>\S+) IP (?<ip>(?:\[[^\]]+\]|(?:(?:25[0-5]|2[0-4]\d|1\d\d|[1-9]?\d)\.){3}(?:25[0-5]|2[0-4]\d|1\d\d|[1-9]?\d)|[0-9a-fA-F:.]+)) Bad SVC frame length: (?<length>\S+) expected: (?<expected_length>\S+)$,"The expected amount of data was not available from the SVC, which might be caused by an SVC version incompatibility."
722019,722019: Group (?<group>\S+) User (?<user>\S+) IP (?<ip>(?:\[[^\]]+\]|(?:(?:25[0-5]|2[0-4]\d|1\d\d|[1-9]?\d)\.){3}(?:25[0-5]|2[0-4]\d|1\d\d|[1-9]?\d)|[0-9a-fA-F:.]+)) Not enough data for an SVC header: (?<length>\S+)$,"The expected amount of data was not available from the SVC, which might be caused by an SVC version incompatibility."
722020,722020: (?<tunnelgroup>\S+) (?<tunnel_group>\S+) (?<grouppolicy>\S+) (?<group_policy>\S+) User (?<user>\S+) IP (?<ip>(?:\[[^\]]+\]|(?:(?:25[0-5]|2[0-4]\d|1\d\d|[1-9]?\d)\.){3}(?:25[0-5]|2[0-4]\d|1\d\d|[1-9]?\d)|[0-9a-fA-F:.]+)) No address available for SVC connection$,Address assignment failed for the AnyConnect session. No IP addresses are available.
722021,722021: Group (?<group>\S+) User (?<user>\S+) IP (?<ip>(?:\[[^\]]+\]|(?:(?:25[0-5]|2[0-4]\d|1\d\d|[1-9]?\d)\.){3}(?:25[0-5]|2[0-4]\d|1\d\d|[1-9]?\d)|[0-9a-fA-F:.]+)) Unable to start compression due to lack of memory resources$,There is not enough memory to perform the action.
722022,722022: *Group +(?:\<\s*)?(?<group>[^\>]+)(?:\s*\>)?\s+User\s+(?:\<\s*)?(?<user>[^\>\s]+)(?:\s*\>)?\s+IP\s+(?:\<\s*)?(?<src_ip>[^\s\>]+)(?:\s*\>)?\s+(?<transport>\S+)(?:\s+(?<signature>SVC))?\s+connection\s+(?<vendor_action>\S+),The TCP or UDP connection was established with or without compression.
722023,722023: *Group +(?:\<\s*)?(?<group>[^\>]+)(?:\s*\>)?\s+User\s+(?:\<\s*)?(?<user>[^\>\s]+)(?:\s*\>)?\s+IP\s*(?:\<\s*)?(?<dest_ip>[^\>\s]+)(?:\s*\>)?(?:\s+(?<transport>\S+))?\s+(?<signature>\S+)\s+connection\s+(?<vendor_action>\S+),The SVC terminated either with or without compression.
722026,722026: Group (?<group>\S+) User (?<user>\S+) IP (?<ip>(?:\[[^\]]+\]|(?:(?:25[0-5]|2[0-4]\d|1\d\d|[1-9]?\d)\.){3}(?:25[0-5]|2[0-4]\d|1\d\d|[1-9]?\d)|[0-9a-fA-F:.]+)) SVC compression history reset$,A compression error occurred. The SVC and the ASA corrected it.
722027,722027: Group (?<group>\S+) User (?<user>\S+) IP (?<ip>(?:\[[^\]]+\]|(?:(?:25[0-5]|2[0-4]\d|1\d\d|[1-9]?\d)\.){3}(?:25[0-5]|2[0-4]\d|1\d\d|[1-9]?\d)|[0-9a-fA-F:.]+)) SVC decompression history reset$,A decompression error occurred. The SVC and the ASA corrected it.
722028,722028: *Group +(?:\<\s*)?(?<group>[^\>]+)(?:\s*\>)?\s+User\s+(?:\<\s*)?(?<user>[^\>\s]+)(?:\s*\>)?\s+IP\s+(?:\<\s*)?(?<dest_ip>[^\>\s]+)(?:\s*\>)?\s+Stale\s+(?<signature>\S+)\s+connection\s+(?<vendor_action>\w+),An unused SVC connection was closed.
722035,722035: Group (?<group>\S+) User (?<user>\S+) IP (?<ip>(?:\[[^\]]+\]|(?:(?:25[0-5]|2[0-4]\d|1\d\d|[1-9]?\d)\.){3}(?:25[0-5]|2[0-4]\d|1\d\d|[1-9]?\d)|[0-9a-fA-F:.]+)) Received large packet (?<length>\S+) \(threshold (?<num>\S+)\)\.$,A large packet was received from the client.
722036,722036: *Group +(?:<\s*)?(?<group>[^\>]+)(?:\s*>)?\s+User\s+(?:<\s*)?(?<user>[^\>\s]+)(?:\s*>)?\s+IP\s+(?:<\s*)?(?<dest_ip>[^\>\s]+)(?:\s*>)?\s+Transmitting\s+large\s+packet\s+(?<bytes_out>\d+)\s*\(\s*threshold\s*(?<threshold>\d+)\s*\),A large packet was sent to the client. The source of the packet may not be aware of the MTU of the client. This could also be due to compression of non-compressible data.
722037,722037: *Group +(?:\<\s*)?(?<group>[^\>]+)(?:\s*\>)?\s+User\s+(?:\<\s*)?(?<user>[^\>\s]+)(?:\s*\>)?\s+IP\s+(?:\<\s*)?(?<dest_ip>[^\>\s]+)(?:\s*\>)?\s+(?<signature>\S+)\s+(?<vendor_action>\S+)\s+connection\s*:\s*(?<reason>.+?)[\s\.]*$,"An SVC connection was terminated for the given reason. This behavior may be normal, or you may be having trouble connecting."
722038,722038: Group (?<group>\S+) User (?<name>\S+) IP (?<user>\S+) SVC terminating session: (?<reason>\S+)\.$,"An SVC session was terminated for the given reason. This behavior may be normal, or you may be having trouble connecting."
722039,722039: Group (?<group>\S+) User (?<user>\S+) IP (?<ip>\S+) SVC 'vpn\-filter (?<acl>\S+)' is an IPv6 ACL; ACL not applied\.$,The type of ACL to be applied is incorrect. An IPv6 ACL has been configured as an IPv4 ACL through the vpn-filter command.
722040,722040: Group (?<group>\S+) User (?<user>\S+) IP (?<ip>\S+) SVC 'ipv6\-vpn\-filter (?<acl>\S+)' is an IPv4 ACL; ACL not applied\.$,The type of ACL to be applied is incorrect. An IPv4 ACL has been configured as an IPv6 ACL through the ipv6-vpn-filter command.
722041,722041:\s*TunnelGroup\s+(?:\<\s*)?(?<tunnel_group>[^\>\s]+)(?:\s*\>)?\s+GroupPolicy\s+(?:\<\s*)?(?<group_policy>[^\>]+)(?:\s*\>)?\s+User\s+(?:\<\s*)?(?<user>[^\>\s]+)(?:\s*\>)?\s+IP\s+(?:\<\s*)?(?<src_ip>[^\>\s]+)(?:\s*\>)?,An IPv6 address was not available for assignment to the remote SVC client.
722042,722042: Group (?<group>\S+) User (?<user>\S+) IP (?<ip>\S+) Invalid (?<cisco>\S+) SSL Tunneling Protocol version$,An invalid SVC or AnyConnect client is trying to connect.
722043,722043: Group (?<group>\S+) User (?<user>\S+) IP (?<ip>\S+) DTLS disabled: unable to negotiate cipher$,The DTLS (UDP transport) cannot be established. The SSL encryption configuration was probably changed.
722044,722044: Group (?<group>\S+) User (?<user>\S+) IP (?<ip>\S+) Unable to request IPv(?<ver>\S+) address for SSL tunnel$,An IP address cannot be requested because of low memory on the Secure Firewall ASA.
722046,722046: Group (?<group>\S+) User (?<user>\S+) IP (?<ip>\S+) Session terminated: Unable to establish tunnel$,The Secure Firewall ASA cannot set up connection parameters. This is a defect in the Secure Firewall ASA software.
722047,722047: Group (?<group>\S+) User (?<user>\S+) IP (?<ip>\S+) Tunnel terminated: SVC not enabled or invalid SVC image on the (?<asa>\S+)$,"The user logged in via the web browser and tried to start the SVC or AnyConnect client. The SVC service is not enabled globally, or the SVC image is invalid or corrupted. The tunnel connection has been terminated, but the clientless connection remains."
722048,722048: Group (?<group>\S+) User (?<user>\S+) IP (?<ip>\S+) Tunnel terminated: SVC not enabled for the (?<user_2>\S+)$,"The user logged in via the web browser, and tried to start the SVC or AnyConnect client. The SVC service is not enabled for this user. The tunnel connection has been terminated, but the clientless connection remains."
722049,722049: Group (?<group>\S+) User (?<user>\S+) IP (?<ip>\S+) Session terminated: SVC not enabled or invalid SVC image on the (?<asa>\S+)$,"The user logged in via the AnyConnect client. The SVC service is not enabled globally, or the SVC image is invalid or corrupted. The session connection has been terminated."
722050,722050: Group (?<group>\S+) User (?<user>\S+) IP (?<ip>\S+) Session terminated: SVC not enabled for the (?<user_2>\S+)$,The user logged in through the AnyConnect client. The SVC service is not enabled for this user. The session connection has been terminated.
722051,722051: *Group +(?:\<\s*)?(?<group>[^\>]+)(?:\>\s*)?\s+User\s+(?:\<\s*)?(?<user>[^\>\s]+)(?:\>\s*)?\s+IP\s+(?:\<\s*)?(?<src_ip>[^\>\s]+)(?:\>\s*)?\s+IPv4\s+[Aa]ddress\s+(?:\<\s*)?(?<assigned_ipv4>[^\>\s]+)(?:\>\s*)?\s+IPv6\s+[Aa]ddress\s+(?:\<\s*)?(?<assigned_ipv6>[^\>\s]+)(?:\>\s*)?\s+(?<vendor_action>\S+),The specified address has been assigned to the given user.
722054,722054: Group (?<group_policy>\S+) User (?<user>\S+) IP (?<remote_ip>\S+) SVC terminating connection: Failed to install Redirect URL: (?<redirect_url>\S+) Redirect ACL: (?<non_exist>\S+) for (?<assigned_ip>(?:\[[^\]]+\]|(?:(?:25[0-5]|2[0-4]\d|1\d\d|[1-9]?\d)\.){3}(?:25[0-5]|2[0-4]\d|1\d\d|[1-9]?\d)|[0-9a-fA-F:.]+))\.$,"An error occurred for an AnyConnect VPN connection when a redirect URL was installed, and the ACL was received from the ISE, but the redirect ACL does not exist on the Secure Firewall ASA."
722056,722056: Unsupported (?<anyconnect>\S+) client connection rejected from ip address\. Client info: (?<user>\S+)\-agent string\. Reason: reason$,This syslog indicates that an AnyConnect client connection is rejected. The reason for this is provided in the syslog along with the client information.
722057,722057: Group (?<italic_text>.+) User (?<user>\S+) IP (?<italic_text_2>.+) SVC terminating connection: Failed to bind SGT (?<tag>\S+) with assigned IP: (?<italic_text_3>.+)\.$,"When the device fails to bind a Security Group Tag (SGT) to the assigned IP address during remote access VPN authentication, this message is generated. The syslog message provides information that helps to identify when an SGT binding error occurs, along with specific user, group, and IP information, making it much easier to diagnose and resolve related issues."
723001,723001: Group (?<group_name>\S+) User (?<user>\S+) IP (?<ip>(?:\[[^\]]+\]|(?:(?:25[0-5]|2[0-4]\d|1\d\d|[1-9]?\d)\.){3}(?:25[0-5]|2[0-4]\d|1\d\d|[1-9]?\d)|[0-9a-fA-F:.]+)) (?<webvpn>\S+) Citrix ICA connection (?<connection>\S+) is up\.$,The Citrix connection is up.
723002,723002: Group (?<group_name>\S+) User (?<user>\S+) IP (?<ip>(?:\[[^\]]+\]|(?:(?:25[0-5]|2[0-4]\d|1\d\d|[1-9]?\d)\.){3}(?:25[0-5]|2[0-4]\d|1\d\d|[1-9]?\d)|[0-9a-fA-F:.]+)) (?<webvpn>\S+) Citrix ICA connection (?<connection>\S+) is down\.$,The Citrix connection is down.
723003,723003: No memory for (?<webvpn>\S+) Citrix ICA connection (?<connection>\S+)\.$,The Secure Firewall ASA is running out of memory. The Citrix connection was rejected.
723004,723004: (?<webvpn>\S+) Citrix encountered bad flow control (?<flow>\S+)\.$,"The Secure Firewall ASA encountered an internal flow control mismatch, which can be caused by massive data flow, such as might occur during stress testing or with a high volume of ICA connections."
723005,723005: No channel to set up (?<webvpn>\S+) Citrix ICA connection\.$,The Secure Firewall ASA was unable to create a new channel for Citrix.
723006,723006: (?<webvpn>\S+) Citrix SOCKS errors\.$,An internal Citrix SOCKS error has occurred on the Secure Firewall ASA.
723007,723007: (?<webvpn>\S+) Citrix ICA connection (?<connection>\S+) list is broken\.$,The Secure Firewall ASA internal Citrix connection list is broken.
723008,723008: (?<webvpn>\S+) Citrix ICA SOCKS Server (?<server>\S+) is invalid\.$,An attempt was made to access a Citrix Socks server that does not exist.
723009,723009: Group (?<group_name>\S+) User (?<user>\S+) IP (?<ip>(?:\[[^\]]+\]|(?:(?:25[0-5]|2[0-4]\d|1\d\d|[1-9]?\d)\.){3}(?:25[0-5]|2[0-4]\d|1\d\d|[1-9]?\d)|[0-9a-fA-F:.]+)) (?<webvpn>\S+) Citrix received data on invalid connection (?<connection>\S+)\.$,Data was received on a Citrix connection that does not exist.
723010,723010: Group (?<group_name>\S+) User (?<user>\S+) IP (?<ip>(?:\[[^\]]+\]|(?:(?:25[0-5]|2[0-4]\d|1\d\d|[1-9]?\d)\.){3}(?:25[0-5]|2[0-4]\d|1\d\d|[1-9]?\d)|[0-9a-fA-F:.]+)) (?<webvpn>\S+) Citrix received data on invalid connection (?<channel>\S+)\.$,"An abort was received on a nonexistent Citrix connection, which can be caused by massive data flow (such as stress testing) or a high volume of ICA connections, especially during network delay or packet loss."
723011,723011: Group (?<group_name>\S+) User (?<user>\S+) IP (?<ip>(?:\[[^\]]+\]|(?:(?:25[0-5]|2[0-4]\d|1\d\d|[1-9]?\d)\.){3}(?:25[0-5]|2[0-4]\d|1\d\d|[1-9]?\d)|[0-9a-fA-F:.]+)) (?<webvpn>\S+) Citrix received bad SOCKS (?<socks>\S+) message length (?<msg_length>\S+)\. Expected length is (?<exp_msg_length>\S+)\.$,The Citrix SOCKS message length is incorrect.
723012,723012: Group (?<group_name>\S+) User (?<user>\S+) IP (?<ip>(?:\[[^\]]+\]|(?:(?:25[0-5]|2[0-4]\d|1\d\d|[1-9]?\d)\.){3}(?:25[0-5]|2[0-4]\d|1\d\d|[1-9]?\d)|[0-9a-fA-F:.]+)) (?<webvpn>\S+) Citrix received bad SOCKS (?<socks>\S+) message format\.$,The Citrix SOCKS message format is incorrect.
723013,723013: (?<webvpn>\S+) Citrix encountered invalid connection (?<connection>\S+) during periodic timeout\.$,"The Secure Firewall ASA internal Citrix timer has expired, and the Citrix connection is invalid."
723014,723014: Group (?<group_name>\S+) User (?<user>\S+) IP (?<ip>(?:\[[^\]]+\]|(?:(?:25[0-5]|2[0-4]\d|1\d\d|[1-9]?\d)\.){3}(?:25[0-5]|2[0-4]\d|1\d\d|[1-9]?\d)|[0-9a-fA-F:.]+)) (?<webvpn>\S+) Citrix TCP connection (?<connection>\S+) to server (?<server>\S+) on channel (?<channel>\S+) initiated\.$,The Secure Firewall ASA internal Citrix Secure Gateway is connected to the Citrix server.
724001,724001: Group (?<group_name>\S+) User (?<user>\S+) IP (?<ip>(?:\[[^\]]+\]|(?:(?:25[0-5]|2[0-4]\d|1\d\d|[1-9]?\d)\.){3}(?:25[0-5]|2[0-4]\d|1\d\d|[1-9]?\d)|[0-9a-fA-F:.]+)) (?<webvpn>\S+) session not allowed\. Unable to determine if Secure Desktop software was running on the client's workstation\.$,The session was not allowed because an error occurred during processing of the CSD Host Integrity Check results on the Secure Firewall ASA.
724002,724002: Group (?<group_name>\S+) User (?<user>\S+) IP (?<ip>(?:\[[^\]]+\]|(?:(?:25[0-5]|2[0-4]\d|1\d\d|[1-9]?\d)\.){3}(?:25[0-5]|2[0-4]\d|1\d\d|[1-9]?\d)|[0-9a-fA-F:.]+)) (?<webvpn>\S+) session not terminated\. Secure Desktop was not running on the client's workstation\.$,CSD is not running on the client machine.
725001,725001:\s*(?<action>Starting)\s+SSL\s+handshake\s+with\s+(?<peer_type>\S+)\s+(?<src_interface>[^:\s]+):(?<src_ip>\S+)\/(?<src_port>\d+)(?: to (?<dest_ip>\S+)\/(?<dest_port>\d+))?\s+for\s+(?<protocol_version>\S+)\s+session\.?,"The SSL handshake has started with the remote device, which can be a client or server."
725004,725004: Device requesting certificate from SSL client (?<peer_type>\S+):(?<interface>\S+)/(?<src_ip>\S+) to (?<src_port>\S+)/(?<dst_ip>\S+) for authentication$,The Secure Firewall ASA has requested a client certificate for authentication.
725005,725005: SSL server (?<peer_type>\S+):(?<interface>\S+)/(?<src_ip>\S+) to (?<src_port>\S+)/(?<dst_ip>\S+) requesting our device certificate for authentication$,The server has requested the certificate of the Secure Firewall ASA for authentication.
725009,725009: Device proposes the following (?<n>\S+) cipher\(s\) to server (?<interface>\S+):(?<src_ip>\S+)/(?<src_port>\d+) to (?<dst_ip>(?:\[[^\]]+\]|(?:(?:25[0-5]|2[0-4]\d|1\d\d|[1-9]?\d)\.){3}(?:25[0-5]|2[0-4]\d|1\d\d|[1-9]?\d)|[0-9a-fA-F:.]+))/(?<dst_port>\d+)$,The number of ciphers proposed to the SSL server are listed.
725010,725010: *Device +supports +the +following +(?<supported_ciphers>\d+),The number of ciphers supported by the Secure Firewall ASA for an SSL session are listed.
725011,725011:?\s*Cipher\s*\[\s*(?<order>\d+) *\] *: *(?<cipher_name>.+),"Always following messages 725008, 725009, and 725010, this message indicates the cipher name and its order of preference."
725013,725013: SSL server (?<interface>\S+):(?<src_ip>\S+)/(?<src_port>\S+) to (?<dst_ip>\S+)/(?<dst_port>\S+) chooses cipher (?<cipher>\S+)$,The cipher that was chosen by the server for the SSL session is identified.
725015,725015: Error verifying client certificate\. Public key size in client certificate \((?<actual_key_size>\S+) bits\) exceeds the maximum supported key size of (?<ideal_key_size>\S+) bits$,The verification of an SSL client certificate failed because of an unsupported (large) key size.
725021,725021: Device preferring (?<cipher_suite>\S+) cipher\(s\)\. Connection info: (?<interface>\S+) :(?<src_ip>\S+) /(?<src_port>\S+) to (?<dst_ip>\S+) /(?<dst_port>\S+)$,The cipher suites being preferred when negotiating the handshake is listed in this message.
725022,725022: Device skipping cipher : (?<cipher>\S+) \- (?<reason>\S+)\. Connection info: (?<interface>\S+) :(?<src_ip>\S+) /(?<src_port>\S+) to (?<dst_ip>\S+) /(?<dst_port>\S+)$,This syslog displays the reason for skipping a particular cipher in a list of cipher suites when negotiating the handshake.
725025,725025: SSL Pre\-auth connection rate limit hit (?<s>\S+) watermark$,"When the device reaches the rate-limit threshold for the number of pre-authenticated SSL connections. This message appears when the number of pre-authenticated SSL connections is high (90% of the limit) or when it is low (70% of the limit). The syslog is rate-limited to one syslog for every 10 seconds. In this message, s denotes high or low of the threshold limit."
726001,726001: Inspected (?<im_protocol>\S+) (?<im_service>\S+) Session between Client (?<im_client_1>\S+) Packet flow from (?<im_client_2>\S+):/(?<src_interface>\S+)/(?<src_ip>(?:\[[^\]]+\]|(?:(?:25[0-5]|2[0-4]\d|1\d\d|[1-9]?\d)\.){3}(?:25[0-5]|2[0-4]\d|1\d\d|[1-9]?\d)|[0-9a-fA-F:.]+)) to (?<src_port>\d+):/(?<dst_interface>\S+)/(?<dst_ip>(?:\[[^\]]+\]|(?:(?:25[0-5]|2[0-4]\d|1\d\d|[1-9]?\d)\.){3}(?:25[0-5]|2[0-4]\d|1\d\d|[1-9]?\d)|[0-9a-fA-F:.]+)) Action: (?<dst_port>\d+) (?<action>\S+)$,An IM inspection was performed on an IM message and the specified criteria were satisfied. The configured action is taken.
730001,730001: Group <(?<groupname>\S+)> User <(?<user>\S+)> IP <(?<ipaddr>\S+)> VLAN Mapping to VLAN <(?<vlanid>\S+)>\.$,VLAN mapping succeeded.
730002,730002: Group <(?<groupname>\S+)> User <(?<user>\S+)> IP <(?<ipaddr>\S+)> VLAN Mapping to VLAN <(?<vlanid>\S+)> failed\.$,VLAN mapping failed.
730003,730003: IP (?<ipaddr>\S+) egress VLAN ID is set to (?<vlanid>\S+)\.$,ASA receives an SNMP set message from NACApp to set the new VLAN ID for the session.
730004,730004: Group (?<groupname>\S+) User (?<user>\S+) IP (?<ipaddr>\S+) VLAN ID (?<vlanid>\S+) from AAA ignored\.$,"The VLAN ID received from AAA is different from the current one in use, and it is ignored for the current session."
730005,730005: Group (?<dfltgrppolicy>\S+) User (?<user>\S+) IP (?<ip>\S+) VLAN ID (?<vlan_id>\S+) from AAA is invalid\.$,"A VLAN mapping error has occurred. A VLAN may be out of range, unassigned to any interfaces, or assigned to multiple interfaces."
730007,730007: Group (?<groupname>\S+) User (?<user>\S+) IP (?<ipaddr>\S+) changed VLAN to (?<vlan>\S+) ID (?<vlanid>\S+)\.$,"NACApp (Cisco NAC appliance) posture assessment is done with the session, the VLAN is changed from AUTH VLAN to a new VLAN."
730010,730010: Group (?<groupname>\S+) User (?<ph_1>\S+) IP (?<ipaddr>\S+) VLAN Mapping is enabled on VLAN (?<vlanid>\S+)\.$,VLAN mapping is enabled in the session.
733102,733102: Threat\-detection adds host (?<host>\S+) to shun list$,"A host has been shunned by the threat detection engine. When the threat-detection scanning-threat shun command is configured, the attacking hosts will be shunned by the threat detection engine."
733103,733103: Threat\-detection removes host (?<host>\S+) from shun list$,"A host has been shunned by the threat detection engine. When you use the clear-threat-detection shun command, the specified host will be removed from the shunned list."
733104,733104: TCP Intercept SYN flood attack detected to (?<host_ip>\S+)/(?<host_port>\S+) \((?<real_ip>\S+)/(?<real_port>\d+)\)\. Average rate of (?<avg_rate>\S+) SYNs/sec exceeded the threshold of (?<threshold_rate>\S+)\.$,"The Secure Firewall ASA is under Syn flood attack and protected by the TCP intercept mechanism, if the average rate for intercepted attacks exceeds the configured threshold. The message is showing which server is under attack and where the attacks are coming from."
733105,733105: TCP Intercept SYN flood attack detected to (?<host_ip>\S+)/(?<host_port>\S+) \((?<real_ip>\S+)/(?<real_port>\d+)\)\. Burst rate of (?<burst_rate>\S+) SYNs/sec exceeded the threshold of (?<threshold_rate>\S+)\.$,"The Secure Firewall ASA is under Syn flood attack and protected by the TCP intercept mechanism, if the burst rate for intercepted attacks exceeds the configured threshold. The message is showing which server is under attack and where the attacks are coming from."
734004,734004: DAP: Processing error: Code (?<internal>\S+)$,A DAP processing error occurred.
735001,735001: Cooling Fan (?<var1>\S+): OK$,A cooling fan has been restored to normal operation.
735002,735002: Cooling Fan (?<var1>\S+): Failure Detected$,A cooling fan has failed.
735003,735003: Power Supply (?<var1>\S+): OK$,A power supply has been restored to normal operation.
735004,735004: Power Supply (?<var1>\S+): Failure Detected$,"AC power has been lost, or the power supply has failed."
735011,735011: Power Supply (?<var1>\S+): Fan OK$,The power supply fan has returned to a working operating state.
735012,735012: Power Supply (?<var1>\S+): Fan Failure Detected$,The power supply fan has failed.
735013,735013: Voltage Channel (?<var1>\S+): Voltage OK$,A voltage channel has returned to a normal operating level.
735014,735014: Voltage Channel (?<var1>\S+): Voltage Critical$,A voltage channel has changed to a critical level.
735022,735022: CPU(?<num>\S+) is running beyond the max thermal operating temperature and the device will be shutting down immediately to prevent permanent damage to the CPU$,"The Secure Firewall ASA has detected a CPU running beyond the maximum thermal operating temperature, and will shut down immediately after detection."
735023,735023: (?<device>\S+) was previously shutdown due to the CPU complex running beyond the max thermal operating temperature\. The chassis needs to be inspected immediately for ventilation issues$,"At boot time, the Secure Firewall ASA detected a shutdown that occurred because a CPU was running beyond the maximum safe operating temperature. Using the show environment command will indicate that this event has occurred."
735024,735024: CPU(?<var1>\S+) Voltage Regulator is running beyond the max thermal operating temperature and the device will be shutting down immediately\. The chassis and CPU need to be inspected immediately for ventilation issues$,The IO hub temperature has returned to the normal operating temperature.
735025,735025: (?<var1>\S+) was previously shutdown due to a CPU Voltage Regulator running beyond the max thermal operating temperature\. The chassis and CPU need to be inspected immediately for ventilation issues$,The IO hub temperature has a critical temperature.
735027,735027: CPU (?<cpu_num>\S+) Voltage Regulator is running beyond the max thermal operating temperature and the device will be shutting down immediately\. The chassis and CPU need to be inspected immediately for ventilation issues\.$,"The Secure Firewall ASA has detected a CPU voltage regulator running beyond the maximum thermal operating temperature, and shuts down immediately after detection."
741000,741000: Coredump filesystem image created on (?<variable_1>\S+) \- size (?<variable_2>\S+) MB$,A core dump file system was successfully created. The file system is used to manage core dumps by capping the amount of disk space that core dumps may use.
741001,741001: Coredump filesystem image on (?<variable>\S+) \- resized from (?<variable_2>\S+) MB to (?<variable_3>\S+) MB$,The core dump file system has been successfully resized.
741002,741002: Coredump log and filesystem contents cleared on (?<variable_1>\S+)$,"All core dumps have been deleted from the core dump file system, and the core dump log has been cleared. The core dump file system and coredump log are always synchronized with each other."
741003,741003: Coredump filesystem and it's contents removed on (?<variable_1>\S+)$,"The core dump file system and its contents have been removed, and the core dump feature has been disabled."
741005,741005: Coredump operation '(?<variable_1>\S+)' failed with error (?<variable_2_variable_3>\S+)$,An error occurred during the performance of a core dump-related operation.
742005,742005: cipher text (?<enc_pass>\S+) is not compatible with the configured master key or the cipher text has been tampered$,"An attempt to decrypt a password failed. The password may have been encrypted using a primary key that is different from the current primary key, or the encrypted password has been changed from its original form."
742008,742008: password (?<enc_pass>\S+) decryption failed due to decoding error$,"Password decryption failed because of decoding errors, which may occur if the encrypted password has been modified after being encrypted."
742010,742010: encrypted password (?<enc_pass>\S+) is not well formed$,"The encrypted password provided in the command is not well formed. The password may not be a valid, encrypted password, or it may have been modified since it was encrypted."
743000,743000: The PCI device with vendor ID: (?<vendor_id>\S+) device ID: (?<device_id>\S+) located at bus:device\.function \(hex\) (?<bus_num>\S+):(?<dev_num>\S+)\.(?<func_num>\S+) has a link (?<link_attr_name>\S+) of (?<actual_link_attr_val>\S+) when it should have a link (?<link_attr_name_2>\S+) of (?<expected_link_attr_val>\S+)$,"A PCI device in the system is not configured correctly, which may result in the system not performing at its optimum level."
743004,743004: System is not fully operational \- The PCI device with vendor ID: (?<vendor_id>\S+) \((?<vendor_name>\S+)\) device ID: (?<device_id>\S+) \((?<device_name>\S+)\) could not be found in the system\.$,A PCI device in the system that is needed for it to be fully operational was not found.
743010,743010: EOBC RPC server failed to start for client module (?<client_name>\S+)\.$,The service failed to start for a particular client of the EOBC RPC service on the server.
746001,746001: (?<user_2>\S+)\-identity: (?<ph_0___to_ip_address_databases>\S+) started$,"A database (user groups, hostnames, or IP addresses) download has started."
746002,746002: (?<user_2>\S+)\-identity: (?<ph_0___to_ip_address_databases>\S+) complete$,"A database (user groups, hostnames, or IP addresses) download has completed."
746003,746003: (?<user_2>\S+)\-identity: (?<ph_0___to_ip_address_databases>\S+) failed \- (?<reason>\S+)$,"A database (user groups, hostnames, or IP addresses) download has failed because of a timeout."
746004,746004: (?<user>\S+)\-identity: Total number of activated (?<user_2>\S+) groups exceeds the maximum number of (?<max_groups>\S+) groups for this platform$,The total number of activated user groups exceeds the maximum number of 256 user groups for this platform.
746005,746005: (?<user>\S+)\-identity: The AD Agent (?<ad_agent_ip_address>\S+) cannot be reached \- (?<reason>\S+)(?<action>\S+)$,"The ASA cannot reach the AD agent. There has been no response from the AD agent, or the RADIUS registration failed because the buffer was too small."
746007,746007: (?<user_2>\S+)\-identity: (?<netbios>\S+) response failed from User (?<user>\S+) at (?<user_ip>\S+)$,No NetBIOS response was received for the number of retries made.
746008,746008: (?<user>\S+)\-identity: (?<netbios>\S+) Logout Probe Process started$,The NetBIOS process has started.
746009,746009: (?<user>\S+)\-identity: (?<netbios>\S+) Logout Probe Process stopped$,The NetBIOS process has stopped.
746010,746010: (?<user>\S+)\-identity: Update import\-(?<user_2>\S+) (?<domain_name>\S+) \- Import Failed (?<group_name>\S+)$,"Entering the user-identity update import-user username command failed to update a user element. Reasons for failure include the following: timeout, partial update, import aborted, group does not exist, or no reason given."
746011,746011: (?<user>\S+)\-identity: Total number of users created exceeds the maximum number of (?<max_users>\S+) for this platform$,The AD group has more than the hard-coded maximum number (64000) of levels. Too many users have been configured in the activated policy.
746017,746017: (?<user>\S+)\-identity: Update import\-(?<user_2>\S+) (?<domain_name>\S+) issued$,The user-identity update import-user command has been issued.
746018,746018: (?<user>\S+)\-identity: Update import\-(?<user_2>\S+) (?<domain_name>\S+) done$,"The user-identity update import-user command has been issued, and the import has been completed successfully."
746019,746019: (?<user>\S+)\-identity: (?<update>\S+) AD Agent (?<remove>\S+) IP\-(?<user_2>\S+) mapping (?<ad_agent_ip_address>\S+) \- (?<user_ip>\S+)\\(?<domain_name>\S+) failed$,The ASA failed to update or remove an IP-user mapping on the AD agent.
747004,747004: State machine changed from state (?<state_name>\S+) to (?<state_name_2>\S+)$,The cluster FSM has progressed to a new state.
747006,747006: State machine is at state (?<state_name>\S+)$,"The cluster FSM moved to a stable state; that is, Disabled, Slave, or Master."
747009,747009: Fatal error due to failure to creat RPC server for module (?<italic_text>.+)$,The Secure Firewall ASA failed to create an RPC server.
747011,747011: Memory allocation failure\. Failed to allocate (?<bytes>\S+)$,A memory allocation failure occurred in clustering.
747015,747015: Forcing stray member (?<unit_name>\S+) to leave the cluster$,A stray cluster member has been found.
747017,747017: Failed to enroll unit (?<unit_name>\S+) due to maximum member limit\[(?<limit_value>\S+)\] reached$,The Secure Firewall ASA failed to enroll a new unit because the maximum member limit has been reached.
747018,747018: State progression failed due to timeout in module (?<module_name>\S+)$,The cluster FSM progression has timed out.
747020,747020: New cluster member (?<unit_name>\S+) rejected due to encryption license mismatch$,The control unit found that a new joining unit has an incompatible encryption license.
747025,747025: New cluster member (?<unit_name>\S+) rejected due to firewall mode mismatch\.(?<reason>\S+)$,A control unit found a joining unit that has an incompatible firewall mode.
747027,747027: Failed to enroll unit (?<unit_name>\S+) due to insufficient size of cluster pool (?<pool_name>\S+)(?<context_name>\S+)$,A control unit could not enroll a joining unit because of the size limit of the minimal cluster pool configured.
747029,747029: Unit (?<unit_name>\S+) is quitting due to Cluster Control Link down\.$,A unit disabled clustering because of a cluster interface failure.
747030,747030: Asking data node (?<unit_name>\S+) to quit because it failed (?<interface>\S+) health check (?<x>\S+) times \(last failure on (?<interface_name>\S+)\)\. Clustering must be manually enabled on the unit to rejoin\.$,An interface health check has failed and the maximum number of rejoin attempts has been exceeded. A data unit has disabled clustering because of an interface health check failure.
747031,747031: Platform mismatch between cluster control node \((?<platform_type>\S+)\) and joining unit (?<unit_name>\S+) \((?<platform_type_2>\S+)\)\. (?<unit_name_2>\S+) aborting cluster join\.$,The joining unit's platform type does not match with that of the cluster control unit.
747032,747032: Service module mismatch between cluster control node \((?<module_name>\S+)\) and joining unit (?<unit_name>\S+) \((?<module_name_2>\S+)\) in slot (?<slot_number>\S+)\. (?<unit_name_2>\S+) aborting cluster join\.$,The joining unit's external modules are not consistent (module type and order in which they are installed) with those on the cluster control unit.
747033,747033: Interface mismatch between cluster control node and joining unit (?<unit_name>\S+)\. (?<unit_name_2>\S+) aborting cluster join\.$,The joining unit's interfaces are not the same as those on the cluster control unit.
747034,747034: Unit (?<unit_name>\S+) is quitting due to Cluster Control Link down \((?<number_times>\S+) times after last rejoin\)\. Rejoin will be attempted after (?<minutes>\S+) minutes\.$,Cluster Control Link down and the unit is kicked out with rejoin.
747035,747035: Unit (?<unit_name>\S+) is quitting due to Cluster Control Link down\. Clustering must be manually enabled on the unit to rejoin\.$,Cluster Control Link down and the unit is kicked out without rejoin.
747036,747036: Application software mismatch between cluster control node (?<italic_text>.+) \((?<italic_text_2>.+)\) and joining unit \((?<italic_text_3>.+)\)\. (?<italic_text_4>.+) aborting cluster join\.$,The applications on control unit and the joining data unit are not the same. Data unit will be kicked out.
747039,747039: Unit (?<unit_name>\S+) is quitting due to system failure for (?<num>\S+) time\(s\) \(last failure is (?<italic_text>.+)\)\. Rejoin will be attempted after (?<minutes>\S+) minutes\.$,"Clustering system failure, and the unit kicks itself out with rejoin"
747040,747040: Unit (?<unit_name>\S+) is quitting due to system failure for (?<num>\S+) time\(s\) \(last failure is (?<italic_text>.+)\)\. Clustering must be manually enabled on the unit to rejoin\.$,Clustering system failure and the unit kicks itself out without rejoin
747042,747042: Control node received the config hash string request message from an unknown member with id (?<cluster_member_id>\S+)$,Control unit received the config hash string request event.
747044,747044: Configuration Hash string verification (?<result>\S+)\.$,The result of configuration hash string comparison..
748001,748001: Blade (?<slot_number>\S+) in chassis (?<chassis_number>\S+) is leaving the cluster due to a chassis configuration change$,"A cluster control link has changed in the MIO, a cluster group has been removed in the MIO, or a blade module has been removed in the MIO configuration."
748003,748003: Module (?<slot_number>\S+) in chassis (?<chassis_number>\S+) is leaving the cluster due to a chassis health check failure$,"The blade cannot talk to the MIO, so it relies on the MIO to detect this communication problem and de-bundle the data ports. If data ports are de-bundled, the Secure Firewall ASA will be kicked out by an interface health check."
748004,748004: Module (?<slot_number>\S+) in chassis (?<chassis_number>\S+) is re\-joining the cluster due to a chassis health check recovery$,"The MIO blade health check has recovered, and the Secure Firewall ASA tries to rejoin the cluster."
748005,748005: Failed to bundle the ports for module (?<slot_number>\S+) in chassis (?<chassis_number>\S+); clustering is disabled$,The MIO failed to bundle the ports for itself.
748006,748006: Asking module (?<slot_number>\S+) in chassis (?<chassis_number>\S+) to leave the cluster due to a port bundling failure$,"The MIO failed to bundle ports for a blade, so the blade has been kicked out."
748007,748007: Failed to de\-bundle the ports for module (?<slot_number>\S+) in chassis (?<chassis_number>\S+); traffic may be black holed$,The MIO failed to de-bundle the ports.
748008,748008: \(\?:CPU\\\ load\\\ (?<percentage>\S+)%%\|memory\\\ load\\\ (?<percentage_2>\S+)%%\) of module (?<slot_number>\S+) in chassis (?<chassis_number>\S+) \((?<member_name>\S+)\) exceeds overflow protection threshold \(\?:CPU\\\ (?<percentage_3>\S+)%%\|Memory\\\ (?<percentage_4>\S+)%%\)\. System may be oversubscribed on member failure\.$,"The CPU load has exceeded (N-1)/N, where N is the total number of active cluster members, or the memory load has exceeded (100 – x) * (N – 1) / N + x, where N is the number of cluster members, and x is the baseline memory usage of the last joining member."
748009,748009: \(\?:CPU\\\ load\\\ (?<percentage>\S+)%%\|memory\\\ load\\\ (?<percentage_2>\S+)%%\) of chassis (?<chassis_number>\S+) exceeds overflow protection threshold \(\?:CPU\\\ (?<percentage_3>\S+)%%\|Memory\\\ (?<percentage_4>\S+)%%\)\. System may be oversubscribed on chassis failure\.$,The chassis traffic load exceeded a certain threshold.
748100,748100: (?<application_name>\S+) (?<application>\S+) status is changed from (?<status>\S+) to (?<status_2>\S+)$,Detect the application status change from one state to another. Application status change will trigger application health check mechanism.
748101,748101: Peer unit (?<unit_id>\S+) reported its (?<application_name>\S+) (?<application>\S+) status is (?<status>\S+)$,Peer unit reported application status change that will trigger application health check mechanism.
748201,748201: (?<italic_text>.+) (?<application>\S+) on module (?<italic_text_2>.+) in chassis (?<italic_text_3>.+) is (?<status>\S+)$,Status of the application in the service chain gets changed.
748202,748202: Module (?<module_id>\S+) in chassis (?<italic_text>.+) is leaving the cluster due to (?<italic_text_2>.+) (?<application_2>\S+) failure$,"Unit will be kicked out of cluster if the application such as vDP, fails."
748203,748203: Module (?<module_id>\S+) in chassis (?<italic_text>.+) is re\-joining the cluster due to a service chain (?<application>\S+) recovery$,"Unit automatically rejoins the cluster if the service chain application such as vDP, recovers."
750001,750001: Local:(?<italic_text>.+) :(?<italic_text_2>.+) Remote:(?<italic_text_3>.+) : (?<italic_text_4>.+) Username: (?<user>\S+) Received request to (?<request>\S+) an IPsec tunnel; local traffic selector = (?<italic_text_5>.+) ; remote traffic selector = (?<italic_text_6>.+)$,"A request is being made for an operation on the IPsec tunnel such as a rekey, a request to establish a connection, and so on."
750002,750002: Local:(?<src_ip>[0-9.]+):(?<src_port>\d+) Remote:(?<dest_ip>[0-9.]+):(?<dest_port>\d+) Username:(?<user>\S+) (?<reason>.*),An incoming tunnel or SA initiation request (IKE_INIT_SA request) has been received.
750003,750003: Local:(?<src_ip>[0-9.]+):(?<src_port>\d+) Remote:(?<dest_ip>[0-9.]+):(?<dest_port>\d+) Username:(?<user>\S+) Negotiation aborted due to ERROR: (?<reason>.*),The negotiation of an SA was aborted because of the provided error reason.
750004,750004: Local: (?<italic_text>.+) Remote: (?<italic_text_2>.+) Username: (?<user>\S+) Sending COOKIE challenge to throttle possible (?<dos>\S+)$,An incoming connection request was challenged with a cookie based on the cookie challenge thresholds that are configured to prevent a possible DoS attack.
750006,750006: Local: (?<italic_text>.+) Remote: (?<italic_text_2>.+) Username: (?<user>\S+) SA UP\. Reason: (?<reason>\S+)$,"An SA came up for the given reason, such as for a newly established connection or a rekey."
750007,750007: Local: (?<italic_text>.+) Remote: r(?<italic_text_2>.+) Username: (?<user>\S+) SA DOWN\. Reason: (?<reason>\S+)$,"An SA was torn down or deleted for the given reason, such as a request by the peer, operator request (via an administrator action), rekey, and so on."
750008,750008: Local: (?<italic_text>.+) Remote: (?<italic_text_2>.+) Username: (?<user>\S+) SA rejected due to system resource low$,An SA request was rejected to alleviate a low system resource condition.
750009,750009: Local: (?<italic_text>.+) Remote: (?<italic_text_2>.+) Username: (?<user>\S+) SA request rejected due to CAC limit reached: Rejection reason: (?<reason>\S+)$,"A Connection Admission Control (CAC) limiting threshold was reached, which caused the SA request to be rejected."
750010,750010: Local: (?<local_ip>\S+) Remote: (?<remote_ip>\S+) Username:(?<user>\S+) IKEv2 local throttle\-request queue depth threshold of (?<threshold>\S+) reached; increase the window size on peer (?<peer>\S+) for better performance$,"The Secure Firewall ASA overflowed its throttle request queue to the specified peer, indicating that the peer is slow. The throttle request queue holds requests destined for the peer, which cannot be sent immediately because the maximum number of requests allowed to be in-flight based on the IKEv2 window size were already in-flight. As in-flight requests are completed, requests are pulled off of the throttle request queue and sent to the peer. If the peer is not processing these requests quickly, the throttle queue backs up."
750011,750011: Tunnel Rejected: Selected IKEv2 encryption algorithm \((?<italic_text>.+) \) is not strong enough to secure proposed IPSEC encryption algorithm \((?<italic_text_2>.+) \)\.$,The tunnel was rejected because the selected IKEv2 encryption algorithm is not strong enough to secure the proposed IPSEC encryption algorithm.
750012,750012: Selected IKEv2 encryption algorithm \((?<italic_text>.+) \) is not strong enough to secure proposed IPSEC encryption algorithm \((?<italic_text_2>.+) \)\.$,The selected IKEv2 encryption algorithm is not strong enough to secure the proposed IPSEC encryption algorithm.
750013,750013: IKEv2 SA \(iSPI ISPI rRSP rSPI\) Peer Moved: Previous (?<prev_remote_ip>\S+):(?<prev_remote_port>\S+)/(?<prev_local_ip>\S+):(?<prev_local_port>\S+)\. Updated (?<new_remote_ip>\S+):(?<new_remote_port>\S+)/(?<new_local_ip>\S+):(?<new_local_port>\S+)$,"The new mobike feature allows peer IP to be changed without tearing down the tunnel. For example, a mobile device (smartphone) acquires new IP after connecting to a different network.The following list describes the message values:"
750015,750015: Local:(?<italic_text>.+):(?<italic_text_2>.+) Remote:(?<italic_text_3>.+):(?<italic_text_4>.+) Username:(?<italic_text_5>.+) deleting IPSec SA\. Reason: invalid SPI notification received for SPI 0x(?<spi>\S+); local traffic selector = Address Range: (?<italic_text_6>.+)\-(?<italic_text_7>.+) Protocol: (?<italic_text_8>.+) Port Range: (?<italic_text_9>.+)\-(?<italic_text_10>.+) ; remote traffic selector = Address Range: (?<italic_text_11>.+)\-(?<italic_text_12>.+) Protocol: (?<italic_text_13>.+) Port Range: (?<italic_text_14>.+)\-(?<italic_text_15>.+)$,"When an ESP packet gets dropped due to invalid SPI, an INFORMATIONAL exchange with the peer has been added. When peer receives this notification, the child SA causing INVALID_SPI scenario will be cleared, thereby sync the child SAs sooner and reducing the traffic loss. This IKEv2 syslog is introduced when the child SA gets cleared due to INVALID_SPI INFORMATIONAL exchange. The following describes the message values:"
750016,750016: Local:(?<localip_port>\S+) Remote:(?<remoteip_port>\S+) Username:(?<user>\S+) Need to send a DPD message to peer$,The device may have terminated a connection to the peer. Dead peer detection needs to be performed for the specified peer to determine if it is still alive. The following describes the message values:
751001,751001: Failed to complete Diffie\-Hellman operation\. Error: (?<error>\S+)\.$,"A failure to complete a Diffie-Hellman operation occurred, as indicated by the error."
751002,751002: No pre\-shared key or trustpoint configured for self in tunnel group (?<group>\S+)$,The Secure Firewall ASA was unable to find any type of authentication information in the tunnel group that it could use to authenticate itself to the peer.
751004,751004: No remote authentication method configured for peer in tunnel group (?<group>\S+)$,A method to authenticate the remote peer was not found in the configuration to allow the connection.
751006,751006: Certificate authentication failed\. Error: (?<error>\S+)$,A failure related to certificate authentication occurred.
751007,751007: Configured attribute not supported for IKEv2\. Attribute: (?<attribute>\S+)$,A configured attribute could not be applied to the IKE version 2 connection because it is not supported for IKE version 2 connections.
751010,751010: Local: (?<localip_port>\S+) Remote:(?<remoteip_port>\S+) Username: (?<ph_2___group>\S+) Unable to determine self\-authentication method\. No crypto map setting or tunnel group found\.$,A method for authenticating the Secure Firewall ASA to the peer could not be found in either the tunnel group or crypto map.
751011,751011: Failed (?<user>\S+) authentication\. Error: (?<error>\S+)$,A failure occurred during user authentication within EAP for an IKE version 2 remote access connection.
751012,751012: Failure occurred during Configuration Mode processing\. Error: (?<error>\S+)$,A failure occurred during configuration mode processing while settings were being applied to the connection.
751013,751013: Failed to process Configuration Payload request for attribute (?<attribute_id>\S+)\. Error: (?<error>\S+)$,The Configuration Payload request failed to process and generate a Configuration Payload response for an attribute that was requested by the peer.
751014,751014: Warning Configuration Payload request for attribute (?<attribute_id>\S+) could not be processed\. Error: (?<error>\S+)$,A warning occurred while processing a CP request to generate a CP response for a requested attribute.
751015,751015: SA request rejected by CAC\. Reason: (?<reason>\S+)$,The connection was rejected by the call admission control to protect the Secure Firewall ASA based on configured thresholds or conditions indicated by the reason listed.
751017,751017: Configuration Error: (?<error_description>\S+)\.$,An error in the configuration that prevented the connection has been detected.
751018,751018: Terminating the VPN connection attempt from (?<italic_text>.+)\.$,The tunnel group over which the connection is attempted is not the same as the tunnel group set in the group lock.
751019,751019: Failed to obtain an (?<licensetype>\S+) license\. Maximum license limit (?<limit>\S+) exceeded\.$,"A session creation failed because the maximum license limit was exceeded, which caused a failure to either initiate or respond to a tunnel request."
751020,751020: Local:%A:%u Remote:%A:%u Username:%s An %s remote access connection failed\. Attempting to use an NSA Suite B crypto algorithm \(%s\) without an (?<anyconnect>\S+) Premium license\.$,An IKEv2 remote access tunnel could not be created because the AnyConnect Premium license was applied but explicitly disabled with the anyconnect-essentials command in the webvpn configuration mode.
751021,751021: (?<italic_text>.+) with (?<variable_3>\S+) encryption is not supported with this version of the (?<anyconnect>\S+) Client\. Please upgrade to the latest Anyconnect Client\.$,An out-of-date AnyConnect client tried to connect to an Secure Firewall ASA that has IKEv2 with AES-GCM encryption policy configured.
751022,751022: Tunnel rejected: Crypto Map Policy not found for remote traffic selector (?<rem_ts_start>\S+)/(?<rem_ts_end>\S+)/(?<rem_ts_startport>\S+)/(?<rem_ts_endport>\S+)/(?<rem_ts_protocol>\S+) local traffic selector (?<local_ts_start>\S+)/(?<local_ts_end>\S+)/(?<local_ts_startport>\S+)/(?<local_ts_endport>\S+)/(?<local_ts_protocol>\S+)!$,The Secure Firewall ASA was not able to find security policy information for the private networks or hosts indicated in the message. These networks or hosts were sent by the initiator and do not match any crypto ACLs at the Secure Firewall ASA. This is most likely a misconfiguration.
751025,751025:\s*Local\s*:\s*(?:(?<dest_ip>(?:[\d+.]+|[0-9A-Za-f]*:[0-9A-Za-f]*:[0-9A-Za-f:]*))|(?<dest_host>\S+))\s*:\s*(?<dest_port>\d+)\s+Remote\s*:\s*(?:(?<src_ip>(?:[\d+.]+|[0-9A-Za-f]*:[0-9A-Za-f]*:[0-9A-Za-f:]*))|(?<src_host>\S+))\s*:\s*(?<src_port>\d+)\s+Username\s*:\s*(?<user>.+?(?=\s+Group))\s+Group\s*:\s*(?<group>.+)\s+IPv4\s+[Aa]ddress\s*=\s*(?<assigned_ipv4>\S+)\s+IPv6\s+[Aa]ddress\s*=\s*(?<assigned_ipv6>\S+)\s+(?<vendor_action>\S+),This message displays the assigned IP address information for the AnyConnect IKEv2 connection of the specified user.
751026,751026:\s*Local\s*:\s*(?:(?<dest_ip>(?:[\d+.]+|[0-9A-Za-f]*:[0-9A-Za-f]*:[0-9A-Za-f:]*))|(?<dest_host>\S+))\s*:\s*(?<dest_port>\d+)\s+Remote\s*:\s*(?:(?<src_ip>(?:[\d+.]+|[0-9A-Za-f]*:[0-9A-Za-f]*:[0-9A-Za-f:]*))|(?<src_host>\S+))\s*:\s*(?<src_port>\d+)\s+Username\s*:\s*(?<user>.+?(?=\s+IKEv2))\s+IKEv2\s+Client\s+OS\s*:\s*(?<client_os>.+?(?=\s+Client))\s+Client\s*:\s*(?<client_name>\S+)\s+(?<client_version>.+?)[\s\.]*$,The indicated user is attempting to connect with the shown operating system and client version.
751028,751028: Overriding configured keepalive values of threshold:(?<config_threshold>\S+)/retry:(?<config_retry>\S+) to threshold:(?<applied_threshold>\S+)/retry:(?<applied_retry>\S+)\.$,"When configured for distributed-site to site with clustering, the keepalive threshold and retry intervals should be increased to prevent overloading the system. If the configured values are below these required values, the required values will be applied. The following list describes the message values:"
752002,752002: Tunnel Manager Removed entry\. Map Tag = (?<maptag>\S+) \. Map Sequence Number = (?<mapseq>\S+) \.$,An entry to initiate a tunnel was successfully removed.
752003,752003: Tunnel Manager dispatching a KEY_ACQUIRE message to IKEv2\. Map Tag = (?<maptag>\S+) \. Map Sequence Number = (?<mapseq>\S+)$,An attempt is being made to initiate an IKEv2 tunnel that was based on the crypto map indicated.
752004,752004: Tunnel Manager dispatching a KEY_ACQUIRE message to IKEv1\. Map Tag = (?<maptag>\S+) \. Map Sequence Number = (?<mapseq>\S+)$,An attempt is being made to initiate an IKEv1 tunnel that was based on the crypto map indicated.
752005,752005: Tunnel Manager failed to dispatch a KEY_ACQUIRE message\. Memory may be low\. Map Tag = (?<maptag>\S+) \. Map Sequence Number = (?<mapseq>\S+)$,"An attempt to dispatch a tunnel initiation attempt failed because of an internal error, such as a memory allocation failure."
752006,752006: Tunnel Manager failed to dispatch a KEY_ACQUIRE message\. Probable mis\-configuration of the crypto map or tunnel\-group\. Map Tag = (?<tag>\S+) \. Map Sequence Number = (?<num>\S+) SRC Addr:(?<address>\S+) port(?<italic_text>.+) Dst Addr:(?<address_2>\S+) port:(?<port>\S+) \.$,An attempt to dispatch a tunnel initiation attempt failed because of a configuration error of the indicated crypto map or associated tunnel group.
752007,752007: Tunnel Manager failed to dispatch a KEY_ACQUIRE message\. Entry already in Tunnel Manager\. Map Tag = (?<maptag>\S+) \. Map Sequence Number = (?<mapseq>\S+)$,An attempt was made to re-add an existing entry into the tunnel manager.
752012,752012: IKEv (?<protocol>\S+) was unsuccessful at setting up a tunnel\. Map Tag = (?<maptag>\S+) \. Map Sequence Number = (?<mapseq>\S+) \.$,The indicated protocol failed to initiate a tunnel using the configured crypto map.
752013,752013: Tunnel Manager dispatching a KEY_ACQUIRE message to IKEv2 after a failed attempt\. Map Tag = (?<maptag>\S+) \. Map Sequence Number = (?<mapseq>\S+) \.$,The tunnel manager is attempting to initiate the tunnel again after it failed.
752014,752014: Tunnel Manager dispatching a KEY_ACQUIRE message to IKEv1 after a failed attempt\. Map Tag = (?<maptag>\S+) \. Map Sequence Number = (?<mapseq>\S+) \.$,The tunnel manager is falling back and attempting to initiate the tunnel using IKE version 1 after the tunnel failed.
752015,752015: Tunnel Manager has failed to establish an L2L SA\. All configured IKE versions failed to establish the tunnel\. Map Tag = (?<maptag>\S+) \. Map Sequence Number = (?<mapseq>\S+) \.$,An attempt to bring up an L2L tunnel to a peer failed after trying with all configured protocols.
752016,752016: IKEv (?<protocol>\S+) was successful at setting up a tunnel\. Map Tag = (?<maptag>\S+) \. Map Sequence Number = (?<mapseq>\S+)$,The indicated protocol (IKE version 1 or IKE version 2) successfully created an L2L tunnel.
753001,753001: Unexpected IKEv2 packet received from (?<ip>(?:\[[^\]]+\]|(?:(?:25[0-5]|2[0-4]\d|1\d\d|[1-9]?\d)\.){3}(?:25[0-5]|2[0-4]\d|1\d\d|[1-9]?\d)|[0-9a-fA-F:.]+)):(?<port>\S+)\. Error: (?<reason>\S+)$,This syslog is generated when an IKEv2 packet is received when the cluster is operating in Distributed VPN clustering mode and fails early consistency and/or error checks performed on it in the datapath.
767001,767001: (?<inspect_name>\S+) : Dropping an unsupported IPv6/IP46/IP64 packet from (?<interface>\S+) :(?<italic_text>.+) to (?<interface_2>\S+) :(?<italic_text_2>.+) \(fail\-close\)$,"A fail-close option was set for a service policy, and a particular inspect received an IPv6, IP64, or IP46 packet. Based on the fail-close option setting, this syslog message is generated and the packet is dropped."
769001,769001: UPDATE: (?<asa>\S+) image '(?<src>\S+)' was added to system boot list$,The system image has been updated. The name of a file previously downloaded onto the system has been added to the system boot list.
769002,769002: UPDATE: (?<asa>\S+) image '(?<src>\S+)' was copied to '(?<dest>\S+)'$,The system image has been updated. An image file has been copied onto the system.
769003,769003: UPDATE: (?<asa>\S+) image '(?<src>\S+)' was renamed to '(?<dest>\S+)'$,The system image has been updated. An existing image file has been renamed to an image file name in the system boot list.
769005,769005: UPDATE: (?<asa>\S+) image '(?<image_name>\S+)' passed verification$,This is a notification message indicating that the image passed verification.
769006,769006: UPDATE: (?<asa>\S+) boot system image '(?<image_name>\S+)' was not found on disk$,This is an error message indicating that the file configured in the boot system list could not be located on disk.
769007,769007: UPDATE: Image version is (?<version_number>\S+)$,This message appears when the device is upgraded.
769009,769009: UPDATE: Image booted (?<image_name>\S+) is different from boot images$,This is an error message appears after upgrading the device indicating that the file configured is different from the existing list of boot images.
770003,770003: (?<resource>\S+) resource allocation is less than the minimum requirement of (?<value>\S+)\.$,"The CPU or memory resource allocation to the Secure Firewall ASA virtual machine is less than the minimum requirement for this platform. If this condition persists, performance will be lower than normal."
772005,772005: REAUTH: (?<user_2>\S+) '(?<user>\S+)' passed authentication$,The user authenticated successfully after changing the password.
772006,772006: REAUTH: (?<user_2>\S+) '(?<user>\S+)' failed authentication$,"The user entered the wrong password while trying to change it. As a result, the password was not changed."
775001,775001: Scansafe: (?<protocol>\S+) connection (?<conn_id>\d+) from (?<interface_name>\S+):(?<real_ip>(?:\[[^\]]+\]|(?:(?:25[0-5]|2[0-4]\d|1\d\d|[1-9]?\d)\.){3}(?:25[0-5]|2[0-4]\d|1\d\d|[1-9]?\d)|[0-9a-fA-F:.]+))/(?<real_port>\d+) \((?<idfw_user>\S+)\) to (?<interface_name_2>\S+):(?<real_ip_2>(?:\[[^\]]+\]|(?:(?:25[0-5]|2[0-4]\d|1\d\d|[1-9]?\d)\.){3}(?:25[0-5]|2[0-4]\d|1\d\d|[1-9]?\d)|[0-9a-fA-F:.]+))/(?<real_port_2>\d+) redirected to (?<server_interface_name>\S+):(?<server_ip_address>\S+)$,"A ScanSafe server is configured, and traffic matches a policy that has been configured to redirect the connection to the ScanSafe server for content scanning and other malware protection services."
775002,775002: Scansafe: (?<reason>\S+) \- (?<protocol>\S+) connection (?<conn_id>\d+) from (?<interface_name>\S+):(?<real_ip>(?:\[[^\]]+\]|(?:(?:25[0-5]|2[0-4]\d|1\d\d|[1-9]?\d)\.){3}(?:25[0-5]|2[0-4]\d|1\d\d|[1-9]?\d)|[0-9a-fA-F:.]+))/(?<real_port>\d+) \((?<idfw_user>\S+)\) to (?<interface_name_2>\S+):(?<real_ip_2>(?:\[[^\]]+\]|(?:(?:25[0-5]|2[0-4]\d|1\d\d|[1-9]?\d)\.){3}(?:25[0-5]|2[0-4]\d|1\d\d|[1-9]?\d)|[0-9a-fA-F:.]+))/(?<real_port_2>\d+) is (?<action>\S+) locally$,"If the source IP address and port of the new ScanSafe redirected connection matches the existing connection, then the ASA drops the new connection and this syslog message is generated."
775003,775003: Scansafe: (?<protocol>\S+) connection (?<conn_id>\d+) from (?<interface_name>\S+):(?<real_ip>(?:\[[^\]]+\]|(?:(?:25[0-5]|2[0-4]\d|1\d\d|[1-9]?\d)\.){3}(?:25[0-5]|2[0-4]\d|1\d\d|[1-9]?\d)|[0-9a-fA-F:.]+))/(?<real_port>\d+) \((?<idfw_user>\S+)\) to (?<interface_name_2>\S+):(?<real_ip_2>(?:\[[^\]]+\]|(?:(?:25[0-5]|2[0-4]\d|1\d\d|[1-9]?\d)\.){3}(?:25[0-5]|2[0-4]\d|1\d\d|[1-9]?\d)|[0-9a-fA-F:.]+))/(?<real_port_2>\d+) is whitelisted$,"The traffic has been matched and does not need to be redirected to the ScanSafe server for content scanning, but can be sent directly to the intended web server."
775004,775004: Scansafe: Primary server (?<server_name>\S+):(?<ip>(?:\[[^\]]+\]|(?:(?:25[0-5]|2[0-4]\d|1\d\d|[1-9]?\d)\.){3}(?:25[0-5]|2[0-4]\d|1\d\d|[1-9]?\d)|[0-9a-fA-F:.]+)) is unreachable$,The primary ScanSafe server is not reachable on either of the configured HTTP or HTTPS ports.
775005,775005: Scansafe: Primary server (?<server_name>\S+):(?<ip>(?:\[[^\]]+\]|(?:(?:25[0-5]|2[0-4]\d|1\d\d|[1-9]?\d)\.){3}(?:25[0-5]|2[0-4]\d|1\d\d|[1-9]?\d)|[0-9a-fA-F:.]+)) is now reachable$,The primary ScanSafe server is reachable on both of the configured HTTP and HTTPS ports.
775006,775006: Scansafe: Reachable backup server (?<interface>\S+):(?<ip>(?:\[[^\]]+\]|(?:(?:25[0-5]|2[0-4]\d|1\d\d|[1-9]?\d)\.){3}(?:25[0-5]|2[0-4]\d|1\d\d|[1-9]?\d)|[0-9a-fA-F:.]+)) is now active$,"If the primary ScanSafe server becomes unreachable, the ASA checks the connectivity to the configured backup ScanSafe server; if the backup server is reachable, it becomes the active server."
776001,776001: CTS SXP: Configured source IP (?<italic_text>.+) (?<error>\S+)\.\\n$,An error occurred while using this configured source IP address to set up an SXP connection.
776002,776002: CTS SXP: Configured source IP (?<italic_text>.+) (?<error>\S+)\.\\n$,An error occurred while parsing an SXP message.
776003,776003: CTS SXP: Configured source IP (?<italic_text>.+) (?<error>\S+)\.\\n$,An SXP configuration error occurred. The connection cannot be set up correctly.
776005,776005: CTS SXP: Configured source IP (?<italic_text>.+) (?<sgt>\S+)\.\\n$,An SXP binding update error has occurred.
776006,776006: CTS SXP: Internal error: (?<error>\S+)$,The CTS SXP system encountered an internal failure.
776007,776007: CTS SXP: Configured source IP (?<italic_text>.+) (?<italic_text_2>.+)\.\\n$,"The CTS SXP system encountered an internal failure, because the SXP connection with the specified instance number changed its state to off."
776008,776008: CTS SXP: Configured source IP (?<italic_text>.+) (?<italic_text_2>.+)\.\\n$,The SXP connection with the specified instance number changed state.
776010,776010: CTS SXP: SXP default source IP is changed (?<italic_text>.+) \-\-> (?<italic_text_2>.+)\.$,The SXP default source IP address has been changed on this device.
776011,776011: CTS SXP: (?<italic_text>.+)$,The SXP feature has changed operational state and works only when the feature is enabled.
776012,776012: CTS SXP: Configured source IP (?<italic_text>.+) (?<italic_text_2>.+)\.\\n$,The specified SXP timer started.
776013,776013: CTS SXP: Configured source IP (?<italic_text>.+) (?<italic_text_2>.+)\.\\n$,The specified SXP timer stopped.
776014,776014: CTS SXP: Configured source IP (?<action>\S+) (?<italic_text>.+)\.\\n$,The SXP received a binding forwarding request. The request comes from the binding manager when it wants SXP to broadcast the latest net binding changes within the binding manager.
776015,776015: CTS SXP: Configured source IP (?<italic_text>.+) (?<sgname>\S+)\.\\n$,The SXP forwarded binding to the peer.
776016,776016: CTS SXP: Configured source IP (?<sgname>\S+) (?<sgt>\S+)\.\\n$,Binding changed in the SXP database.
776017,776017: CTS SXP: Configured source IP (?<sgname>\S+) (?<italic_text>.+)\.\\n$,Binding was deleted in the SXP database.
776018,776018: CTS SXP: Configured source IP (?<sgname>\S+) (?<italic_text>.+)\.\\n$,Binding was aded in the SXP database.
776019,776019: CTS SXP: Configured source IP (?<italic_text>.+) (?<sgname>\S+)\.\\n$,The SXP updated the binding manager with the binding change.
776020,776020: CTS SXP: Unable to locate egress (?<interface>\S+) to peer (?<italic_text>.+)\.$,The ASA cannot locate the egress interface to the SXP peer.
776251,776251: CTS SGT\-MAP: Binding (?<italic_text>.+)\->(?<sgname>\S+) from (?<sgt>\S+) added to binding manager\.$,Binding from the specified source was added to the binding manager.
776252,776252: CTS SGT\-MAP: Binding (?<italic_text>.+)\->(?<sgname>\S+) from (?<sgt>\S+) deleted from binding manager\.$,Binding from the specified source was deleted from the binding manager. Binding from the specified source was added to the binding manager.
776253,776253: CTS SGT\-MAP: Binding (?<italic_text>.+)\->(?<new>\S+) from (?<sgname>\S+) changed from old sgt: (?<sgt>\S+) from old source(?<italic_text_2>.+)$,A particular IP to SGT binding has changed in the binding manager.
776254,776254: CTS SGT\-MAP: Binding manager unable to (?<action>\S+) binding (?<italic_text>.+)\->(?<sgname>\S+) from (?<sgt>\S+)\.$,"The binding manager cannot insert, delete, or update the binding"
776302,776302: CTS Policy: Unknown security\-group tag (?<sgt>\S+) referenced in policies$,"The security group tag referenced in the policy was unknown and the lookup in the security group table failed. However, the policy referencing the tag can still be enforced."
776309,776309: CTS Policy: Previously known security\-group tag (?<sgt>\S+) is now unknown$,"In the newly downloaded security group table on the ASA, a previously known security group tag no longer exists. There is no change in policy status, and the policy can still be enforced."
778001,778001: VXLAN: Packet was discarded with invalid segment\-id (?<segment_id>\S+) for (?<protocol>\S+) from (?<ifc_name>\S+):(?<ip>(?:\[[^\]]+\]|(?:(?:25[0-5]|2[0-4]\d|1\d\d|[1-9]?\d)\.){3}(?:25[0-5]|2[0-4]\d|1\d\d|[1-9]?\d)|[0-9a-fA-F:.]+))/(?<port>\S+) to (?<ip_2>(?:\[[^\]]+\]|(?:(?:25[0-5]|2[0-4]\d|1\d\d|[1-9]?\d)\.){3}(?:25[0-5]|2[0-4]\d|1\d\d|[1-9]?\d)|[0-9a-fA-F:.]+))/(?<port_2>\S+)$,"The Secure Firewall ASA tries to create an inner connection for a VXLAN packet, but the VXLAN packet has an invalid segment ID."
778002,778002: VXLAN: There is no VNI (?<interface>\S+) for segment\-id\. Packet was discarded (?<segment_id>\S+)$,"A decapsulated ingress VXLAN packet is discarded, because the segment ID in the VXLAN header does not match the segment ID of any VNI interface configured on the Secure Firewall ASA."
778003,778003: VXLAN: Invalid VXLAN segment\-id (?<segment_id>\S+) for (?<protocol>\S+) from (?<ifc_name>\S+) :\(IP\-address/port\) to (?<ifc_name_2>\S+) :\(IP\-address/port\) in FP\.$,The Secure Firewall ASA Fast Path sees a VXLAN packet with an invalid segment ID.
778004,778004: VXLAN: Invalid VXLAN header for (?<protocol>\S+) from (?<ifc_name>\S+) :\(IP\-address/port\) to (?<ifc_name_2>\S+) :\(IP\-address/port\) in FP\.$,The Secure Firewall ASA VTEP sees a VXLAN packet with an invalid VXLAN header.
778005,778005: VXLAN: Packet with VXLAN segment\-id (?<segment_id>\S+) from (?<ifc_name>\S+) is denied by FP L2 check\.$,A VXLAN packet is denied by a Fast Path L2 check.
778006,778006: VXLAN: Invalid VXLAN UDP checksum from (?<ifc_name>\S+) :\(IP\-address/port\) to (?<ifc_name_2>\S+) :\(IP\-address/port\) in FP\.$,The Secure Firewall ASA VTEP received a VXLAN packet with an invalid UDP checksum value.
778007,778007: VXLAN: Packet from (?<ifc_name>\S+) :IP\-address/port to IP\-address/port was discarded due to invalid NVE peer\.$,The Secure Firewall ASA VTEP received a VXLAN packet from an IP address that is different from the configured NVE peer.
778008,778008: VXLAN: There is no VNI (?<interface>\S+) for segment\-id\. Packet was discarded$,The packet was discarded.
779001,779001: STS: Out\-tag lookup failed for in\-tag (?<segment_id>\S+) of (?<protocol>\S+) from (?<ifc_name>\S+) :(?<ip_address>\S+) /(?<port>\S+) to (?<ip_address_2>\S+) /(?<port_2>\S+) \.$,"The Secure Firewall ASA tries to create a connection for a VXLAN packet, but failed to use the STS lookup table to locate the out-tag for the in-tag (segment ID) in the VXLAN packet."
779003,779003: STS: Failed to read tag\-switching table \- (?<reason>\S+)$,"The Secure Firewall ASA tried to read the tag-switching table, but failed."
779004,779004: STS: Failed to write tag\-switching table \- (?<reason>\S+)$,"The Secure Firewall ASA tried to write to the tag-switching table, but failed."
779005,779005: STS: Failed to parse tag\-switching request from http \- (?<reason>\S+)$,"The Secure Firewall ASA tried to parse the HTTP request to see what to do on the tag-switching table, but failed."
779006,779006: STS: Failed to save tag\-switching table to flash \- (?<reason>\S+)$,"The Secure Firewall ASA tried to save the tag-switching table to flash memory, but failed."
779007,779007: STS: Failed to replicate tag\-switching table to peer \- (?<reason>\S+)$,"The Secure Firewall ASA attempts to replicate the tag-switching table to the failover standby unit or clustering data units, but failed to do so."
780001,780001: RULE ENGINE: Started compilation for access\-group transaction \- (?<italic_text>.+)\.$,The rule engine has started compilation for an access group transaction. The description of the transaction is the command line input of the access group itself.
780002,780002: RULE ENGINE: Finished compilation for access\-group transaction \- (?<italic_text>.+)\.$,"The rule engine has finished compilation for a transaction. Taking access group as an example, the description of the transaction is the command line input of the access group itself."
780003,780003: RULE ENGINE: Started compilation for nat transaction \- (?<description_of_the_transaction>\S+)\.$,The rule engine has started compilation for a NAT transaction. The description of the transaction is the command line input of the nat command itself.
780004,780004: RULE ENGINE: Finished compilation for nat transaction \- (?<description_of_the_transaction>\S+)\.$,The rule engine has finished compilation for a NAT transaction. The description of the transaction is the command line input of the nat command itself.
785001,785001: Clustering: Ownership for existing flow from (?<in_interface>\S+):(?<src_ip>(?:\[[^\]]+\]|(?:(?:25[0-5]|2[0-4]\d|1\d\d|[1-9]?\d)\.){3}(?:25[0-5]|2[0-4]\d|1\d\d|[1-9]?\d)|[0-9a-fA-F:.]+))/(?<src_port>\d+) to (?<out_interface>\S+):(?<dst_ip>(?:\[[^\]]+\]|(?:(?:25[0-5]|2[0-4]\d|1\d\d|[1-9]?\d)\.){3}(?:25[0-5]|2[0-4]\d|1\d\d|[1-9]?\d)|[0-9a-fA-F:.]+))/(?<dst_port>\d+) moved from unit (?<old_owner_unit_id>\S+) at site (?<old_site_id>\S+) to unit (?<new_owner_unit_id>\S+) at site (?<old_site_id_2>\S+) due to (?<reason>\S+)$,"This syslog is generated when clustering moved the flow from one unit in one site to another unit in another site in inter-DC environment. Reason must be whatever triggered the move, such as LISP notification."
801001,801001: Dropping UDP from (?<address>\S+)/(?<port>\S+) to (?<address_2>\S+)/(?<port_2>\S+) on (?<interface>\S+) (?<interface_name>\S+)\.$,Dropping UDP.
801002,801002: Dropping TCP from (?<address>\S+)/(?<port>\S+) to (?<address_2>\S+)/(?<port_2>\S+) flags on (?<interface>\S+) (?<interface_name>\S+)$,Dropping TCP.
802005,802005: IP (?<ip>(?:\[[^\]]+\]|(?:(?:25[0-5]|2[0-4]\d|1\d\d|[1-9]?\d)\.){3}(?:25[0-5]|2[0-4]\d|1\d\d|[1-9]?\d)|[0-9a-fA-F:.]+)) Received MDM request (?<details>\S+)$,A new MDM request has been received while the MDM proxy service is active.
802006,802006: IP (?<ip>(?:\[[^\]]+\]|(?:(?:25[0-5]|2[0-4]\d|1\d\d|[1-9]?\d)\.){3}(?:25[0-5]|2[0-4]\d|1\d\d|[1-9]?\d)|[0-9a-fA-F:.]+)) MDM request details has been rejected: (?<details>\S+)$,An MDM request has been rejected by the device.
805001,805001: Offloaded (?<conn>\S+) Flow for connection (?<conn_id>\d+) from (?<outside_ifc>\S+):(?<dst_ip>(?:\[[^\]]+\]|(?:(?:25[0-5]|2[0-4]\d|1\d\d|[1-9]?\d)\.){3}(?:25[0-5]|2[0-4]\d|1\d\d|[1-9]?\d)|[0-9a-fA-F:.]+))/(?<dst_port>\d+) \((?<mapped_ip>(?:\[[^\]]+\]|(?:(?:25[0-5]|2[0-4]\d|1\d\d|[1-9]?\d)\.){3}(?:25[0-5]|2[0-4]\d|1\d\d|[1-9]?\d)|[0-9a-fA-F:.]+))/(?<mapped_port>\d+)\) to (?<inside_ifc>\S+):(?<src_ip>(?:\[[^\]]+\]|(?:(?:25[0-5]|2[0-4]\d|1\d\d|[1-9]?\d)\.){3}(?:25[0-5]|2[0-4]\d|1\d\d|[1-9]?\d)|[0-9a-fA-F:.]+))/(?<src_port>\d+) \((?<mapped_ip_2>(?:\[[^\]]+\]|(?:(?:25[0-5]|2[0-4]\d|1\d\d|[1-9]?\d)\.){3}(?:25[0-5]|2[0-4]\d|1\d\d|[1-9]?\d)|[0-9a-fA-F:.]+))/(?<mapped_port_2>\d+)\)$,Indicates flow is offloaded to the super-fast path.
805002,805002: (?<conn>\S+) Flow is no longer offloaded for connection (?<conn_id>\d+) from (?<outside_ifc>\S+):(?<dst_ip>(?:\[[^\]]+\]|(?:(?:25[0-5]|2[0-4]\d|1\d\d|[1-9]?\d)\.){3}(?:25[0-5]|2[0-4]\d|1\d\d|[1-9]?\d)|[0-9a-fA-F:.]+))/(?<dst_port>\d+) \((?<mapped_ip>(?:\[[^\]]+\]|(?:(?:25[0-5]|2[0-4]\d|1\d\d|[1-9]?\d)\.){3}(?:25[0-5]|2[0-4]\d|1\d\d|[1-9]?\d)|[0-9a-fA-F:.]+))/(?<mapped_port>\d+)\) to (?<inside_ifc>\S+):(?<src_ip>(?:\[[^\]]+\]|(?:(?:25[0-5]|2[0-4]\d|1\d\d|[1-9]?\d)\.){3}(?:25[0-5]|2[0-4]\d|1\d\d|[1-9]?\d)|[0-9a-fA-F:.]+))/(?<src_port>\d+) \((?<mapped_ip_2>(?:\[[^\]]+\]|(?:(?:25[0-5]|2[0-4]\d|1\d\d|[1-9]?\d)\.){3}(?:25[0-5]|2[0-4]\d|1\d\d|[1-9]?\d)|[0-9a-fA-F:.]+))/(?<mapped_port_2>\d+)\)$,Indicates flow offloading is disabled on a flow which was offloaded to the super-fast path.
805003,805003: (?<tcp>\S+) Flow could not be offloaded for connection (?<conn_id>\d+) from (?<outside_ifc>\S+):(?<dst_ip>(?:\[[^\]]+\]|(?:(?:25[0-5]|2[0-4]\d|1\d\d|[1-9]?\d)\.){3}(?:25[0-5]|2[0-4]\d|1\d\d|[1-9]?\d)|[0-9a-fA-F:.]+))/(?<dst_port>\d+) \((?<mapped_ip>(?:\[[^\]]+\]|(?:(?:25[0-5]|2[0-4]\d|1\d\d|[1-9]?\d)\.){3}(?:25[0-5]|2[0-4]\d|1\d\d|[1-9]?\d)|[0-9a-fA-F:.]+))/(?<mapped_port>\d+)\) to (?<inside_ifc>\S+):(?<src_ip>(?:\[[^\]]+\]|(?:(?:25[0-5]|2[0-4]\d|1\d\d|[1-9]?\d)\.){3}(?:25[0-5]|2[0-4]\d|1\d\d|[1-9]?\d)|[0-9a-fA-F:.]+))/(?<src_port>\d+) \((?<mapped_ip_2>(?:\[[^\]]+\]|(?:(?:25[0-5]|2[0-4]\d|1\d\d|[1-9]?\d)\.){3}(?:25[0-5]|2[0-4]\d|1\d\d|[1-9]?\d)|[0-9a-fA-F:.]+))/(?<mapped_port_2>\d+)\) (?<reason>\S+)$,"Indicates flow could not be offloaded. For example, due to flow entry collision on the offload flow table."
806001,806001: Primary alarm CPU temperature is High (?<temp>\S+)$,The CPU has reached temperature over primary alarm temperature setting for high temperature and such alarm is enabled.
806003,806003: Primary alarm CPU temperature is Low (?<temp>\S+)$,The CPU has reached temperature under primary alarm temperature setting for low temperature and such alarm is enabled.
806005,806005: Secondary alarm CPU temperature is High (?<temp>\S+)$,The CPU has reached temperature over secondary alarm temperature setting for high temperature and such alarm is enabled.
806007,806007: Secondary alarm CPU temperature is Low (?<temp>\S+)$,The CPU has reached temperature under secondary alarm temperature setting for low temperature and such alarm is enabled.
806009,806009: Alarm asserted for ALARM_IN_1 (?<description>\S+)$,Alarm input port 1 is triggered.
806010,806010: Alarm cleared for ALARM_IN_1 (?<description>\S+)$,Alarm input port 1 is cleared.
806011,806011: Alarm asserted for ALARM_IN_2 (?<description>\S+)$,Alarm input port 2 is triggered.
806012,806012: Alarm cleared for ALARM_IN_2 (?<description>\S+)$,Alarm input port 2 is cleared.
812005,812005: Link\-State\-Propagation activated on inline\-pair due to failure of (?<interface>\S+) (?<interface_name>\S+) bringing down pair (?<interface_2>\S+) (?<interface_name_2>\S+)$,This message is generated when the link state propagation is activated on the inline pair due to failure of an interface.
812006,812006: Link\-State\-Propagation de\-activated on inline\-pair due to recovery of (?<interface>\S+) (?<interface_name>\S+) bringing up pair (?<interface_2>\S+) (?<interface_name_2>\S+)$,This message is generated when the link state propagation is deactivated on the inline pair due to recovery of failed interface.
812007,812007: Inline\-set hardware\-bypass mode configuration (?<status>\S+)$,This message is generated when the state (succeeded or failed) of hardware and software bypass modes for the IPS inline interfaces changes.
815003,815003: Object\-Group\-Search threshold exceeded (?<italic_text>.+) threshold \(10000\) for packet UDP from (?<italic_text_2>.+) to (?<italic_text_3>.+)$,"When object-group-search threshold is not configured in ASA, and if any OGS search crosses 10000 limit, packets are dropped and this message is generated."
815004,815004: OGS: Packet (?<protocol>\S+) from (?<italic_text>.+) to (?<italic_text_2>.+) matched (?<italic_text_3>.+) source network objects and (?<italic_text_4>.+) destination network objects total search entries (?<italic_text_5>.+)\. Resultant key\-set has (?<italic_text_6>.+) entries$,This message is generated to provide a detailed information on the object group search entries:
850002,850002: SNORT ID \((?<snort_instance_id>\S+)/(?<snort_process_id>\S+)\) Automatic\-Application\-Bypass due to SNORT not responding to traffic for (?<timeout_delay>\S+)ms \(threshold (?<aab_threshold>\S+)ms\)$,The Automatic-Application-Bypass (AAB) event is triggered due to SNORT not responding to traffics for a period exceeding the AAB threshold.
861001,861001: AVC: Creating AVC app directory (?<directory_name>\S+) failed; (?<reason_string>.+)\.$,The system could not create a directory for the AVC data.
861002,861002: AVC: Downloading file from link (?<link>\S+) to directory (?<directory_name>\S+) succeeded\.$,The VDB download succeeded.
861003,861003: AVC: Downloading file from link (?<link>\S+) to directory (?<directory_name>\S+) failed; (?<reason_string>.+)\.$,The VDB download failed because there was no route to the server.
861004,861004: AVC: Getting VDB version from file (?<file>\S+) failed; (?<reason_string>.+)\.$,The system downloads a version file to determine if there is a new VDB available for download. This file could not be found on the download server. The version file is likely corrupted and cannot extract the version number from the file.
861005,861005: AVC: Getting VDB file path from file (?<file>\S+) failed; (?<reason_string>.+)\.$,The system could not find the path to the VDB for download.
861006,861006: AVC: Getting VDB file name from file (?<file>\S+) failed; (?<reason_string>.+)\.$,The system could not find the VDB file name.
861007,861007: AVC: Loading network service \(app\) definition file \((?<file>\S+)\) failed; (?<reason_string>.+)\.$,The system could not create network-service objects for the applications.
861008,861008: AVC Loading network service \(app\) definition file \((?<file>\S+)\) success\.$,The system successfully created network-service objects for the applications.
861009,861009: AVC: Loading app category definition file (?<file>\S+) failed; (?<reason_string>.+)\.$,The system could not open the application category definition file.
861010,861010: AVC: Loading app category definition file warning; (?<reason_string>.+)\.$,"The system could not find any application for the named category. If you are using this category in a policy, re-evaluate your rules and perhaps delete them, as they will not apply to any connections that use the application ID that is specified in the application category. The application likely has been obsoleted."
861011,861011: AVC: Loading app category definition file (?<file>\S+) success\.$,The system successfully loaded the application category definition file.
861012,861012: AVC: Installing visibility NSG failed; (?<error_string>.+?)\.$,"The system could not create the application visibility network-service object group named _avc_visibility_nsg_, or there are errors adding member applications to the visibility NSG. The ‘error_string’ shows more detail about the error."
880002,880002: Internal\-Data no\-buffer counter stats: (?<italic_text>.+)$,The firewall monitors the Internal-Data 'no buffer' counters every one minute. This message is generated whenever there is an increase in the 'no buffer' counters. Following are the counter stats details: